資料名稱,小韻號,字頭,轉號,韻圖韻,韻圖母位置,韻圖等,韻圖母,音韻地位
韻鏡（永祿本）,1,籠,1,東,舌齒音第一位,來,一,來一東平
韻鏡（永祿本）,2,洪,1,東,喉音第三位,匣,一,匣一東平
韻鏡（永祿本）,3,烘,1,東,喉音第二位,曉,一,曉一東平
韻鏡（永祿本）,4,翁,1,東,喉音第一位,影,一,影一東平
韻鏡（永祿本）,5,𣞷,1,東,齒音第四位,心,一,心一東平
韻鏡（永祿本）,6,叢,1,東,齒音第三位,從,一,從一東平
韻鏡（永祿本）,7,悤,1,東,齒音第二位,清,一,清一東平
韻鏡（永祿本）,8,葼,1,東,齒音第一位,精,一,精一東平
韻鏡（永祿本）,9,㟅,1,東,牙音第四位,疑,一,疑一東平
韻鏡（永祿本）,10,空,1,東,牙音第二位,溪,一,溪一東平
韻鏡（永祿本）,11,公,1,東,牙音第一位,見,一,見一東平
韻鏡（永祿本）,12,同,1,東,舌音第三位,定,一,定一東平
韻鏡（永祿本）,13,通,1,東,舌音第二位,透,一,透一東平
韻鏡（永祿本）,14,東,1,東,舌音第一位,端,一,端一東平
韻鏡（永祿本）,15,蒙,1,東,脣音第四位,明,一,明一東平
韻鏡（永祿本）,16,蓬,1,東,脣音第三位,並,一,並一東平
韻鏡（永祿本）,17,崇,1,東,齒音第三位,牀,二,從三東平
韻鏡（永祿本）,18,戎,1,東,舌齒音第二位,日,三,日三東平
韻鏡（永祿本）,19,隆,1,東,舌齒音第一位,來,三,來三東平
韻鏡（永祿本）,20,肜,1,東,喉音第四位,喻,三,云三東平
韻鏡（永祿本）,21,雄,1,東,喉音第三位,匣,三,匣三東平
韻鏡（永祿本）,22,充,1,東,齒音第二位,穿,三,昌三東平
韻鏡（永祿本）,23,終,1,東,齒音第一位,照,三,章三東平
韻鏡（永祿本）,24,𧲤,1,東,牙音第四位,疑,三,疑三東平
韻鏡（永祿本）,25,窮,1,東,牙音第三位,羣,三,羣三東平
韻鏡（永祿本）,26,穹,1,東,牙音第二位,溪,三,溪三東平
韻鏡（永祿本）,27,弓,1,東,牙音第一位,見,三,見三東平
韻鏡（永祿本）,28,蟲,1,東,舌音第三位,澄,三,澄三東平
韻鏡（永祿本）,29,忡,1,東,舌音第二位,徹,三,徹三東平
韻鏡（永祿本）,30,中,1,東,舌音第一位,知,三,知三東平
韻鏡（永祿本）,31,瞢,1,東,脣音第四位,微,三,明三東平
韻鏡（永祿本）,32,馮,1,東,脣音第三位,奉,三,並三東平
韻鏡（永祿本）,33,豐,1,東,脣音第二位,敷,三,滂三東平
韻鏡（永祿本）,34,風,1,東,脣音第一位,非,三,幫三東平
韻鏡（永祿本）,35,融,1,東,喉音第四位,喻,四,以三東平
韻鏡（永祿本）,36,嵩,1,東,齒音第四位,心,四,心三東平
韻鏡（永祿本）,37,䏊,1,董,舌齒音第一位,來,一,來一東上
韻鏡（永祿本）,38,𢦅,1,董,喉音第三位,匣,一,匣一東上
韻鏡（永祿本）,39,嗊,1,董,喉音第二位,曉,一,曉一東上
韻鏡（永祿本）,40,蓊,1,董,喉音第一位,影,一,影一東上
韻鏡（永祿本）,41,㪌,1,董,齒音第四位,心,一,心一東上
韻鏡（永祿本）,42,總,1,董,齒音第一位,精,一,精一東上
韻鏡（永祿本）,43,孔,1,董,牙音第二位,溪,一,溪一東上
韻鏡（永祿本）,44,𨑊,1,董,舌音第四位,泥,一,泥一東上
韻鏡（永祿本）,45,動,1,董,舌音第三位,定,一,定一東上
韻鏡（永祿本）,46,桶,1,董,舌音第二位,透,一,透一東上
韻鏡（永祿本）,47,董,1,董,舌音第一位,端,一,端一東上
韻鏡（永祿本）,48,蠓,1,董,脣音第四位,明,一,明一東上
韻鏡（永祿本）,49,菶,1,董,脣音第三位,並,一,並一東上
韻鏡（永祿本）,50,琫,1,董,脣音第一位,幫,一,幫一東上
韻鏡（永祿本）,51,弄,1,送,舌齒音第一位,來,一,來一東去
韻鏡（永祿本）,52,閧,1,送,喉音第三位,匣,一,匣一東去
韻鏡（永祿本）,53,烘,1,送,喉音第二位,曉,一,曉一東去
韻鏡（永祿本）,54,甕,1,送,喉音第一位,影,一,影一東去
韻鏡（永祿本）,55,送,1,送,齒音第四位,心,一,心一東去
韻鏡（永祿本）,56,𣀒,1,送,齒音第三位,從,一,從一東去
韻鏡（永祿本）,57,謥,1,送,齒音第二位,清,一,清一東去
韻鏡（永祿本）,58,糉,1,送,齒音第一位,精,一,精一東去
韻鏡（永祿本）,59,控,1,送,牙音第二位,溪,一,溪一東去
韻鏡（永祿本）,60,貢,1,送,牙音第一位,見,一,見一東去
韻鏡（永祿本）,61,齈,1,送,舌音第四位,泥,一,泥一東去
韻鏡（永祿本）,62,洞,1,送,舌音第三位,定,一,定一東去
韻鏡（永祿本）,63,痛,1,送,舌音第二位,透,一,透一東去
韻鏡（永祿本）,64,凍,1,送,舌音第一位,端,一,端一東去
韻鏡（永祿本）,65,夢,1,送,脣音第四位,明,一,明一東去
韻鏡（永祿本）,66,摓,1,送,脣音第三位,並,一,並一東去
韻鏡（永祿本）,67,㓽,1,送,齒音第三位,牀,二,從三東去
韻鏡（永祿本）,68,𧽒,1,送,喉音第二位,曉,三,曉三東去
韻鏡（永祿本）,69,銃,1,送,齒音第二位,穿,三,昌三東去
韻鏡（永祿本）,70,眾,1,送,齒音第一位,照,三,章三東去
韻鏡（永祿本）,71,焪,1,送,牙音第二位,溪,三,溪三東去
韻鏡（永祿本）,72,仲,1,送,舌音第三位,澄,三,澄三東去
韻鏡（永祿本）,73,中,1,送,舌音第一位,知,三,知三東去
韻鏡（永祿本）,74,𢄐,1,送,脣音第四位,微,三,明三東去
韻鏡（永祿本）,75,鳳,1,送,脣音第三位,奉,三,並三東去
韻鏡（永祿本）,76,賵,1,送,脣音第二位,敷,三,滂三東去
韻鏡（永祿本）,77,諷,1,送,脣音第一位,非,三,幫三東去
韻鏡（永祿本）,78,趥,1,送,齒音第二位,清,四,清三東去
韻鏡（永祿本）,79,祿,1,屋,舌齒音第一位,來,一,來一東入
韻鏡（永祿本）,80,縠,1,屋,喉音第三位,匣,一,匣一東入
韻鏡（永祿本）,81,熇,1,屋,喉音第二位,曉,一,曉一東入
韻鏡（永祿本）,82,屋,1,屋,喉音第一位,影,一,影一東入
韻鏡（永祿本）,83,速,1,屋,齒音第四位,心,一,心一東入
韻鏡（永祿本）,84,族,1,屋,齒音第三位,從,一,從一東入
韻鏡（永祿本）,85,瘯,1,屋,齒音第二位,清,一,清一東入
韻鏡（永祿本）,86,鏃,1,屋,齒音第一位,精,一,精一東入
韻鏡（永祿本）,87,哭,1,屋,牙音第二位,溪,一,溪一東入
韻鏡（永祿本）,88,穀,1,屋,牙音第一位,見,一,見一東入
韻鏡（永祿本）,89,獨,1,屋,舌音第三位,定,一,定一東入
韻鏡（永祿本）,90,禿,1,屋,舌音第二位,透,一,透一東入
韻鏡（永祿本）,91,豰,1,屋,舌音第一位,端,一,端一東入
韻鏡（永祿本）,92,木,1,屋,脣音第四位,明,一,明一東入
韻鏡（永祿本）,93,暴,1,屋,脣音第三位,並,一,並一東入
韻鏡（永祿本）,94,扑,1,屋,脣音第二位,滂,一,滂一東入
韻鏡（永祿本）,95,卜,1,屋,脣音第一位,幫,一,幫一東入
韻鏡（永祿本）,96,縮,1,屋,齒音第四位,審,二,生三東入
韻鏡（永祿本）,97,珿,1,屋,齒音第二位,穿,二,初三東入
韻鏡（永祿本）,98,縬,1,屋,齒音第一位,照,二,莊三東入
韻鏡（永祿本）,99,肉,1,屋,舌齒音第二位,日,三,日三東入
韻鏡（永祿本）,100,六,1,屋,舌齒音第一位,來,三,來三東入
韻鏡（永祿本）,101,囿,1,屋,喉音第四位,喻,三,云三東入
韻鏡（永祿本）,102,蓄,1,屋,喉音第二位,曉,三,曉三東入
韻鏡（永祿本）,103,郁,1,屋,喉音第一位,影,三,影三東入
韻鏡（永祿本）,104,塾,1,屋,齒音第五位,禪,三,船三東入
韻鏡（永祿本）,105,叔,1,屋,齒音第四位,審,三,書三東入
韻鏡（永祿本）,106,俶,1,屋,齒音第二位,穿,三,昌三東入
韻鏡（永祿本）,107,粥,1,屋,齒音第一位,照,三,章三東入
韻鏡（永祿本）,108,砡,1,屋,牙音第四位,疑,三,疑三東入
韻鏡（永祿本）,109,驧,1,屋,牙音第三位,羣,三,羣三東入
韻鏡（永祿本）,110,麴,1,屋,牙音第二位,溪,三,溪三東入
韻鏡（永祿本）,111,菊,1,屋,牙音第一位,見,三,見三東入
韻鏡（永祿本）,112,朒,1,屋,舌音第四位,孃,三,孃三東入
韻鏡（永祿本）,113,逐,1,屋,舌音第三位,澄,三,澄三東入
韻鏡（永祿本）,114,蓄,1,屋,舌音第二位,徹,三,徹三東入
韻鏡（永祿本）,115,竹,1,屋,舌音第一位,知,三,知三東入
韻鏡（永祿本）,116,目,1,屋,脣音第四位,微,三,明三東入
韻鏡（永祿本）,117,伏,1,屋,脣音第三位,奉,三,並三東入
韻鏡（永祿本）,118,蝮,1,屋,脣音第二位,敷,三,滂三東入
韻鏡（永祿本）,119,福,1,屋,脣音第一位,非,三,幫三東入
韻鏡（永祿本）,120,育,1,屋,喉音第四位,喻,四,以三東入
韻鏡（永祿本）,121,肅,1,屋,齒音第四位,心,四,心三東入
韻鏡（永祿本）,122,𣤶,1,屋,齒音第三位,從,四,從三東入
韻鏡（永祿本）,123,鼀,1,屋,齒音第二位,清,四,清三東入
韻鏡（永祿本）,124,蹙,1,屋,齒音第一位,精,四,精三東入
韻鏡（永祿本）,125,䃧,2,冬,舌齒音第一位,來,一,來冬平
韻鏡（永祿本）,126,䃔,2,冬,喉音第三位,匣,一,匣冬平
韻鏡（永祿本）,127,鬆,2,冬,齒音第四位,心,一,心冬平
韻鏡（永祿本）,128,賨,2,冬,齒音第三位,從,一,從冬平
韻鏡（永祿本）,129,驄,2,冬,齒音第二位,清,一,清冬平
韻鏡（永祿本）,130,宗,2,冬,齒音第一位,精,一,精冬平
韻鏡（永祿本）,131,攻,2,冬,牙音第一位,見,一,見冬平
韻鏡（永祿本）,132,農,2,冬,舌音第四位,泥,一,泥冬平
韻鏡（永祿本）,133,彤,2,冬,舌音第三位,定,一,定冬平
韻鏡（永祿本）,134,炵,2,冬,舌音第二位,透,一,透冬平
韻鏡（永祿本）,135,冬,2,冬,舌音第一位,端,一,端冬平
韻鏡（永祿本）,136,茸,2,鍾,舌齒音第二位,日,三,日鍾平
韻鏡（永祿本）,137,龍,2,鍾,舌齒音第一位,來,三,來鍾平
韻鏡（永祿本）,138,容,2,鍾,喉音第四位,喻,三,云鍾平
韻鏡（永祿本）,139,匈,2,鍾,喉音第二位,曉,三,曉鍾平
韻鏡（永祿本）,140,邕,2,鍾,喉音第一位,影,三,影鍾平
韻鏡（永祿本）,141,鱅,2,鍾,齒音第五位,禪,三,船鍾平
韻鏡（永祿本）,142,舂,2,鍾,齒音第四位,審,三,書鍾平
韻鏡（永祿本）,143,𧘂,2,鍾,齒音第二位,穿,三,昌鍾平
韻鏡（永祿本）,144,鍾,2,鍾,齒音第一位,照,三,章鍾平
韻鏡（永祿本）,145,顒,2,鍾,牙音第四位,疑,三,疑鍾平
韻鏡（永祿本）,146,蛩,2,鍾,牙音第三位,羣,三,羣鍾平
韻鏡（永祿本）,147,銎,2,鍾,牙音第二位,溪,三,溪鍾平
韻鏡（永祿本）,148,恭,2,鍾,牙音第一位,見,三,見鍾平
韻鏡（永祿本）,149,醲,2,鍾,舌音第四位,孃,三,孃鍾平
韻鏡（永祿本）,150,重,2,鍾,舌音第三位,澄,三,澄鍾平
韻鏡（永祿本）,151,傭,2,鍾,舌音第二位,徹,三,徹鍾平
韻鏡（永祿本）,152,逢,2,鍾,脣音第三位,奉,三,並鍾平
韻鏡（永祿本）,153,峯,2,鍾,脣音第二位,敷,三,滂鍾平
韻鏡（永祿本）,154,封,2,鍾,脣音第一位,非,三,幫鍾平
韻鏡（永祿本）,155,庸,2,鍾,喉音第四位,喻,四,以鍾平
韻鏡（永祿本）,156,松,2,鍾,齒音第五位,邪,四,邪鍾平
韻鏡（永祿本）,157,蜙,2,鍾,齒音第四位,心,四,心鍾平
韻鏡（永祿本）,158,從,2,鍾,齒音第三位,從,四,從鍾平
韻鏡（永祿本）,159,樅,2,鍾,齒音第二位,清,四,清鍾平
韻鏡（永祿本）,160,縱,2,鍾,齒音第一位,精,四,精鍾平
韻鏡（永祿本）,161,宂,2,腫,舌齒音第二位,日,三,日鍾上
韻鏡（永祿本）,162,隴,2,腫,舌齒音第一位,來,三,來鍾上
韻鏡（永祿本）,163,擁,2,腫,喉音第一位,影,三,影鍾上
韻鏡（永祿本）,164,尰,2,腫,齒音第五位,禪,三,船鍾上
韻鏡（永祿本）,165,𨿿,2,腫,齒音第二位,穿,三,昌鍾上
韻鏡（永祿本）,166,腫,2,腫,齒音第一位,照,三,章鍾上
韻鏡（永祿本）,167,拲,2,腫,牙音第三位,羣,三,羣鍾上
韻鏡（永祿本）,168,恐,2,腫,牙音第二位,溪,三,溪鍾上
韻鏡（永祿本）,169,拱,2,腫,牙音第一位,見,三,見鍾上
韻鏡（永祿本）,170,重,2,腫,舌音第三位,澄,三,澄鍾上
韻鏡（永祿本）,171,寵,2,腫,舌音第二位,徹,三,徹鍾上
韻鏡（永祿本）,172,冢,2,腫,舌音第一位,知,三,知鍾上
韻鏡（永祿本）,173,奉,2,腫,脣音第三位,奉,三,並鍾上
韻鏡（永祿本）,174,捧,2,腫,脣音第二位,敷,三,滂鍾上
韻鏡（永祿本）,175,覂,2,腫,脣音第一位,非,三,幫鍾上
韻鏡（永祿本）,176,甬,2,腫,喉音第四位,喻,四,以鍾上
韻鏡（永祿本）,177,悚,2,腫,齒音第四位,心,四,心鍾上
韻鏡（永祿本）,178,𢛒,2,腫,齒音第二位,清,四,清鍾上
韻鏡（永祿本）,179,䙕,2,腫,齒音第一位,精,四,精鍾上
韻鏡（永祿本）,180,䃔,2,宋,喉音第三位,匣,一,匣冬去
韻鏡（永祿本）,181,宋,2,宋,齒音第四位,心,一,心冬去
韻鏡（永祿本）,182,綜,2,宋,齒音第一位,精,一,精冬去
韻鏡（永祿本）,183,統,2,宋,舌音第二位,透,一,透冬去
韻鏡（永祿本）,184,湩,2,宋,舌音第一位,端,一,端冬去
韻鏡（永祿本）,185,雺,2,宋,脣音第四位,明,一,明冬去
韻鏡（永祿本）,186,䩸,2,用,舌齒音第二位,日,三,日鍾去
韻鏡（永祿本）,187,贚,2,用,舌齒音第一位,來,三,來鍾去
韻鏡（永祿本）,188,種,2,用,齒音第一位,照,三,章鍾去
韻鏡（永祿本）,189,共,2,用,牙音第三位,羣,三,羣鍾去
韻鏡（永祿本）,190,恐,2,用,牙音第二位,溪,三,溪鍾去
韻鏡（永祿本）,191,供,2,用,牙音第一位,見,三,見鍾去
韻鏡（永祿本）,192,𢫨,2,用,舌音第四位,孃,三,孃鍾去
韻鏡（永祿本）,193,重,2,用,舌音第三位,澄,三,澄鍾去
韻鏡（永祿本）,194,蹱,2,用,舌音第二位,徹,三,徹鍾去
韻鏡（永祿本）,195,俸,2,用,脣音第三位,奉,三,並鍾去
韻鏡（永祿本）,196,葑,2,用,脣音第一位,非,三,幫鍾去
韻鏡（永祿本）,197,用,2,用,喉音第四位,喻,四,以鍾去
韻鏡（永祿本）,198,頌,2,用,齒音第五位,邪,四,邪鍾去
韻鏡（永祿本）,199,從,2,用,齒音第三位,從,四,從鍾去
韻鏡（永祿本）,200,縱,2,用,齒音第一位,精,四,精鍾去
韻鏡（永祿本）,201,濼,2,沃,舌齒音第一位,來,一,來冬入
韻鏡（永祿本）,202,鵠,2,沃,喉音第三位,匣,一,匣冬入
韻鏡（永祿本）,203,熇,2,沃,喉音第二位,曉,一,曉冬入
韻鏡（永祿本）,204,沃,2,沃,喉音第一位,影,一,影冬入
韻鏡（永祿本）,205,洬,2,沃,齒音第四位,心,一,心冬入
韻鏡（永祿本）,206,傶,2,沃,齒音第一位,精,一,精冬入
韻鏡（永祿本）,207,𤛹,2,沃,牙音第四位,疑,一,疑冬入
韻鏡（永祿本）,208,酷,2,沃,牙音第二位,溪,一,溪冬入
韻鏡（永祿本）,209,梏,2,沃,牙音第一位,見,一,見冬入
韻鏡（永祿本）,210,褥,2,沃,舌音第四位,泥,一,泥冬入
韻鏡（永祿本）,211,毒,2,沃,舌音第三位,定,一,定冬入
韻鏡（永祿本）,212,篤,2,沃,舌音第一位,端,一,端冬入
韻鏡（永祿本）,213,瑁,2,沃,脣音第四位,明,一,明冬入
韻鏡（永祿本）,214,僕,2,沃,脣音第三位,並,一,並冬入
韻鏡（永祿本）,215,蓴,2,沃,脣音第二位,滂,一,滂冬入
韻鏡（永祿本）,216,襮,2,沃,脣音第一位,幫,一,幫冬入
韻鏡（永祿本）,217,𤉐,2,燭,齒音第三位,牀,二,從鍾入
韻鏡（永祿本）,218,㑛,2,燭,齒音第二位,穿,二,初鍾入
韻鏡（永祿本）,219,辱,2,燭,舌齒音第二位,日,三,日鍾入
韻鏡（永祿本）,220,錄,2,燭,舌齒音第一位,來,三,來鍾入
韻鏡（永祿本）,221,欲,2,燭,喉音第四位,喻,三,云鍾入
韻鏡（永祿本）,222,旭,2,燭,喉音第二位,曉,三,曉鍾入
韻鏡（永祿本）,223,郁,2,燭,喉音第一位,影,三,影鍾入
韻鏡（永祿本）,224,蜀,2,燭,齒音第五位,禪,三,船鍾入
韻鏡（永祿本）,225,束,2,燭,齒音第四位,審,三,書鍾入
韻鏡（永祿本）,226,贖,2,燭,齒音第三位,牀,三,常鍾入
韻鏡（永祿本）,227,觸,2,燭,齒音第二位,穿,三,昌鍾入
韻鏡（永祿本）,228,燭,2,燭,齒音第一位,照,三,章鍾入
韻鏡（永祿本）,229,玉,2,燭,牙音第四位,疑,三,疑鍾入
韻鏡（永祿本）,230,局,2,燭,牙音第三位,羣,三,羣鍾入
韻鏡（永祿本）,231,曲,2,燭,牙音第二位,溪,三,溪鍾入
韻鏡（永祿本）,232,輂,2,燭,牙音第一位,見,三,見鍾入
韻鏡（永祿本）,233,躅,2,燭,舌音第三位,澄,三,澄鍾入
韻鏡（永祿本）,234,梀,2,燭,舌音第二位,徹,三,徹鍾入
韻鏡（永祿本）,235,瘃,2,燭,舌音第一位,知,三,知鍾入
韻鏡（永祿本）,236,媦,2,燭,脣音第四位,微,三,明鍾入
韻鏡（永祿本）,237,幞,2,燭,脣音第三位,奉,三,並鍾入
韻鏡（永祿本）,238,䪁,2,燭,脣音第一位,非,三,幫鍾入
韻鏡（永祿本）,239,續,2,燭,齒音第五位,邪,四,邪鍾入
韻鏡（永祿本）,240,粟,2,燭,齒音第四位,心,四,心鍾入
韻鏡（永祿本）,241,促,2,燭,齒音第二位,清,四,清鍾入
韻鏡（永祿本）,242,足,2,燭,齒音第一位,精,四,精鍾入
韻鏡（永祿本）,243,瀧,3,江,舌齒音第一位,來,二,來江平
韻鏡（永祿本）,244,降,3,江,喉音第三位,匣,二,匣江平
韻鏡（永祿本）,245,肛,3,江,喉音第二位,曉,二,曉江平
韻鏡（永祿本）,246,胦,3,江,喉音第一位,影,二,影江平
韻鏡（永祿本）,247,雙,3,江,齒音第四位,審,二,生江平
韻鏡（永祿本）,248,淙,3,江,齒音第三位,牀,二,從江平
韻鏡（永祿本）,249,牕,3,江,齒音第二位,穿,二,初江平
韻鏡（永祿本）,250,㟅,3,江,牙音第四位,疑,二,疑江平
韻鏡（永祿本）,251,腔,3,江,牙音第二位,溪,二,溪江平
韻鏡（永祿本）,252,江,3,江,牙音第一位,見,二,見江平
韻鏡（永祿本）,253,𦗳,3,江,舌音第四位,孃,二,孃江平
韻鏡（永祿本）,254,幢,3,江,舌音第三位,澄,二,澄江平
韻鏡（永祿本）,255,憃,3,江,舌音第二位,徹,二,徹江平
韻鏡（永祿本）,256,樁,3,江,舌音第一位,知,二,知江平
韻鏡（永祿本）,257,厖,3,江,脣音第四位,明,二,明江平
韻鏡（永祿本）,258,龐,3,江,脣音第三位,並,二,並江平
韻鏡（永祿本）,259,胮,3,江,脣音第二位,滂,二,滂江平
韻鏡（永祿本）,260,邦,3,江,脣音第一位,幫,二,幫江平
韻鏡（永祿本）,261,項,3,講,喉音第三位,匣,二,匣江上
韻鏡（永祿本）,262,傋,3,講,喉音第二位,曉,二,曉江上
韻鏡（永祿本）,263,慃,3,講,喉音第一位,影,二,影江上
韻鏡（永祿本）,264,講,3,講,牙音第一位,見,二,見江上
韻鏡（永祿本）,265,𠈵,3,講,脣音第四位,明,二,明江上
韻鏡（永祿本）,266,㭋,3,講,脣音第三位,並,二,並江上
韻鏡（永祿本）,267,𦂌,3,講,脣音第一位,幫,二,幫江上
韻鏡（永祿本）,268,巷,3,絳,喉音第三位,匣,二,匣江去
韻鏡（永祿本）,269,淙,3,絳,齒音第四位,審,二,生江去
韻鏡（永祿本）,270,漴,3,絳,齒音第三位,牀,二,從江去
韻鏡（永祿本）,271,䎫,3,絳,齒音第二位,穿,二,初江去
韻鏡（永祿本）,272,絳,3,絳,牙音第一位,見,二,見江去
韻鏡（永祿本）,273,䡴,3,絳,舌音第三位,澄,二,澄江去
韻鏡（永祿本）,274,𥈄,3,絳,舌音第二位,徹,二,徹江去
韻鏡（永祿本）,275,戇,3,絳,舌音第一位,知,二,知江去
韻鏡（永祿本）,276,䏵,3,絳,脣音第四位,明,二,明江去
韻鏡（永祿本）,277,肨,3,絳,脣音第二位,滂,二,滂江去
韻鏡（永祿本）,278,犖,3,覺,舌齒音第一位,來,二,來江入
韻鏡（永祿本）,279,學,3,覺,喉音第三位,匣,二,匣江入
韻鏡（永祿本）,280,㕰,3,覺,喉音第二位,曉,二,曉江入
韻鏡（永祿本）,281,渥,3,覺,喉音第一位,影,二,影江入
韻鏡（永祿本）,282,朔,3,覺,齒音第四位,審,二,生江入
韻鏡（永祿本）,283,浞,3,覺,齒音第三位,牀,二,從江入
韻鏡（永祿本）,284,娖,3,覺,齒音第二位,穿,二,初江入
韻鏡（永祿本）,285,捉,3,覺,齒音第一位,照,二,莊江入
韻鏡（永祿本）,286,岳,3,覺,牙音第四位,疑,二,疑江入
韻鏡（永祿本）,287,㱿,3,覺,牙音第二位,溪,二,溪江入
韻鏡（永祿本）,288,覺,3,覺,牙音第一位,見,二,見江入
韻鏡（永祿本）,289,搦,3,覺,舌音第四位,孃,二,孃江入
韻鏡（永祿本）,290,濁,3,覺,舌音第三位,澄,二,澄江入
韻鏡（永祿本）,291,逴,3,覺,舌音第二位,徹,二,徹江入
韻鏡（永祿本）,292,斲,3,覺,舌音第一位,知,二,知江入
韻鏡（永祿本）,293,邈,3,覺,脣音第四位,明,二,明江入
韻鏡（永祿本）,294,雹,3,覺,脣音第三位,並,二,並江入
韻鏡（永祿本）,295,璞,3,覺,脣音第二位,滂,二,滂江入
韻鏡（永祿本）,296,剝,3,覺,脣音第一位,幫,二,幫江入
韻鏡（永祿本）,297,釃,4,支,齒音第四位,審,二,生開支平
韻鏡（永祿本）,298,齹,4,支,齒音第三位,牀,二,從開支平
韻鏡（永祿本）,299,差,4,支,齒音第二位,穿,二,初開支平
韻鏡（永祿本）,300,齜,4,支,齒音第一位,照,二,莊開支平
韻鏡（永祿本）,301,兒,4,支,舌齒音第二位,日,三,日開支平
韻鏡（永祿本）,302,離,4,支,舌齒音第一位,來,三,來開支平
韻鏡（永祿本）,303,犧,4,支,喉音第二位,曉,三,曉開B支平
韻鏡（永祿本）,304,猗,4,支,喉音第一位,影,三,影開B支平
韻鏡（永祿本）,305,匙,4,支,齒音第五位,禪,三,船開支平
韻鏡（永祿本）,306,施,4,支,齒音第四位,審,三,書開支平
韻鏡（永祿本）,307,疵,4,支,齒音第三位,牀,三,常開支平
韻鏡（永祿本）,308,眵,4,支,齒音第二位,穿,三,昌開支平
韻鏡（永祿本）,309,支,4,支,齒音第一位,照,三,章開支平
韻鏡（永祿本）,310,宜,4,支,牙音第四位,疑,三,疑開B支平
韻鏡（永祿本）,311,奇,4,支,牙音第三位,羣,三,羣開B支平
韻鏡（永祿本）,312,㩻,4,支,牙音第二位,溪,三,溪開B支平
韻鏡（永祿本）,313,羈,4,支,牙音第一位,見,三,見開B支平
韻鏡（永祿本）,314,馳,4,支,舌音第三位,澄,三,澄開支平
韻鏡（永祿本）,315,摛,4,支,舌音第二位,徹,三,徹開支平
韻鏡（永祿本）,316,知,4,支,舌音第一位,知,三,知開支平
韻鏡（永祿本）,317,糜,4,支,脣音第四位,明,三,明B支平
韻鏡（永祿本）,318,皮,4,支,脣音第三位,並,三,並B支平
韻鏡（永祿本）,319,鈹,4,支,脣音第二位,滂,三,滂B支平
韻鏡（永祿本）,320,陂,4,支,脣音第一位,幫,三,幫B支平
韻鏡（永祿本）,321,移,4,支,喉音第四位,喻,四,以開支平
韻鏡（永祿本）,322,斯,4,支,齒音第四位,心,四,心開支平
韻鏡（永祿本）,323,雌,4,支,齒音第二位,清,四,清開支平
韻鏡（永祿本）,324,貲,4,支,齒音第一位,精,四,精開支平
韻鏡（永祿本）,325,祇,4,支,牙音第三位,羣,四,羣開A支平
韻鏡（永祿本）,326,彌,4,支,脣音第四位,明,四,明A支平
韻鏡（永祿本）,327,陴,4,支,脣音第三位,並,四,並A支平
韻鏡（永祿本）,328,披,4,支,脣音第二位,滂,四,滂A支平
韻鏡（永祿本）,329,卑,4,支,脣音第一位,幫,四,幫A支平
韻鏡（永祿本）,330,躧,4,紙,齒音第四位,審,二,生開支上
韻鏡（永祿本）,331,㧗,4,紙,齒音第一位,照,二,莊開支上
韻鏡（永祿本）,332,爾,4,紙,舌齒音第二位,日,三,日開支上
韻鏡（永祿本）,333,邐,4,紙,舌齒音第一位,來,三,來開支上
韻鏡（永祿本）,334,倚,4,紙,喉音第一位,影,三,影開B支上
韻鏡（永祿本）,335,氏,4,紙,齒音第五位,禪,三,船開支上
韻鏡（永祿本）,336,弛,4,紙,齒音第四位,審,三,書開支上
韻鏡（永祿本）,337,舐,4,紙,齒音第三位,牀,三,常開支上
韻鏡（永祿本）,338,侈,4,紙,齒音第二位,穿,三,昌開支上
韻鏡（永祿本）,339,紙,4,紙,齒音第一位,照,三,章開支上
韻鏡（永祿本）,340,螘,4,紙,牙音第四位,疑,三,疑開B支上
韻鏡（永祿本）,341,技,4,紙,牙音第三位,羣,三,羣開B支上
韻鏡（永祿本）,342,綺,4,紙,牙音第二位,溪,三,溪開B支上
韻鏡（永祿本）,343,掎,4,紙,牙音第一位,見,三,見開B支上
韻鏡（永祿本）,344,狔,4,紙,舌音第四位,孃,三,孃開支上
韻鏡（永祿本）,345,豸,4,紙,舌音第三位,澄,三,澄開支上
韻鏡（永祿本）,346,褫,4,紙,舌音第二位,徹,三,徹開支上
韻鏡（永祿本）,347,㨖,4,紙,舌音第一位,知,三,知開支上
韻鏡（永祿本）,348,靡,4,紙,脣音第四位,明,三,明B支上
韻鏡（永祿本）,349,被,4,紙,脣音第三位,並,三,並B支上
韻鏡（永祿本）,350,㱟,4,紙,脣音第二位,滂,三,滂B支上
韻鏡（永祿本）,351,彼,4,紙,脣音第一位,幫,三,幫B支上
韻鏡（永祿本）,352,酏,4,紙,喉音第四位,喻,四,以開支上
韻鏡（永祿本）,353,徙,4,紙,齒音第四位,心,四,心開支上
韻鏡（永祿本）,354,此,4,紙,齒音第二位,清,四,清開支上
韻鏡（永祿本）,355,紫,4,紙,齒音第一位,精,四,精開支上
韻鏡（永祿本）,356,企,4,紙,牙音第二位,溪,四,溪開A支上
韻鏡（永祿本）,357,踦,4,紙,牙音第一位,見,四,見開A支上
韻鏡（永祿本）,358,弭,4,紙,脣音第四位,明,四,明A支上
韻鏡（永祿本）,359,婢,4,紙,脣音第三位,並,四,並A支上
韻鏡（永祿本）,360,諀,4,紙,脣音第二位,滂,四,滂A支上
韻鏡（永祿本）,361,俾,4,紙,脣音第一位,幫,四,幫A支上
韻鏡（永祿本）,362,屣,4,寘,齒音第四位,審,二,生開支去
韻鏡（永祿本）,363,柴,4,寘,齒音第一位,照,二,莊開支去
韻鏡（永祿本）,364,詈,4,寘,舌齒音第一位,來,三,來開支去
韻鏡（永祿本）,365,戲,4,寘,喉音第二位,曉,三,曉開B支去
韻鏡（永祿本）,366,倚,4,寘,喉音第一位,影,三,影開B支去
韻鏡（永祿本）,367,豉,4,寘,齒音第五位,禪,三,船開支去
韻鏡（永祿本）,368,翅,4,寘,齒音第四位,審,三,書開支去
韻鏡（永祿本）,369,卶,4,寘,齒音第二位,穿,三,昌開支去
韻鏡（永祿本）,370,寘,4,寘,齒音第一位,照,三,章開支去
韻鏡（永祿本）,371,義,4,寘,牙音第四位,疑,三,疑開B支去
韻鏡（永祿本）,372,芰,4,寘,牙音第三位,羣,三,羣開B支去
韻鏡（永祿本）,373,㞆,4,寘,牙音第二位,溪,三,溪開B支去
韻鏡（永祿本）,374,寄,4,寘,牙音第一位,見,三,見開B支去
韻鏡（永祿本）,375,智,4,寘,舌音第一位,知,三,知開支去
韻鏡（永祿本）,376,髲,4,寘,脣音第三位,並,三,並B支去
韻鏡（永祿本）,377,帔,4,寘,脣音第二位,滂,三,滂B支去
韻鏡（永祿本）,378,賁,4,寘,脣音第一位,幫,三,幫B支去
韻鏡（永祿本）,379,易,4,寘,喉音第四位,喻,四,以開支去
韻鏡（永祿本）,380,賜,4,寘,齒音第四位,心,四,心開支去
韻鏡（永祿本）,381,漬,4,寘,齒音第三位,從,四,從開支去
韻鏡（永祿本）,382,刺,4,寘,齒音第二位,清,四,清開支去
韻鏡（永祿本）,383,積,4,寘,齒音第一位,精,四,精開支去
韻鏡（永祿本）,384,企,4,寘,牙音第二位,溪,四,溪開A支去
韻鏡（永祿本）,385,馶,4,寘,牙音第一位,見,四,見開A支去
韻鏡（永祿本）,386,痿,5,支,舌齒音第二位,日,三,日合支平
韻鏡（永祿本）,387,羸,5,支,舌齒音第一位,來,三,來合支平
韻鏡（永祿本）,388,爲,5,支,喉音第四位,喻,三,云合支平
韻鏡（永祿本）,389,麾,5,支,喉音第二位,曉,三,曉合B支平
韻鏡（永祿本）,390,逶,5,支,喉音第一位,影,三,影合B支平
韻鏡（永祿本）,391,垂,5,支,齒音第五位,禪,三,船合支平
韻鏡（永祿本）,392,吹,5,支,齒音第二位,穿,三,昌合支平
韻鏡（永祿本）,393,䮔,5,支,齒音第一位,照,三,章合支平
韻鏡（永祿本）,394,危,5,支,牙音第四位,疑,三,疑合B支平
韻鏡（永祿本）,395,䞚,5,支,牙音第三位,羣,三,羣合B支平
韻鏡（永祿本）,396,虧,5,支,牙音第二位,溪,三,溪合B支平
韻鏡（永祿本）,397,嬀,5,支,牙音第一位,見,三,見合B支平
韻鏡（永祿本）,398,鬌,5,支,舌音第三位,澄,三,澄合支平
韻鏡（永祿本）,399,腄,5,支,舌音第一位,知,三,知合支平
韻鏡（永祿本）,400,蠵,5,支,喉音第四位,喻,四,以合支平
韻鏡（永祿本）,401,隳,5,支,喉音第二位,曉,四,曉合A支平
韻鏡（永祿本）,402,隨,5,支,齒音第五位,邪,四,邪合支平
韻鏡（永祿本）,403,眭,5,支,齒音第四位,心,四,心合支平
韻鏡（永祿本）,404,劑,5,支,齒音第一位,精,四,精合支平
韻鏡（永祿本）,405,闚,5,支,牙音第二位,溪,四,溪合A支平
韻鏡（永祿本）,406,規,5,支,牙音第一位,見,四,見合A支平
韻鏡（永祿本）,407,錘,5,支,舌音第三位,定,四,定合支平
韻鏡（永祿本）,409,蘂,5,紙,舌齒音第二位,日,三,日合支上
韻鏡（永祿本）,410,累,5,紙,舌齒音第一位,來,三,來合支上
韻鏡（永祿本）,411,蔿,5,紙,喉音第四位,喻,三,云合支上
韻鏡（永祿本）,412,毀,5,紙,喉音第二位,曉,三,曉合B支上
韻鏡（永祿本）,413,委,5,紙,喉音第一位,影,三,影合B支上
韻鏡（永祿本）,414,菙,5,紙,齒音第五位,禪,三,船合支上
韻鏡（永祿本）,415,揣,5,紙,齒音第二位,穿,三,昌合支上
韻鏡（永祿本）,416,捶,5,紙,齒音第一位,照,三,章合支上
韻鏡（永祿本）,417,硊,5,紙,牙音第四位,疑,三,疑合B支上
韻鏡（永祿本）,418,跪,5,紙,牙音第三位,羣,三,羣合B支上
韻鏡（永祿本）,419,詭,5,紙,牙音第一位,見,三,見合B支上
韻鏡（永祿本）,420,䓈,5,紙,喉音第四位,喻,四,以合支上
韻鏡（永祿本）,421,𣿂,5,紙,齒音第五位,邪,四,邪合支上
韻鏡（永祿本）,422,髓,5,紙,齒音第四位,心,四,心合支上
韻鏡（永祿本）,423,惢,5,紙,齒音第三位,從,四,從合支上
韻鏡（永祿本）,424,觜,5,紙,齒音第一位,精,四,精合支上
韻鏡（永祿本）,425,跬,5,紙,牙音第二位,溪,四,溪合A支上
韻鏡（永祿本）,426,䄲,5,寘,舌齒音第二位,日,三,日合支去
韻鏡（永祿本）,427,累,5,寘,舌齒音第一位,來,三,來合支去
韻鏡（永祿本）,428,爲,5,寘,喉音第四位,喻,三,云合支去
韻鏡（永祿本）,429,毀,5,寘,喉音第二位,曉,三,曉合B支去
韻鏡（永祿本）,430,餧,5,寘,喉音第一位,影,三,影合B支去
韻鏡（永祿本）,431,睡,5,寘,齒音第五位,禪,三,船合支去
韻鏡（永祿本）,432,吹,5,寘,齒音第二位,穿,三,昌合支去
韻鏡（永祿本）,433,惴,5,寘,齒音第一位,照,三,章合支去
韻鏡（永祿本）,434,僞,5,寘,牙音第四位,疑,三,疑合B支去
韻鏡（永祿本）,435,䞈,5,寘,牙音第一位,見,三,見合B支去
韻鏡（永祿本）,436,諉,5,寘,舌音第四位,孃,三,孃合支去
韻鏡（永祿本）,437,縋,5,寘,舌音第三位,澄,三,澄合支去
韻鏡（永祿本）,438,娷,5,寘,舌音第一位,知,三,知合支去
韻鏡（永祿本）,439,瓗,5,寘,喉音第四位,喻,四,以合支去
韻鏡（永祿本）,440,孈,5,寘,喉音第二位,曉,四,曉合A支去
韻鏡（永祿本）,441,恚,5,寘,喉音第一位,影,四,影合A支去
韻鏡（永祿本）,442,䅗,5,寘,齒音第四位,心,四,心合支去
韻鏡（永祿本）,443,觖,5,寘,牙音第二位,溪,四,溪合A支去
韻鏡（永祿本）,444,瞡,5,寘,牙音第一位,見,四,見合A支去
韻鏡（永祿本）,445,師,6,脂,齒音第四位,審,二,生開脂平
韻鏡（永祿本）,446,棃,6,脂,舌齒音第一位,來,三,來開脂平
韻鏡（永祿本）,447,尸,6,脂,齒音第四位,審,三,書開脂平
韻鏡（永祿本）,448,鴟,6,脂,齒音第二位,穿,三,昌開脂平
韻鏡（永祿本）,449,脂,6,脂,齒音第一位,照,三,章開脂平
韻鏡（永祿本）,450,狋,6,脂,牙音第四位,疑,三,疑開B脂平
韻鏡（永祿本）,451,耆,6,脂,牙音第三位,羣,三,羣開B脂平
韻鏡（永祿本）,452,飢,6,脂,牙音第一位,見,三,見開B脂平
韻鏡（永祿本）,453,尼,6,脂,舌音第四位,孃,三,孃開脂平
韻鏡（永祿本）,454,墀,6,脂,舌音第三位,澄,三,澄開脂平
韻鏡（永祿本）,455,絺,6,脂,舌音第二位,徹,三,徹開脂平
韻鏡（永祿本）,456,胝,6,脂,舌音第一位,知,三,知開脂平
韻鏡（永祿本）,457,眉,6,脂,脣音第四位,明,三,明B脂平
韻鏡（永祿本）,458,邳,6,脂,脣音第三位,並,三,並B脂平
韻鏡（永祿本）,459,丕,6,脂,脣音第二位,滂,三,滂B脂平
韻鏡（永祿本）,460,悲,6,脂,脣音第一位,幫,三,幫B脂平
韻鏡（永祿本）,461,姨,6,脂,喉音第四位,喻,四,以開脂平
韻鏡（永祿本）,462,夷,6,脂,喉音第二位,曉,四,曉開A脂平
韻鏡（永祿本）,463,伊,6,脂,喉音第一位,影,四,影開A脂平
韻鏡（永祿本）,464,私,6,脂,齒音第四位,心,四,心開脂平
韻鏡（永祿本）,465,茨,6,脂,齒音第三位,從,四,從開脂平
韻鏡（永祿本）,466,郪,6,脂,齒音第二位,清,四,清開脂平
韻鏡（永祿本）,467,咨,6,脂,齒音第一位,精,四,精開脂平
韻鏡（永祿本）,468,毗,6,脂,脣音第三位,並,四,並A脂平
韻鏡（永祿本）,469,紕,6,脂,脣音第二位,滂,四,滂A脂平
韻鏡（永祿本）,470,履,6,旨,舌齒音第一位,來,三,來開脂上
韻鏡（永祿本）,471,㰻,6,旨,喉音第一位,影,三,影開B脂上
韻鏡（永祿本）,472,視,6,旨,齒音第五位,禪,三,船開脂上
韻鏡（永祿本）,473,矢,6,旨,齒音第四位,審,三,書開脂上
韻鏡（永祿本）,474,旨,6,旨,齒音第一位,照,三,章開脂上
韻鏡（永祿本）,475,跽,6,旨,牙音第三位,羣,三,羣開B脂上
韻鏡（永祿本）,476,几,6,旨,牙音第一位,見,三,見開B脂上
韻鏡（永祿本）,477,秜,6,旨,舌音第四位,孃,三,孃開脂上
韻鏡（永祿本）,478,雉,6,旨,舌音第三位,澄,三,澄開脂上
韻鏡（永祿本）,479,𡳭,6,旨,舌音第二位,徹,三,徹開脂上
韻鏡（永祿本）,480,黹,6,旨,舌音第一位,知,三,知開脂上
韻鏡（永祿本）,481,美,6,旨,脣音第四位,明,三,明B脂上
韻鏡（永祿本）,482,否,6,旨,脣音第三位,並,三,並B脂上
韻鏡（永祿本）,483,嚭,6,旨,脣音第二位,滂,三,滂B脂上
韻鏡（永祿本）,484,鄙,6,旨,脣音第一位,幫,三,幫B脂上
韻鏡（永祿本）,485,兕,6,旨,齒音第五位,邪,四,邪開脂上
韻鏡（永祿本）,486,死,6,旨,齒音第四位,心,四,心開脂上
韻鏡（永祿本）,487,姊,6,旨,齒音第一位,精,四,精開脂上
韻鏡（永祿本）,488,牝,6,旨,脣音第三位,並,四,並A脂上
韻鏡（永祿本）,489,匕,6,旨,脣音第一位,幫,四,幫A脂上
韻鏡（永祿本）,490,二,6,至,舌齒音第二位,日,三,日開脂去
韻鏡（永祿本）,491,利,6,至,舌齒音第一位,來,三,來開脂去
韻鏡（永祿本）,492,齂,6,至,喉音第二位,曉,三,曉開B脂去
韻鏡（永祿本）,493,懿,6,至,喉音第一位,影,三,影開B脂去
韻鏡（永祿本）,494,嗜,6,至,齒音第五位,禪,三,船開脂去
韻鏡（永祿本）,495,屍,6,至,齒音第四位,審,三,書開脂去
韻鏡（永祿本）,496,示,6,至,齒音第三位,牀,三,常開脂去
韻鏡（永祿本）,497,痓,6,至,齒音第二位,穿,三,昌開脂去
韻鏡（永祿本）,498,至,6,至,齒音第一位,照,三,章開脂去
韻鏡（永祿本）,499,劓,6,至,牙音第四位,疑,三,疑開B脂去
韻鏡（永祿本）,500,臮,6,至,牙音第三位,羣,三,羣開B脂去
韻鏡（永祿本）,501,器,6,至,牙音第二位,溪,三,溪開B脂去
韻鏡（永祿本）,502,冀,6,至,牙音第一位,見,三,見開B脂去
韻鏡（永祿本）,503,膩,6,至,舌音第四位,孃,三,孃開脂去
韻鏡（永祿本）,504,緻,6,至,舌音第三位,澄,三,澄開脂去
韻鏡（永祿本）,505,致,6,至,舌音第一位,知,三,知開脂去
韻鏡（永祿本）,506,郿,6,至,脣音第四位,明,三,明B脂去
韻鏡（永祿本）,507,備,6,至,脣音第三位,並,三,並B脂去
韻鏡（永祿本）,508,濞,6,至,脣音第二位,滂,三,滂B脂去
韻鏡（永祿本）,509,祕,6,至,脣音第一位,幫,三,幫B脂去
韻鏡（永祿本）,510,肄,6,至,喉音第四位,喻,四,以開脂去
韻鏡（永祿本）,511,系,6,至,喉音第三位,匣,四,匣開脂去
韻鏡（永祿本）,512,呬,6,至,喉音第二位,曉,四,曉開A脂去
韻鏡（永祿本）,513,四,6,至,齒音第四位,心,四,心開脂去
韻鏡（永祿本）,514,自,6,至,齒音第三位,從,四,從開脂去
韻鏡（永祿本）,515,次,6,至,齒音第二位,清,四,清開脂去
韻鏡（永祿本）,516,恣,6,至,齒音第一位,精,四,精開脂去
韻鏡（永祿本）,517,棄,6,至,牙音第二位,溪,四,溪開A脂去
韻鏡（永祿本）,518,地,6,至,舌音第三位,定,四,定開脂去
韻鏡（永祿本）,519,寐,6,至,脣音第四位,明,四,明A脂去
韻鏡（永祿本）,520,鼻,6,至,脣音第三位,並,四,並A脂去
韻鏡（永祿本）,521,屁,6,至,脣音第二位,滂,四,滂A脂去
韻鏡（永祿本）,522,痹,6,至,脣音第一位,幫,四,幫A脂去
韻鏡（永祿本）,523,衰,7,脂,齒音第四位,審,二,生合脂平
韻鏡（永祿本）,524,蕤,7,脂,舌齒音第二位,日,三,日合脂平
韻鏡（永祿本）,525,㶟,7,脂,舌齒音第一位,來,三,來合脂平
韻鏡（永祿本）,526,誰,7,脂,齒音第五位,禪,三,船合脂平
韻鏡（永祿本）,527,推,7,脂,齒音第二位,穿,三,昌合脂平
韻鏡（永祿本）,528,錐,7,脂,齒音第一位,照,三,章合脂平
韻鏡（永祿本）,529,逵,7,脂,牙音第三位,羣,三,羣合B脂平
韻鏡（永祿本）,530,巋,7,脂,牙音第二位,溪,三,溪合B脂平
韻鏡（永祿本）,531,龜,7,脂,牙音第一位,見,三,見合B脂平
韻鏡（永祿本）,532,鎚,7,脂,舌音第三位,澄,三,澄合脂平
韻鏡（永祿本）,533,追,7,脂,舌音第一位,知,三,知合脂平
韻鏡（永祿本）,534,惟,7,脂,喉音第四位,喻,四,以合脂平
韻鏡（永祿本）,535,綏,7,脂,齒音第四位,心,四,心合脂平
韻鏡（永祿本）,536,嗺,7,脂,齒音第一位,精,四,精合脂平
韻鏡（永祿本）,537,葵,7,脂,牙音第三位,羣,四,羣合A脂平
韻鏡（永祿本）,538,蕊,7,旨,舌齒音第二位,日,三,日合脂上
韻鏡（永祿本）,539,壘,7,旨,舌齒音第一位,來,三,來合脂上
韻鏡（永祿本）,540,洧,7,旨,喉音第四位,喻,三,云合脂上
韻鏡（永祿本）,541,𦗑,7,旨,喉音第二位,曉,三,曉合B脂上
韻鏡（永祿本）,542,水,7,旨,齒音第四位,審,三,書合脂上
韻鏡（永祿本）,543,沝,7,旨,齒音第一位,照,三,章合脂上
韻鏡（永祿本）,544,䣀,7,旨,牙音第三位,羣,三,羣合B脂上
韻鏡（永祿本）,545,巋,7,旨,牙音第二位,溪,三,溪合B脂上
韻鏡（永祿本）,546,軌,7,旨,牙音第一位,見,三,見合B脂上
韻鏡（永祿本）,547,唯,7,旨,喉音第四位,喻,四,以合脂上
韻鏡（永祿本）,548,㠑,7,旨,齒音第三位,從,四,從合脂上
韻鏡（永祿本）,549,趡,7,旨,齒音第二位,清,四,清合脂上
韻鏡（永祿本）,550,濢,7,旨,齒音第一位,精,四,精合脂上
韻鏡（永祿本）,551,揆,7,旨,牙音第三位,羣,四,羣合A脂上
韻鏡（永祿本）,552,癸,7,旨,牙音第一位,見,四,見合A脂上
韻鏡（永祿本）,553,類,7,至,舌齒音第一位,來,三,來合脂去
韻鏡（永祿本）,554,位,7,至,喉音第四位,喻,三,云合脂去
韻鏡（永祿本）,555,㽷,7,至,齒音第四位,審,三,書合脂去
韻鏡（永祿本）,556,出,7,至,齒音第二位,穿,三,昌合脂去
韻鏡（永祿本）,557,匱,7,至,牙音第三位,羣,三,羣合B脂去
韻鏡（永祿本）,558,喟,7,至,牙音第二位,溪,三,溪合B脂去
韻鏡（永祿本）,559,媿,7,至,牙音第一位,見,三,見合B脂去
韻鏡（永祿本）,560,墜,7,至,舌音第三位,澄,三,澄合脂去
韻鏡（永祿本）,561,轛,7,至,舌音第一位,知,三,知合脂去
韻鏡（永祿本）,562,遺,7,至,喉音第四位,喻,四,以合脂去
韻鏡（永祿本）,563,侐,7,至,喉音第二位,曉,四,曉合A脂去
韻鏡（永祿本）,564,遂,7,至,齒音第五位,邪,四,邪合脂去
韻鏡（永祿本）,565,邃,7,至,齒音第四位,心,四,心合脂去
韻鏡（永祿本）,566,萃,7,至,齒音第三位,從,四,從合脂去
韻鏡（永祿本）,567,翠,7,至,齒音第二位,清,四,清合脂去
韻鏡（永祿本）,568,醉,7,至,齒音第一位,精,四,精合脂去
韻鏡（永祿本）,569,悸,7,至,牙音第三位,羣,四,羣合A脂去
韻鏡（永祿本）,570,季,7,至,牙音第一位,見,四,見合A脂去
韻鏡（永祿本）,571,茬,8,之,齒音第三位,牀,二,從之平
韻鏡（永祿本）,572,菑,8,之,齒音第一位,照,二,莊之平
韻鏡（永祿本）,573,而,8,之,舌齒音第二位,日,三,日之平
韻鏡（永祿本）,574,釐,8,之,舌齒音第一位,來,三,來之平
韻鏡（永祿本）,575,僖,8,之,喉音第二位,曉,三,曉之平
韻鏡（永祿本）,576,醫,8,之,喉音第一位,影,三,影之平
韻鏡（永祿本）,577,時,8,之,齒音第五位,禪,三,船之平
韻鏡（永祿本）,578,詩,8,之,齒音第四位,審,三,書之平
韻鏡（永祿本）,579,蚩,8,之,齒音第二位,穿,三,昌之平
韻鏡（永祿本）,580,之,8,之,齒音第一位,照,三,章之平
韻鏡（永祿本）,581,疑,8,之,牙音第四位,疑,三,疑之平
韻鏡（永祿本）,582,其,8,之,牙音第三位,羣,三,羣之平
韻鏡（永祿本）,583,欺,8,之,牙音第二位,溪,三,溪之平
韻鏡（永祿本）,584,姬,8,之,牙音第一位,見,三,見之平
韻鏡（永祿本）,585,治,8,之,舌音第三位,澄,三,澄之平
韻鏡（永祿本）,586,癡,8,之,舌音第二位,徹,三,徹之平
韻鏡（永祿本）,587,飴,8,之,喉音第四位,喻,四,以之平
韻鏡（永祿本）,588,詞,8,之,齒音第五位,邪,四,邪之平
韻鏡（永祿本）,589,思,8,之,齒音第四位,心,四,心之平
韻鏡（永祿本）,590,慈,8,之,齒音第三位,從,四,從之平
韻鏡（永祿本）,591,兹,8,之,齒音第一位,精,四,精之平
韻鏡（永祿本）,592,抾,8,之,牙音第二位,溪,四,溪之平
韻鏡（永祿本）,593,俟,8,止,齒音第五位,禪,二,俟之上
韻鏡（永祿本）,594,史,8,止,齒音第四位,審,二,生之上
韻鏡（永祿本）,595,士,8,止,齒音第三位,牀,二,從之上
韻鏡（永祿本）,596,㓼,8,止,齒音第二位,穿,二,初之上
韻鏡（永祿本）,597,滓,8,止,齒音第一位,照,二,莊之上
韻鏡（永祿本）,598,耳,8,止,舌齒音第二位,日,三,日之上
韻鏡（永祿本）,599,里,8,止,舌齒音第一位,來,三,來之上
韻鏡（永祿本）,600,以,8,止,喉音第四位,喻,三,云之上
韻鏡（永祿本）,601,喜,8,止,喉音第二位,曉,三,曉之上
韻鏡（永祿本）,602,譩,8,止,喉音第一位,影,三,影之上
韻鏡（永祿本）,603,市,8,止,齒音第五位,禪,三,船之上
韻鏡（永祿本）,604,始,8,止,齒音第四位,審,三,書之上
韻鏡（永祿本）,605,齒,8,止,齒音第二位,穿,三,昌之上
韻鏡（永祿本）,606,止,8,止,齒音第一位,照,三,章之上
韻鏡（永祿本）,607,擬,8,止,牙音第四位,疑,三,疑之上
韻鏡（永祿本）,608,起,8,止,牙音第二位,溪,三,溪之上
韻鏡（永祿本）,609,紀,8,止,牙音第一位,見,三,見之上
韻鏡（永祿本）,610,伱,8,止,舌音第四位,孃,三,孃之上
韻鏡（永祿本）,611,歭,8,止,舌音第三位,澄,三,澄之上
韻鏡（永祿本）,612,恥,8,止,舌音第二位,徹,三,徹之上
韻鏡（永祿本）,613,徵,8,止,舌音第一位,知,三,知之上
韻鏡（永祿本）,614,似,8,止,齒音第五位,邪,四,邪之上
韻鏡（永祿本）,615,枲,8,止,齒音第四位,心,四,心之上
韻鏡（永祿本）,616,子,8,止,齒音第一位,精,四,精之上
韻鏡（永祿本）,617,駛,8,志,齒音第四位,審,二,生之去
韻鏡（永祿本）,618,事,8,志,齒音第三位,牀,二,從之去
韻鏡（永祿本）,619,廁,8,志,齒音第二位,穿,二,初之去
韻鏡（永祿本）,620,胾,8,志,齒音第一位,照,二,莊之去
韻鏡（永祿本）,621,餌,8,志,舌齒音第二位,日,三,日之去
韻鏡（永祿本）,622,吏,8,志,舌齒音第一位,來,三,來之去
韻鏡（永祿本）,623,憙,8,志,喉音第二位,曉,三,曉之去
韻鏡（永祿本）,624,意,8,志,喉音第一位,影,三,影之去
韻鏡（永祿本）,625,侍,8,志,齒音第五位,禪,三,船之去
韻鏡（永祿本）,626,試,8,志,齒音第四位,審,三,書之去
韻鏡（永祿本）,627,熾,8,志,齒音第二位,穿,三,昌之去
韻鏡（永祿本）,628,志,8,志,齒音第一位,照,三,章之去
韻鏡（永祿本）,629,䰯,8,志,牙音第四位,疑,三,疑之去
韻鏡（永祿本）,630,忌,8,志,牙音第三位,羣,三,羣之去
韻鏡（永祿本）,631,亟,8,志,牙音第二位,溪,三,溪之去
韻鏡（永祿本）,632,記,8,志,牙音第一位,見,三,見之去
韻鏡（永祿本）,633,值,8,志,舌音第三位,澄,三,澄之去
韻鏡（永祿本）,634,眙,8,志,舌音第二位,徹,三,徹之去
韻鏡（永祿本）,635,置,8,志,舌音第一位,知,三,知之去
韻鏡（永祿本）,636,異,8,志,喉音第四位,喻,四,以之去
韻鏡（永祿本）,637,寺,8,志,齒音第五位,邪,四,邪之去
韻鏡（永祿本）,638,笥,8,志,齒音第四位,心,四,心之去
韻鏡（永祿本）,639,字,8,志,齒音第三位,從,四,從之去
韻鏡（永祿本）,640,蛓,8,志,齒音第二位,清,四,清之去
韻鏡（永祿本）,641,恣,8,志,齒音第一位,精,四,精之去
韻鏡（永祿本）,642,希,9,微,喉音第二位,曉,三,曉開微平
韻鏡（永祿本）,643,依,9,微,喉音第一位,影,三,影開微平
韻鏡（永祿本）,644,沂,9,微,牙音第四位,疑,三,疑開微平
韻鏡（永祿本）,645,祈,9,微,牙音第三位,羣,三,羣開微平
韻鏡（永祿本）,646,機,9,微,牙音第一位,見,三,見開微平
韻鏡（永祿本）,647,豨,9,尾,喉音第二位,曉,三,曉開微上
韻鏡（永祿本）,648,扆,9,尾,喉音第一位,影,三,影開微上
韻鏡（永祿本）,649,顗,9,尾,牙音第四位,疑,三,疑開微上
韻鏡（永祿本）,650,豈,9,尾,牙音第二位,溪,三,溪開微上
韻鏡（永祿本）,651,蟣,9,尾,牙音第一位,見,三,見開微上
韻鏡（永祿本）,652,欷,9,未,喉音第二位,曉,三,曉開微去
韻鏡（永祿本）,653,毅,9,未,牙音第四位,疑,三,疑開微去
韻鏡（永祿本）,654,䤒,9,未,牙音第三位,羣,三,羣開微去
韻鏡（永祿本）,655,氣,9,未,牙音第二位,溪,三,溪開微去
韻鏡（永祿本）,656,既,9,未,牙音第一位,見,三,見開微去
韻鏡（永祿本）,657,刈,9,廢,牙音第四位,疑,三,疑開廢去
韻鏡（永祿本）,658,計,9,廢,牙音第一位,見,三,見開廢去
韻鏡（永祿本）,659,廢,9,廢,脣音第一位,非,三,幫廢去
韻鏡（永祿本）,660,韋,10,微,喉音第四位,喻,三,云合微平
韻鏡（永祿本）,662,威,10,微,喉音第一位,影,三,影合微平
韻鏡（永祿本）,663,巍,10,微,牙音第四位,疑,三,疑合微平
韻鏡（永祿本）,664,頎,10,微,牙音第三位,羣,三,羣合微平
韻鏡（永祿本）,665,蘬,10,微,牙音第二位,溪,三,溪合微平
韻鏡（永祿本）,666,歸,10,微,牙音第一位,見,三,見合微平
韻鏡（永祿本）,667,微,10,微,脣音第四位,微,三,明微平
韻鏡（永祿本）,668,肥,10,微,脣音第三位,奉,三,並微平
韻鏡（永祿本）,669,菲,10,微,脣音第二位,敷,三,滂微平
韻鏡（永祿本）,670,非,10,微,脣音第一位,非,三,幫微平
韻鏡（永祿本）,671,韙,10,尾,喉音第四位,喻,三,云合微上
韻鏡（永祿本）,672,虺,10,尾,喉音第二位,曉,三,曉合微上
韻鏡（永祿本）,673,磈,10,尾,喉音第一位,影,三,影合微上
韻鏡（永祿本）,674,鬼,10,尾,牙音第一位,見,三,見合微上
韻鏡（永祿本）,675,尾,10,尾,脣音第四位,微,三,明微上
韻鏡（永祿本）,676,膹,10,尾,脣音第三位,奉,三,並微上
韻鏡（永祿本）,677,斐,10,尾,脣音第二位,敷,三,滂微上
韻鏡（永祿本）,678,匪,10,尾,脣音第一位,非,三,幫微上
韻鏡（永祿本）,679,胃,10,未,喉音第四位,喻,三,云合微去
韻鏡（永祿本）,680,諱,10,未,喉音第二位,曉,三,曉合微去
韻鏡（永祿本）,681,尉,10,未,喉音第一位,影,三,影合微去
韻鏡（永祿本）,682,魏,10,未,牙音第四位,疑,三,疑合微去
韻鏡（永祿本）,683,鞼,10,未,牙音第三位,羣,三,羣合微去
韻鏡（永祿本）,684,𥽂,10,未,牙音第二位,溪,三,溪合微去
韻鏡（永祿本）,685,貴,10,未,牙音第一位,見,三,見合微去
韻鏡（永祿本）,686,未,10,未,脣音第四位,微,三,明微去
韻鏡（永祿本）,687,痱,10,未,脣音第三位,奉,三,並微去
韻鏡（永祿本）,688,費,10,未,脣音第二位,敷,三,滂微去
韻鏡（永祿本）,689,沸,10,未,脣音第一位,非,三,幫微去
韻鏡（永祿本）,690,喙,10,廢,喉音第二位,曉,三,曉合廢去
韻鏡（永祿本）,691,穢,10,廢,喉音第一位,影,三,影合廢去
韻鏡（永祿本）,692,䂕,10,廢,牙音第四位,疑,三,疑合廢去
韻鏡（永祿本）,693,𤜂,10,廢,牙音第三位,羣,三,羣合廢去
韻鏡（永祿本）,694,𥏙,10,廢,牙音第二位,溪,三,溪合廢去
韻鏡（永祿本）,695,吠,10,廢,脣音第三位,奉,三,並廢去
韻鏡（永祿本）,696,廢,10,廢,脣音第一位,非,三,幫廢去
韻鏡（永祿本）,697,疏,11,魚,齒音第四位,審,二,生魚平
韻鏡（永祿本）,698,鉏,11,魚,齒音第三位,牀,二,從魚平
韻鏡（永祿本）,699,初,11,魚,齒音第二位,穿,二,初魚平
韻鏡（永祿本）,700,菹,11,魚,齒音第一位,照,二,莊魚平
韻鏡（永祿本）,701,如,11,魚,舌齒音第二位,日,三,日魚平
韻鏡（永祿本）,702,臚,11,魚,舌齒音第一位,來,三,來魚平
韻鏡（永祿本）,703,余,11,魚,喉音第四位,喻,三,云魚平
韻鏡（永祿本）,704,虛,11,魚,喉音第二位,曉,三,曉魚平
韻鏡（永祿本）,705,於,11,魚,喉音第一位,影,三,影魚平
韻鏡（永祿本）,706,蜍,11,魚,齒音第五位,禪,三,船魚平
韻鏡（永祿本）,707,書,11,魚,齒音第四位,審,三,書魚平
韻鏡（永祿本）,708,諸,11,魚,齒音第一位,照,三,章魚平
韻鏡（永祿本）,709,魚,11,魚,牙音第四位,疑,三,疑魚平
韻鏡（永祿本）,710,渠,11,魚,牙音第三位,羣,三,羣魚平
韻鏡（永祿本）,711,墟,11,魚,牙音第二位,溪,三,溪魚平
韻鏡（永祿本）,712,居,11,魚,牙音第一位,見,三,見魚平
韻鏡（永祿本）,713,袽,11,魚,舌音第四位,孃,三,孃魚平
韻鏡（永祿本）,714,除,11,魚,舌音第三位,澄,三,澄魚平
韻鏡（永祿本）,715,攄,11,魚,舌音第二位,徹,三,徹魚平
韻鏡（永祿本）,716,豬,11,魚,舌音第一位,知,三,知魚平
韻鏡（永祿本）,717,徐,11,魚,齒音第五位,邪,四,邪魚平
韻鏡（永祿本）,718,胥,11,魚,齒音第四位,心,四,心魚平
韻鏡（永祿本）,719,疽,11,魚,齒音第二位,清,四,清魚平
韻鏡（永祿本）,720,且,11,魚,齒音第一位,精,四,精魚平
韻鏡（永祿本）,721,所,11,語,齒音第四位,審,二,生魚上
韻鏡（永祿本）,722,齟,11,語,齒音第三位,牀,二,從魚上
韻鏡（永祿本）,723,楚,11,語,齒音第二位,穿,二,初魚上
韻鏡（永祿本）,724,阻,11,語,齒音第一位,照,二,莊魚上
韻鏡（永祿本）,725,汝,11,語,舌齒音第二位,日,三,日魚上
韻鏡（永祿本）,726,呂,11,語,舌齒音第一位,來,三,來魚上
韻鏡（永祿本）,727,許,11,語,喉音第二位,曉,三,曉魚上
韻鏡（永祿本）,728,𢮁,11,語,喉音第一位,影,三,影魚上
韻鏡（永祿本）,729,野,11,語,齒音第五位,禪,三,船魚上
韻鏡（永祿本）,730,暑,11,語,齒音第四位,審,三,書魚上
韻鏡（永祿本）,731,紓,11,語,齒音第三位,牀,三,常魚上
韻鏡（永祿本）,732,杵,11,語,齒音第二位,穿,三,昌魚上
韻鏡（永祿本）,733,䰞,11,語,齒音第一位,照,三,章魚上
韻鏡（永祿本）,734,語,11,語,牙音第四位,疑,三,疑魚上
韻鏡（永祿本）,735,巨,11,語,牙音第三位,羣,三,羣魚上
韻鏡（永祿本）,736,去,11,語,牙音第二位,溪,三,溪魚上
韻鏡（永祿本）,737,舉,11,語,牙音第一位,見,三,見魚上
韻鏡（永祿本）,738,女,11,語,舌音第四位,孃,三,孃魚上
韻鏡（永祿本）,739,佇,11,語,舌音第三位,澄,三,澄魚上
韻鏡（永祿本）,740,禇,11,語,舌音第二位,徹,三,徹魚上
韻鏡（永祿本）,741,貯,11,語,舌音第一位,知,三,知魚上
韻鏡（永祿本）,742,與,11,語,喉音第四位,喻,四,以魚上
韻鏡（永祿本）,743,敘,11,語,齒音第五位,邪,四,邪魚上
韻鏡（永祿本）,744,諝,11,語,齒音第四位,心,四,心魚上
韻鏡（永祿本）,745,咀,11,語,齒音第三位,從,四,從魚上
韻鏡（永祿本）,746,𤿚,11,語,齒音第二位,清,四,清魚上
韻鏡（永祿本）,747,苴,11,語,齒音第一位,精,四,精魚上
韻鏡（永祿本）,748,疏,11,御,齒音第四位,審,二,生魚去
韻鏡（永祿本）,749,助,11,御,齒音第三位,牀,二,從魚去
韻鏡（永祿本）,750,儊,11,御,齒音第二位,穿,二,初魚去
韻鏡（永祿本）,751,詛,11,御,齒音第一位,照,二,莊魚去
韻鏡（永祿本）,752,洳,11,御,舌齒音第二位,日,三,日魚去
韻鏡（永祿本）,753,慮,11,御,舌齒音第一位,來,三,來魚去
韻鏡（永祿本）,754,噓,11,御,喉音第二位,曉,三,曉魚去
韻鏡（永祿本）,755,飫,11,御,喉音第一位,影,三,影魚去
韻鏡（永祿本）,756,署,11,御,齒音第五位,禪,三,船魚去
韻鏡（永祿本）,757,恕,11,御,齒音第四位,審,三,書魚去
韻鏡（永祿本）,758,處,11,御,齒音第二位,穿,三,昌魚去
韻鏡（永祿本）,759,翥,11,御,齒音第一位,照,三,章魚去
韻鏡（永祿本）,760,御,11,御,牙音第四位,疑,三,疑魚去
韻鏡（永祿本）,761,遽,11,御,牙音第三位,羣,三,羣魚去
韻鏡（永祿本）,762,去,11,御,牙音第二位,溪,三,溪魚去
韻鏡（永祿本）,763,據,11,御,牙音第一位,見,三,見魚去
韻鏡（永祿本）,764,女,11,御,舌音第四位,孃,三,孃魚去
韻鏡（永祿本）,765,箸,11,御,舌音第三位,澄,三,澄魚去
韻鏡（永祿本）,766,絮,11,御,舌音第二位,徹,三,徹魚去
韻鏡（永祿本）,767,著,11,御,舌音第一位,知,三,知魚去
韻鏡（永祿本）,768,豫,11,御,喉音第四位,喻,四,以魚去
韻鏡（永祿本）,769,屐,11,御,齒音第五位,邪,四,邪魚去
韻鏡（永祿本）,770,絮,11,御,齒音第四位,心,四,心魚去
韻鏡（永祿本）,771,覷,11,御,齒音第二位,清,四,清魚去
韻鏡（永祿本）,772,怚,11,御,齒音第一位,精,四,精魚去
韻鏡（永祿本）,773,盧,12,模,舌齒音第一位,來,一,來模平
韻鏡（永祿本）,774,胡,12,模,喉音第三位,匣,一,匣模平
韻鏡（永祿本）,775,呼,12,模,喉音第二位,曉,一,曉模平
韻鏡（永祿本）,776,烏,12,模,喉音第一位,影,一,影模平
韻鏡（永祿本）,777,蘇,12,模,齒音第四位,心,一,心模平
韻鏡（永祿本）,778,徂,12,模,齒音第三位,從,一,從模平
韻鏡（永祿本）,779,麤,12,模,齒音第二位,清,一,清模平
韻鏡（永祿本）,780,租,12,模,齒音第一位,精,一,精模平
韻鏡（永祿本）,781,吾,12,模,牙音第四位,疑,一,疑模平
韻鏡（永祿本）,782,枯,12,模,牙音第二位,溪,一,溪模平
韻鏡（永祿本）,783,孤,12,模,牙音第一位,見,一,見模平
韻鏡（永祿本）,784,奴,12,模,舌音第四位,泥,一,泥模平
韻鏡（永祿本）,785,徒,12,模,舌音第三位,定,一,定模平
韻鏡（永祿本）,786,㻌,12,模,舌音第二位,透,一,透模平
韻鏡（永祿本）,787,都,12,模,舌音第一位,端,一,端模平
韻鏡（永祿本）,788,模,12,模,脣音第四位,明,一,明模平
韻鏡（永祿本）,789,蒲,12,模,脣音第三位,並,一,並模平
韻鏡（永祿本）,790,鋪,12,模,脣音第二位,滂,一,滂模平
韻鏡（永祿本）,791,逋,12,模,脣音第一位,幫,一,幫模平
韻鏡（永祿本）,792,毹,12,虞,齒音第四位,審,二,生虞平
韻鏡（永祿本）,793,雛,12,虞,齒音第三位,牀,二,從虞平
韻鏡（永祿本）,794,芻,12,虞,齒音第二位,穿,二,初虞平
韻鏡（永祿本）,795,㑳,12,虞,齒音第一位,照,二,莊虞平
韻鏡（永祿本）,796,儒,12,虞,舌齒音第二位,日,三,日虞平
韻鏡（永祿本）,797,慺,12,虞,舌齒音第一位,來,三,來虞平
韻鏡（永祿本）,798,于,12,虞,喉音第四位,喻,三,云虞平
韻鏡（永祿本）,799,訏,12,虞,喉音第二位,曉,三,曉虞平
韻鏡（永祿本）,800,紆,12,虞,喉音第一位,影,三,影虞平
韻鏡（永祿本）,801,殊,12,虞,齒音第五位,禪,三,船虞平
韻鏡（永祿本）,802,輸,12,虞,齒音第四位,審,三,書虞平
韻鏡（永祿本）,803,樞,12,虞,齒音第二位,穿,三,昌虞平
韻鏡（永祿本）,804,朱,12,虞,齒音第一位,照,三,章虞平
韻鏡（永祿本）,805,虞,12,虞,牙音第四位,疑,三,疑虞平
韻鏡（永祿本）,806,劬,12,虞,牙音第三位,羣,三,羣虞平
韻鏡（永祿本）,807,區,12,虞,牙音第二位,溪,三,溪虞平
韻鏡（永祿本）,808,拘,12,虞,牙音第一位,見,三,見虞平
韻鏡（永祿本）,809,廚,12,虞,舌音第三位,澄,三,澄虞平
韻鏡（永祿本）,810,貙,12,虞,舌音第二位,徹,三,徹虞平
韻鏡（永祿本）,811,株,12,虞,舌音第一位,知,三,知虞平
韻鏡（永祿本）,812,無,12,虞,脣音第四位,微,三,明虞平
韻鏡（永祿本）,813,符,12,虞,脣音第三位,奉,三,並虞平
韻鏡（永祿本）,814,敷,12,虞,脣音第二位,敷,三,滂虞平
韻鏡（永祿本）,815,膚,12,虞,脣音第一位,非,三,幫虞平
韻鏡（永祿本）,816,逾,12,虞,喉音第四位,喻,四,以虞平
韻鏡（永祿本）,817,須,12,虞,齒音第四位,心,四,心虞平
韻鏡（永祿本）,818,趨,12,虞,齒音第二位,清,四,清虞平
韻鏡（永祿本）,819,諏,12,虞,齒音第一位,精,四,精虞平
韻鏡（永祿本）,820,魯,12,姥,舌齒音第一位,來,一,來模上
韻鏡（永祿本）,821,戶,12,姥,喉音第三位,匣,一,匣模上
韻鏡（永祿本）,822,虎,12,姥,喉音第二位,曉,一,曉模上
韻鏡（永祿本）,823,隖,12,姥,喉音第一位,影,一,影模上
韻鏡（永祿本）,824,粗,12,姥,齒音第三位,從,一,從模上
韻鏡（永祿本）,825,蔖,12,姥,齒音第二位,清,一,清模上
韻鏡（永祿本）,826,祖,12,姥,齒音第一位,精,一,精模上
韻鏡（永祿本）,827,五,12,姥,牙音第四位,疑,一,疑模上
韻鏡（永祿本）,828,苦,12,姥,牙音第二位,溪,一,溪模上
韻鏡（永祿本）,829,古,12,姥,牙音第一位,見,一,見模上
韻鏡（永祿本）,830,努,12,姥,舌音第四位,泥,一,泥模上
韻鏡（永祿本）,831,杜,12,姥,舌音第三位,定,一,定模上
韻鏡（永祿本）,832,土,12,姥,舌音第二位,透,一,透模上
韻鏡（永祿本）,833,覩,12,姥,舌音第一位,端,一,端模上
韻鏡（永祿本）,834,姥,12,姥,脣音第四位,明,一,明模上
韻鏡（永祿本）,835,簿,12,姥,脣音第三位,並,一,並模上
韻鏡（永祿本）,836,普,12,姥,脣音第二位,滂,一,滂模上
韻鏡（永祿本）,837,補,12,姥,脣音第一位,幫,一,幫模上
韻鏡（永祿本）,838,數,12,麌,齒音第四位,審,二,生虞上
韻鏡（永祿本）,839,䝒,12,麌,齒音第三位,牀,二,從虞上
韻鏡（永祿本）,840,乳,12,麌,舌齒音第二位,日,三,日虞上
韻鏡（永祿本）,841,縷,12,麌,舌齒音第一位,來,三,來虞上
韻鏡（永祿本）,842,羽,12,麌,喉音第四位,喻,三,云虞上
韻鏡（永祿本）,843,詡,12,麌,喉音第二位,曉,三,曉虞上
韻鏡（永祿本）,844,傴,12,麌,喉音第一位,影,三,影虞上
韻鏡（永祿本）,845,豎,12,麌,齒音第五位,禪,三,船虞上
韻鏡（永祿本）,847,主,12,麌,齒音第一位,照,三,章虞上
韻鏡（永祿本）,848,麌,12,麌,牙音第四位,疑,三,疑虞上
韻鏡（永祿本）,849,窶,12,麌,牙音第三位,羣,三,羣虞上
韻鏡（永祿本）,850,齲,12,麌,牙音第二位,溪,三,溪虞上
韻鏡（永祿本）,851,矩,12,麌,牙音第一位,見,三,見虞上
韻鏡（永祿本）,852,柱,12,麌,舌音第三位,澄,三,澄虞上
韻鏡（永祿本）,853,拄,12,麌,舌音第一位,知,三,知虞上
韻鏡（永祿本）,854,武,12,麌,脣音第四位,微,三,明虞上
韻鏡（永祿本）,855,父,12,麌,脣音第三位,奉,三,並虞上
韻鏡（永祿本）,856,撫,12,麌,脣音第二位,敷,三,滂虞上
韻鏡（永祿本）,857,甫,12,麌,脣音第一位,非,三,幫虞上
韻鏡（永祿本）,858,庾,12,麌,喉音第四位,喻,四,以虞上
韻鏡（永祿本）,859,𦄼,12,麌,齒音第四位,心,四,心虞上
韻鏡（永祿本）,860,聚,12,麌,齒音第三位,從,四,從虞上
韻鏡（永祿本）,861,取,12,麌,齒音第二位,清,四,清虞上
韻鏡（永祿本）,862,路,12,暮,舌齒音第一位,來,一,來模去
韻鏡（永祿本）,863,護,12,暮,喉音第三位,匣,一,匣模去
韻鏡（永祿本）,864,謼,12,暮,喉音第二位,曉,一,曉模去
韻鏡（永祿本）,865,汙,12,暮,喉音第一位,影,一,影模去
韻鏡（永祿本）,866,訴,12,暮,齒音第四位,心,一,心模去
韻鏡（永祿本）,867,祚,12,暮,齒音第三位,從,一,從模去
韻鏡（永祿本）,868,厝,12,暮,齒音第二位,清,一,清模去
韻鏡（永祿本）,869,做,12,暮,齒音第一位,精,一,精模去
韻鏡（永祿本）,870,誤,12,暮,牙音第四位,疑,一,疑模去
韻鏡（永祿本）,871,絝,12,暮,牙音第二位,溪,一,溪模去
韻鏡（永祿本）,872,顧,12,暮,牙音第一位,見,一,見模去
韻鏡（永祿本）,873,笯,12,暮,舌音第四位,泥,一,泥模去
韻鏡（永祿本）,874,渡,12,暮,舌音第三位,定,一,定模去
韻鏡（永祿本）,875,菟,12,暮,舌音第二位,透,一,透模去
韻鏡（永祿本）,876,妒,12,暮,舌音第一位,端,一,端模去
韻鏡（永祿本）,877,暮,12,暮,脣音第四位,明,一,明模去
韻鏡（永祿本）,878,捕,12,暮,脣音第三位,並,一,並模去
韻鏡（永祿本）,879,怖,12,暮,脣音第二位,滂,一,滂模去
韻鏡（永祿本）,880,布,12,暮,脣音第一位,幫,一,幫模去
韻鏡（永祿本）,881,捒,12,遇,齒音第四位,審,二,生虞去
韻鏡（永祿本）,882,菆,12,遇,齒音第二位,穿,二,初虞去
韻鏡（永祿本）,883,孺,12,遇,舌齒音第二位,日,三,日虞去
韻鏡（永祿本）,884,屢,12,遇,舌齒音第一位,來,三,來虞去
韻鏡（永祿本）,885,芋,12,遇,喉音第四位,喻,三,云虞去
韻鏡（永祿本）,886,呴,12,遇,喉音第二位,曉,三,曉虞去
韻鏡（永祿本）,887,嫗,12,遇,喉音第一位,影,三,影虞去
韻鏡（永祿本）,888,樹,12,遇,齒音第五位,禪,三,船虞去
韻鏡（永祿本）,889,戍,12,遇,齒音第四位,審,三,書虞去
韻鏡（永祿本）,890,注,12,遇,齒音第一位,照,三,章虞去
韻鏡（永祿本）,891,遇,12,遇,牙音第四位,疑,三,疑虞去
韻鏡（永祿本）,892,懼,12,遇,牙音第三位,羣,三,羣虞去
韻鏡（永祿本）,893,驅,12,遇,牙音第二位,溪,三,溪虞去
韻鏡（永祿本）,894,屨,12,遇,牙音第一位,見,三,見虞去
韻鏡（永祿本）,895,住,12,遇,舌音第三位,澄,三,澄虞去
韻鏡（永祿本）,896,𨳳,12,遇,舌音第二位,徹,三,徹虞去
韻鏡（永祿本）,897,註,12,遇,舌音第一位,知,三,知虞去
韻鏡（永祿本）,898,務,12,遇,脣音第四位,微,三,明虞去
韻鏡（永祿本）,899,附,12,遇,脣音第三位,奉,三,並虞去
韻鏡（永祿本）,900,赴,12,遇,脣音第二位,敷,三,滂虞去
韻鏡（永祿本）,901,付,12,遇,脣音第一位,非,三,幫虞去
韻鏡（永祿本）,902,裕,12,遇,喉音第四位,喻,四,以虞去
韻鏡（永祿本）,903,尠,12,遇,齒音第四位,心,四,心虞去
韻鏡（永祿本）,904,聚,12,遇,齒音第三位,從,四,從虞去
韻鏡（永祿本）,905,娶,12,遇,齒音第二位,清,四,清虞去
韻鏡（永祿本）,906,緅,12,遇,齒音第一位,精,四,精虞去
韻鏡（永祿本）,907,來,13,咍,舌齒音第一位,來,一,來咍平
韻鏡（永祿本）,909,咍,13,咍,喉音第二位,曉,一,曉咍平
韻鏡（永祿本）,910,哀,13,咍,喉音第一位,影,一,影咍平
韻鏡（永祿本）,911,鰓,13,咍,齒音第四位,心,一,心咍平
韻鏡（永祿本）,912,裁,13,咍,齒音第三位,從,一,從咍平
韻鏡（永祿本）,913,猜,13,咍,齒音第二位,清,一,清咍平
韻鏡（永祿本）,914,哉,13,咍,齒音第一位,精,一,精咍平
韻鏡（永祿本）,915,皚,13,咍,牙音第四位,疑,一,疑咍平
韻鏡（永祿本）,916,開,13,咍,牙音第二位,溪,一,溪咍平
韻鏡（永祿本）,917,該,13,咍,牙音第一位,見,一,見咍平
韻鏡（永祿本）,918,能,13,咍,舌音第四位,泥,一,泥咍平
韻鏡（永祿本）,919,臺,13,咍,舌音第三位,定,一,定咍平
韻鏡（永祿本）,920,胎,13,咍,舌音第二位,透,一,透咍平
韻鏡（永祿本）,921,𪒴,13,咍,舌音第一位,端,一,端咍平
韻鏡（永祿本）,922,𤗏,13,咍,脣音第三位,並,一,並咍平
韻鏡（永祿本）,923,𡜊,13,咍,脣音第二位,滂,一,滂咍平
韻鏡（永祿本）,924,唻,13,皆,舌齒音第一位,來,二,來開皆平
韻鏡（永祿本）,925,諧,13,皆,喉音第三位,匣,二,匣開皆平
韻鏡（永祿本）,926,俙,13,皆,喉音第二位,曉,二,曉開皆平
韻鏡（永祿本）,927,𢰇,13,皆,喉音第一位,影,二,影開皆平
韻鏡（永祿本）,928,崽,13,皆,齒音第四位,審,二,生開皆平
韻鏡（永祿本）,929,豺,13,皆,齒音第三位,牀,二,從開皆平
韻鏡（永祿本）,930,差,13,皆,齒音第二位,穿,二,初開皆平
韻鏡（永祿本）,931,齋,13,皆,齒音第一位,照,二,莊開皆平
韻鏡（永祿本）,932,𩂢,13,皆,牙音第四位,疑,二,疑開皆平
韻鏡（永祿本）,933,揩,13,皆,牙音第二位,溪,二,溪開皆平
韻鏡（永祿本）,934,皆,13,皆,牙音第一位,見,二,見開皆平
韻鏡（永祿本）,935,搱,13,皆,舌音第四位,孃,二,孃開皆平
韻鏡（永祿本）,936,搋,13,皆,舌音第二位,徹,二,徹開皆平
韻鏡（永祿本）,937,𪘨,13,皆,舌音第一位,知,二,知開皆平
韻鏡（永祿本）,938,埋,13,皆,脣音第四位,明,二,明皆平
韻鏡（永祿本）,939,排,13,皆,脣音第三位,並,二,並皆平
韻鏡（永祿本）,940,臡,13,齊,舌齒音第二位,日,四,日開齊平
韻鏡（永祿本）,941,黎,13,齊,舌齒音第一位,來,四,來開齊平
韻鏡（永祿本）,942,兮,13,齊,喉音第三位,匣,四,匣開齊平
韻鏡（永祿本）,943,醯,13,齊,喉音第二位,曉,四,曉開齊平
韻鏡（永祿本）,944,鷖,13,齊,喉音第一位,影,四,影開齊平
韻鏡（永祿本）,945,西,13,齊,齒音第四位,心,四,心開齊平
韻鏡（永祿本）,946,齊,13,齊,齒音第三位,從,四,從開齊平
韻鏡（永祿本）,947,妻,13,齊,齒音第二位,清,四,清開齊平
韻鏡（永祿本）,948,齎,13,齊,齒音第一位,精,四,精開齊平
韻鏡（永祿本）,949,倪,13,齊,牙音第四位,疑,四,疑開齊平
韻鏡（永祿本）,950,谿,13,齊,牙音第二位,溪,四,溪開齊平
韻鏡（永祿本）,951,雞,13,齊,牙音第一位,見,四,見開齊平
韻鏡（永祿本）,952,泥,13,齊,舌音第四位,泥,四,泥開齊平
韻鏡（永祿本）,953,題,13,齊,舌音第三位,定,四,定開齊平
韻鏡（永祿本）,954,梯,13,齊,舌音第二位,透,四,透開齊平
韻鏡（永祿本）,955,氐,13,齊,舌音第一位,端,四,端開齊平
韻鏡（永祿本）,956,迷,13,齊,脣音第四位,明,四,明齊平
韻鏡（永祿本）,957,鼙,13,齊,脣音第三位,並,四,並齊平
韻鏡（永祿本）,958,批,13,齊,脣音第二位,滂,四,滂齊平
韻鏡（永祿本）,959,篦,13,齊,脣音第一位,幫,四,幫齊平
韻鏡（永祿本）,960,疓,13,海,舌齒音第二位,日,一,日咍上
韻鏡（永祿本）,961,𨦂,13,海,舌齒音第一位,來,一,來咍上
韻鏡（永祿本）,962,佁,13,海,喉音第四位,喻,一,以咍上
韻鏡（永祿本）,963,亥,13,海,喉音第三位,匣,一,匣咍上
韻鏡（永祿本）,964,海,13,海,喉音第二位,曉,一,曉咍上
韻鏡（永祿本）,965,欸,13,海,喉音第一位,影,一,影咍上
韻鏡（永祿本）,966,在,13,海,齒音第三位,從,一,從咍上
韻鏡（永祿本）,967,采,13,海,齒音第二位,清,一,清咍上
韻鏡（永祿本）,968,宰,13,海,齒音第一位,精,一,精咍上
韻鏡（永祿本）,969,愷,13,海,牙音第二位,溪,一,溪咍上
韻鏡（永祿本）,970,改,13,海,牙音第一位,見,一,見咍上
韻鏡（永祿本）,971,乃,13,海,舌音第四位,泥,一,泥咍上
韻鏡（永祿本）,972,駘,13,海,舌音第三位,定,一,定咍上
韻鏡（永祿本）,973,㘆,13,海,舌音第二位,透,一,透咍上
韻鏡（永祿本）,974,等,13,海,舌音第一位,端,一,端咍上
韻鏡（永祿本）,975,䆀,13,海,脣音第四位,明,一,明咍上
韻鏡（永祿本）,976,蓓,13,海,脣音第三位,並,一,並咍上
韻鏡（永祿本）,977,啡,13,海,脣音第二位,滂,一,滂咍上
韻鏡（永祿本）,978,俖,13,海,脣音第一位,幫,一,幫咍上
韻鏡（永祿本）,980,駭,13,駭,喉音第三位,匣,二,匣開皆上
韻鏡（永祿本）,981,騃,13,駭,牙音第四位,疑,二,疑開皆上
韻鏡（永祿本）,982,楷,13,駭,牙音第二位,溪,二,溪開皆上
韻鏡（永祿本）,983,鍇,13,駭,牙音第一位,見,二,見開皆上
韻鏡（永祿本）,984,矲,13,駭,脣音第三位,並,二,並皆上
韻鏡（永祿本）,985,禮,13,薺,舌齒音第一位,來,四,來開齊上
韻鏡（永祿本）,986,徯,13,薺,喉音第三位,匣,四,匣開齊上
韻鏡（永祿本）,987,𠯋,13,薺,喉音第一位,影,四,影開齊上
韻鏡（永祿本）,988,洗,13,薺,齒音第四位,心,四,心開齊上
韻鏡（永祿本）,989,薺,13,薺,齒音第三位,從,四,從開齊上
韻鏡（永祿本）,990,泚,13,薺,齒音第二位,清,四,清開齊上
韻鏡（永祿本）,991,濟,13,薺,齒音第一位,精,四,精開齊上
韻鏡（永祿本）,992,掜,13,薺,牙音第四位,疑,四,疑開齊上
韻鏡（永祿本）,993,啓,13,薺,牙音第二位,溪,四,溪開齊上
韻鏡（永祿本）,994,禰,13,薺,舌音第四位,泥,四,泥開齊上
韻鏡（永祿本）,995,弟,13,薺,舌音第三位,定,四,定開齊上
韻鏡（永祿本）,996,體,13,薺,舌音第二位,透,四,透開齊上
韻鏡（永祿本）,997,邸,13,薺,舌音第一位,端,四,端開齊上
韻鏡（永祿本）,998,米,13,薺,脣音第四位,明,四,明齊上
韻鏡（永祿本）,999,陛,13,薺,脣音第三位,並,四,並齊上
韻鏡（永祿本）,1000,䫌,13,薺,脣音第二位,滂,四,滂齊上
韻鏡（永祿本）,1001,㪏,13,薺,脣音第一位,幫,四,幫齊上
韻鏡（永祿本）,1002,賚,13,代,舌齒音第一位,來,一,來咍去
韻鏡（永祿本）,1003,瀣,13,代,喉音第三位,匣,一,匣咍去
韻鏡（永祿本）,1004,儗,13,代,喉音第二位,曉,一,曉咍去
韻鏡（永祿本）,1005,愛,13,代,喉音第一位,影,一,影咍去
韻鏡（永祿本）,1006,賽,13,代,齒音第四位,心,一,心咍去
韻鏡（永祿本）,1007,載,13,代,齒音第三位,從,一,從咍去
韻鏡（永祿本）,1008,菜,13,代,齒音第二位,清,一,清咍去
韻鏡（永祿本）,1009,載,13,代,齒音第一位,精,一,精咍去
韻鏡（永祿本）,1010,礙,13,代,牙音第四位,疑,一,疑咍去
韻鏡（永祿本）,1011,隑,13,代,牙音第三位,羣,一,羣咍去
韻鏡（永祿本）,1012,慨,13,代,牙音第二位,溪,一,溪咍去
韻鏡（永祿本）,1013,溉,13,代,牙音第一位,見,一,見咍去
韻鏡（永祿本）,1014,耐,13,代,舌音第四位,泥,一,泥咍去
韻鏡（永祿本）,1015,代,13,代,舌音第三位,定,一,定咍去
韻鏡（永祿本）,1016,貸,13,代,舌音第二位,透,一,透咍去
韻鏡（永祿本）,1017,戴,13,代,舌音第一位,端,一,端咍去
韻鏡（永祿本）,1018,䆀,13,代,脣音第四位,明,一,明咍去
韻鏡（永祿本）,1019,𢘥,13,代,脣音第二位,滂,一,滂咍去
韻鏡（永祿本）,1020,械,13,怪,喉音第三位,匣,二,匣開皆去
韻鏡（永祿本）,1021,譮,13,怪,喉音第二位,曉,二,曉開皆去
韻鏡（永祿本）,1022,噫,13,怪,喉音第一位,影,二,影開皆去
韻鏡（永祿本）,1023,瘥,13,怪,齒音第二位,穿,二,初開皆去
韻鏡（永祿本）,1024,瘵,13,怪,齒音第一位,照,二,莊開皆去
韻鏡（永祿本）,1025,𦗐,13,怪,牙音第四位,疑,二,疑開皆去
韻鏡（永祿本）,1026,烗,13,怪,牙音第二位,溪,二,溪開皆去
韻鏡（永祿本）,1027,誡,13,怪,牙音第一位,見,二,見開皆去
韻鏡（永祿本）,1028,褹,13,怪,舌音第四位,孃,二,孃開皆去
韻鏡（永祿本）,1029,拜,13,怪,脣音第一位,幫,二,幫皆去
韻鏡（永祿本）,1030,例,13,祭,舌齒音第一位,來,三,來開祭去
韻鏡（永祿本）,1031,䋵,13,祭,喉音第二位,曉,三,曉開B祭去
韻鏡（永祿本）,1032,逝,13,祭,齒音第五位,禪,三,船開祭去
韻鏡（永祿本）,1033,世,13,祭,齒音第四位,審,三,書開祭去
韻鏡（永祿本）,1034,掣,13,祭,齒音第二位,穿,三,昌開祭去
韻鏡（永祿本）,1035,制,13,祭,齒音第一位,照,三,章開祭去
韻鏡（永祿本）,1036,㓷,13,祭,牙音第四位,疑,三,疑開B祭去
韻鏡（永祿本）,1037,偈,13,祭,牙音第三位,羣,三,羣開B祭去
韻鏡（永祿本）,1038,憩,13,祭,牙音第二位,溪,三,溪開B祭去
韻鏡（永祿本）,1039,猘,13,祭,牙音第一位,見,三,見開B祭去
韻鏡（永祿本）,1040,滯,13,祭,舌音第三位,澄,三,澄開祭去
韻鏡（永祿本）,1041,跇,13,祭,舌音第二位,徹,三,徹開祭去
韻鏡（永祿本）,1042,㿃,13,祭,舌音第一位,知,三,知開祭去
韻鏡（永祿本）,1043,麗,13,霽,舌齒音第一位,來,四,來開齊去
韻鏡（永祿本）,1044,蒵,13,霽,喉音第三位,匣,四,匣開齊去
韻鏡（永祿本）,1045,翳,13,霽,喉音第一位,影,四,影開齊去
韻鏡（永祿本）,1046,細,13,霽,齒音第四位,心,四,心開齊去
韻鏡（永祿本）,1047,嚌,13,霽,齒音第三位,從,四,從開齊去
韻鏡（永祿本）,1048,砌,13,霽,齒音第二位,清,四,清開齊去
韻鏡（永祿本）,1049,霽,13,霽,齒音第一位,精,四,精開齊去
韻鏡（永祿本）,1050,詣,13,霽,牙音第四位,疑,四,疑開齊去
韻鏡（永祿本）,1051,契,13,霽,牙音第二位,溪,四,溪開齊去
韻鏡（永祿本）,1052,計,13,霽,牙音第一位,見,四,見開齊去
韻鏡（永祿本）,1053,泥,13,霽,舌音第四位,泥,四,泥開齊去
韻鏡（永祿本）,1054,第,13,霽,舌音第三位,定,四,定開齊去
韻鏡（永祿本）,1055,替,13,霽,舌音第二位,透,四,透開齊去
韻鏡（永祿本）,1056,帝,13,霽,舌音第一位,端,四,端開齊去
韻鏡（永祿本）,1057,謎,13,霽,脣音第四位,明,四,明齊去
韻鏡（永祿本）,1058,薜,13,霽,脣音第三位,並,四,並齊去
韻鏡（永祿本）,1059,媲,13,霽,脣音第二位,滂,四,滂齊去
韻鏡（永祿本）,1060,閉,13,霽,脣音第一位,幫,四,幫齊去
韻鏡（永祿本）,1061,㕢,13,夬,喉音第三位,匣,二,匣開夬去
韻鏡（永祿本）,1062,䜕,13,夬,喉音第二位,曉,二,曉開夬去
韻鏡（永祿本）,1063,喝,13,夬,喉音第一位,影,二,影開夬去
韻鏡（永祿本）,1064,𠱡,13,夬,齒音第四位,審,二,生開夬去
韻鏡（永祿本）,1065,寨,13,夬,齒音第三位,牀,二,從開夬去
韻鏡（永祿本）,1066,啐,13,夬,齒音第二位,穿,二,初開夬去
韻鏡（永祿本）,1067,犗,13,夬,牙音第一位,見,二,見開夬去
韻鏡（永祿本）,1068,𦤧,13,夬,舌音第三位,澄,二,澄開夬去
韻鏡（永祿本）,1069,蠆,13,夬,舌音第二位,徹,二,徹開夬去
韻鏡（永祿本）,1070,雷,14,灰,舌齒音第一位,來,一,來灰平
韻鏡（永祿本）,1071,回,14,灰,喉音第三位,匣,一,匣灰平
韻鏡（永祿本）,1072,灰,14,灰,喉音第二位,曉,一,曉灰平
韻鏡（永祿本）,1073,隈,14,灰,喉音第一位,影,一,影灰平
韻鏡（永祿本）,1074,𤗯,14,灰,齒音第四位,心,一,心灰平
韻鏡（永祿本）,1075,摧,14,灰,齒音第三位,從,一,從灰平
韻鏡（永祿本）,1076,崔,14,灰,齒音第二位,清,一,清灰平
韻鏡（永祿本）,1077,嗺,14,灰,齒音第一位,精,一,精灰平
韻鏡（永祿本）,1078,鮠,14,灰,牙音第四位,疑,一,疑灰平
韻鏡（永祿本）,1079,恢,14,灰,牙音第二位,溪,一,溪灰平
韻鏡（永祿本）,1080,傀,14,灰,牙音第一位,見,一,見灰平
韻鏡（永祿本）,1081,㮃,14,灰,舌音第四位,泥,一,泥灰平
韻鏡（永祿本）,1082,頹,14,灰,舌音第三位,定,一,定灰平
韻鏡（永祿本）,1083,𨌴,14,灰,舌音第二位,透,一,透灰平
韻鏡（永祿本）,1084,磓,14,灰,舌音第一位,端,一,端灰平
韻鏡（永祿本）,1085,枚,14,灰,脣音第四位,明,一,明灰平
韻鏡（永祿本）,1086,裴,14,灰,脣音第三位,並,一,並灰平
韻鏡（永祿本）,1087,肧,14,灰,脣音第二位,滂,一,滂灰平
韻鏡（永祿本）,1088,杯,14,灰,脣音第一位,幫,一,幫灰平
韻鏡（永祿本）,1089,䐯,14,皆,舌齒音第一位,來,二,來合皆平
韻鏡（永祿本）,1090,懷,14,皆,喉音第三位,匣,二,匣合皆平
韻鏡（永祿本）,1091,虺,14,皆,喉音第二位,曉,二,曉合皆平
韻鏡（永祿本）,1092,膗,14,皆,齒音第三位,牀,二,從合皆平
韻鏡（永祿本）,1093,匯,14,皆,牙音第二位,溪,二,溪合皆平
韻鏡（永祿本）,1094,乖,14,皆,牙音第一位,見,二,見合皆平
韻鏡（永祿本）,1095,尵,14,皆,舌音第三位,澄,二,澄合皆平
韻鏡（永祿本）,1096,攜,14,齊,喉音第三位,匣,四,匣合齊平
韻鏡（永祿本）,1097,睳,14,齊,喉音第二位,曉,四,曉合齊平
韻鏡（永祿本）,1098,烓,14,齊,喉音第一位,影,四,影合齊平
韻鏡（永祿本）,1099,睽,14,齊,牙音第二位,溪,四,溪合齊平
韻鏡（永祿本）,1100,圭,14,齊,牙音第一位,見,四,見合齊平
韻鏡（永祿本）,1101,礧,14,賄,舌齒音第一位,來,一,來灰上
韻鏡（永祿本）,1102,倄,14,賄,喉音第四位,喻,一,以灰上
韻鏡（永祿本）,1103,瘣,14,賄,喉音第三位,匣,一,匣灰上
韻鏡（永祿本）,1104,賄,14,賄,喉音第二位,曉,一,曉灰上
韻鏡（永祿本）,1105,猥,14,賄,喉音第一位,影,一,影灰上
韻鏡（永祿本）,1106,罪,14,賄,齒音第三位,從,一,從灰上
韻鏡（永祿本）,1107,皠,14,賄,齒音第二位,清,一,清灰上
韻鏡（永祿本）,1108,嶊,14,賄,齒音第一位,精,一,精灰上
韻鏡（永祿本）,1109,頠,14,賄,牙音第四位,疑,一,疑灰上
韻鏡（永祿本）,1110,䫥,14,賄,牙音第二位,溪,一,溪灰上
韻鏡（永祿本）,1111,餧,14,賄,舌音第四位,泥,一,泥灰上
韻鏡（永祿本）,1112,鐓,14,賄,舌音第三位,定,一,定灰上
韻鏡（永祿本）,1113,骽,14,賄,舌音第二位,透,一,透灰上
韻鏡（永祿本）,1114,𦞙,14,賄,舌音第一位,端,一,端灰上
韻鏡（永祿本）,1115,浼,14,賄,脣音第四位,明,一,明灰上
韻鏡（永祿本）,1116,琲,14,賄,脣音第三位,並,一,並灰上
韻鏡（永祿本）,1117,𩬳,14,駭,舌音第一位,知,二,知合皆上
韻鏡（永祿本）,1118,纇,14,隊,舌齒音第一位,來,一,來灰去
韻鏡（永祿本）,1119,潰,14,隊,喉音第三位,匣,一,匣灰去
韻鏡（永祿本）,1120,誨,14,隊,喉音第二位,曉,一,曉灰去
韻鏡（永祿本）,1121,𩲄,14,隊,喉音第一位,影,一,影灰去
韻鏡（永祿本）,1122,碎,14,隊,齒音第四位,心,一,心灰去
韻鏡（永祿本）,1123,倅,14,隊,齒音第二位,清,一,清灰去
韻鏡（永祿本）,1124,晬,14,隊,齒音第一位,精,一,精灰去
韻鏡（永祿本）,1125,磑,14,隊,牙音第四位,疑,一,疑灰去
韻鏡（永祿本）,1126,鞼,14,隊,牙音第三位,羣,一,羣灰去
韻鏡（永祿本）,1127,塊,14,隊,牙音第二位,溪,一,溪灰去
韻鏡（永祿本）,1128,憒,14,隊,牙音第一位,見,一,見灰去
韻鏡（永祿本）,1129,內,14,隊,舌音第四位,泥,一,泥灰去
韻鏡（永祿本）,1130,隊,14,隊,舌音第三位,定,一,定灰去
韻鏡（永祿本）,1131,退,14,隊,舌音第二位,透,一,透灰去
韻鏡（永祿本）,1132,對,14,隊,舌音第一位,端,一,端灰去
韻鏡（永祿本）,1133,妹,14,隊,脣音第四位,明,一,明灰去
韻鏡（永祿本）,1134,佩,14,隊,脣音第三位,並,一,並灰去
韻鏡（永祿本）,1135,配,14,隊,脣音第二位,滂,一,滂灰去
韻鏡（永祿本）,1136,背,14,隊,脣音第一位,幫,一,幫灰去
韻鏡（永祿本）,1137,壞,14,怪,喉音第三位,匣,二,匣合皆去
韻鏡（永祿本）,1138,𧱳,14,怪,喉音第二位,曉,二,曉合皆去
韻鏡（永祿本）,1139,聵,14,怪,牙音第四位,疑,二,疑合皆去
韻鏡（永祿本）,1140,蒯,14,怪,牙音第二位,溪,二,溪合皆去
韻鏡（永祿本）,1141,怪,14,怪,牙音第一位,見,二,見合皆去
韻鏡（永祿本）,1142,䀛,14,怪,脣音第四位,明,二,明皆去
韻鏡（永祿本）,1143,憊,14,怪,脣音第三位,並,二,並皆去
韻鏡（永祿本）,1144,湃,14,怪,脣音第二位,滂,二,滂皆去
韻鏡（永祿本）,1145,拜,14,怪,脣音第一位,幫,二,幫皆去
韻鏡（永祿本）,1146,芮,14,祭,舌齒音第二位,日,三,日合祭去
韻鏡（永祿本）,1147,衛,14,祭,喉音第四位,喻,三,云合祭去
韻鏡（永祿本）,1149,稅,14,祭,齒音第四位,審,三,書合祭去
韻鏡（永祿本）,1150,毳,14,祭,齒音第二位,穿,三,昌合祭去
韻鏡（永祿本）,1151,贅,14,祭,齒音第一位,照,三,章合祭去
韻鏡（永祿本）,1152,𥏙,14,祭,牙音第二位,溪,三,溪合B祭去
韻鏡（永祿本）,1153,劌,14,祭,牙音第一位,見,三,見合B祭去
韻鏡（永祿本）,1154,綴,14,祭,舌音第一位,知,三,知合祭去
韻鏡（永祿本）,1155,慧,14,霽,喉音第三位,匣,四,匣合齊去
韻鏡（永祿本）,1156,嘒,14,霽,喉音第二位,曉,四,曉合齊去
韻鏡（永祿本）,1157,桂,14,霽,牙音第一位,見,四,見合齊去
韻鏡（永祿本）,1158,話,14,夬,喉音第三位,匣,二,匣合夬去
韻鏡（永祿本）,1159,咶,14,夬,喉音第二位,曉,二,曉合夬去
韻鏡（永祿本）,1160,䵳,14,夬,喉音第一位,影,二,影合夬去
韻鏡（永祿本）,1161,嘬,14,夬,齒音第二位,穿,二,初合夬去
韻鏡（永祿本）,1162,快,14,夬,牙音第二位,溪,二,溪合夬去
韻鏡（永祿本）,1163,夬,14,夬,牙音第一位,見,二,見合夬去
韻鏡（永祿本）,1164,邁,14,夬,脣音第四位,明,二,明夬去
韻鏡（永祿本）,1165,敗,14,夬,脣音第三位,並,二,並夬去
韻鏡（永祿本）,1166,敗,14,夬,脣音第一位,幫,二,幫夬去
韻鏡（永祿本）,1167,膎,15,佳,喉音第三位,匣,二,匣開佳平
韻鏡（永祿本）,1168,㗨,15,佳,喉音第二位,曉,二,曉開佳平
韻鏡（永祿本）,1169,娃,15,佳,喉音第一位,影,二,影開佳平
韻鏡（永祿本）,1170,崽,15,佳,齒音第四位,審,二,生開佳平
韻鏡（永祿本）,1171,柴,15,佳,齒音第三位,牀,二,從開佳平
韻鏡（永祿本）,1172,釵,15,佳,齒音第二位,穿,二,初開佳平
韻鏡（永祿本）,1173,崖,15,佳,牙音第四位,疑,二,疑開佳平
韻鏡（永祿本）,1174,𠇗,15,佳,牙音第二位,溪,二,溪開佳平
韻鏡（永祿本）,1175,佳,15,佳,牙音第一位,見,二,見開佳平
韻鏡（永祿本）,1176,䍲,15,佳,舌音第四位,孃,二,孃開佳平
韻鏡（永祿本）,1177,扠,15,佳,舌音第二位,徹,二,徹開佳平
韻鏡（永祿本）,1178,䁲,15,佳,脣音第四位,明,二,明佳平
韻鏡（永祿本）,1179,牌,15,佳,脣音第三位,並,二,並佳平
韻鏡（永祿本）,1180,蟹,15,蟹,喉音第三位,匣,二,匣開佳上
韻鏡（永祿本）,1181,矮,15,蟹,喉音第一位,影,二,影開佳上
韻鏡（永祿本）,1182,箉,15,蟹,牙音第三位,羣,二,羣開佳上
韻鏡（永祿本）,1183,䒓,15,蟹,牙音第二位,溪,二,溪開佳上
韻鏡（永祿本）,1184,解,15,蟹,牙音第一位,見,二,見開佳上
韻鏡（永祿本）,1185,嬭,15,蟹,舌音第四位,孃,二,孃開佳上
韻鏡（永祿本）,1186,廌,15,蟹,舌音第三位,澄,二,澄開佳上
韻鏡（永祿本）,1187,買,15,蟹,脣音第四位,明,二,明佳上
韻鏡（永祿本）,1188,罷,15,蟹,脣音第三位,並,二,並佳上
韻鏡（永祿本）,1189,擺,15,蟹,脣音第一位,幫,二,幫佳上
韻鏡（永祿本）,1190,賴,15,泰,舌齒音第一位,來,一,來開泰去
韻鏡（永祿本）,1191,害,15,泰,喉音第三位,匣,一,匣開泰去
韻鏡（永祿本）,1192,餀,15,泰,喉音第二位,曉,一,曉開泰去
韻鏡（永祿本）,1193,藹,15,泰,喉音第一位,影,一,影開泰去
韻鏡（永祿本）,1194,蔡,15,泰,齒音第二位,清,一,清開泰去
韻鏡（永祿本）,1195,艾,15,泰,牙音第四位,疑,一,疑開泰去
韻鏡（永祿本）,1196,磕,15,泰,牙音第二位,溪,一,溪開泰去
韻鏡（永祿本）,1197,蓋,15,泰,牙音第一位,見,一,見開泰去
韻鏡（永祿本）,1198,柰,15,泰,舌音第四位,泥,一,泥開泰去
韻鏡（永祿本）,1199,大,15,泰,舌音第三位,定,一,定開泰去
韻鏡（永祿本）,1200,太,15,泰,舌音第二位,透,一,透開泰去
韻鏡（永祿本）,1201,帶,15,泰,舌音第一位,端,一,端開泰去
韻鏡（永祿本）,1202,眜,15,泰,脣音第四位,明,一,明泰去
韻鏡（永祿本）,1203,旆,15,泰,脣音第三位,並,一,並泰去
韻鏡（永祿本）,1204,霈,15,泰,脣音第二位,滂,一,滂泰去
韻鏡（永祿本）,1205,貝,15,泰,脣音第一位,幫,一,幫泰去
韻鏡（永祿本）,1206,邂,15,卦,喉音第三位,匣,二,匣開佳去
韻鏡（永祿本）,1207,謑,15,卦,喉音第二位,曉,二,曉開佳去
韻鏡（永祿本）,1208,隘,15,卦,喉音第一位,影,二,影開佳去
韻鏡（永祿本）,1209,曬,15,卦,齒音第四位,審,二,生開佳去
韻鏡（永祿本）,1210,㾹,15,卦,齒音第三位,牀,二,從開佳去
韻鏡（永祿本）,1211,差,15,卦,齒音第二位,穿,二,初開佳去
韻鏡（永祿本）,1212,債,15,卦,齒音第一位,照,二,莊開佳去
韻鏡（永祿本）,1213,睚,15,卦,牙音第四位,疑,二,疑開佳去
韻鏡（永祿本）,1214,𡢖,15,卦,牙音第二位,溪,二,溪開佳去
韻鏡（永祿本）,1215,懈,15,卦,牙音第一位,見,二,見開佳去
韻鏡（永祿本）,1216,㠔,15,卦,脣音第一位,幫,二,幫佳去
韻鏡（永祿本）,1217,曳,15,祭,喉音第四位,喻,四,以開祭去
韻鏡（永祿本）,1218,䋵,15,祭,喉音第一位,影,四,影開A祭去
韻鏡（永祿本）,1219,藝,15,祭,牙音第四位,疑,四,疑開A祭去
韻鏡（永祿本）,1220,袂,15,祭,脣音第四位,明,四,明A祭去
韻鏡（永祿本）,1221,弊,15,祭,脣音第三位,並,四,並A祭去
韻鏡（永祿本）,1222,潎,15,祭,脣音第二位,滂,四,滂A祭去
韻鏡（永祿本）,1223,蔽,15,祭,脣音第一位,幫,四,幫A祭去
韻鏡（永祿本）,1224,鼃,16,佳,喉音第三位,匣,二,匣合佳平
韻鏡（永祿本）,1225,竵,16,佳,喉音第二位,曉,二,曉合佳平
韻鏡（永祿本）,1226,蛙,16,佳,喉音第一位,影,二,影合佳平
韻鏡（永祿本）,1227,咼,16,佳,牙音第二位,溪,二,溪合佳平
韻鏡（永祿本）,1228,媧,16,佳,牙音第一位,見,二,見合佳平
韻鏡（永祿本）,1229,夥,16,蟹,喉音第三位,匣,二,匣合佳上
韻鏡（永祿本）,1230,扮,16,蟹,喉音第二位,曉,二,曉合佳上
韻鏡（永祿本）,1231,㢊,16,蟹,喉音第一位,影,二,影合佳上
韻鏡（永祿本）,1232,𠁥,16,蟹,牙音第一位,見,二,見合佳上
韻鏡（永祿本）,1233,酹,16,泰,舌齒音第一位,來,一,來合泰去
韻鏡（永祿本）,1234,㦣,16,泰,喉音第四位,喻,一,以合泰去
韻鏡（永祿本）,1235,會,16,泰,喉音第三位,匣,一,匣合泰去
韻鏡（永祿本）,1236,𧬨,16,泰,喉音第二位,曉,一,曉合泰去
韻鏡（永祿本）,1237,懀,16,泰,喉音第一位,影,一,影合泰去
韻鏡（永祿本）,1238,𥕸,16,泰,齒音第四位,心,一,心合泰去
韻鏡（永祿本）,1239,蕞,16,泰,齒音第三位,從,一,從合泰去
韻鏡（永祿本）,1240,襊,16,泰,齒音第二位,清,一,清合泰去
韻鏡（永祿本）,1241,最,16,泰,齒音第一位,精,一,精合泰去
韻鏡（永祿本）,1242,外,16,泰,牙音第四位,疑,一,疑合泰去
韻鏡（永祿本）,1243,𥢶,16,泰,牙音第二位,溪,一,溪合泰去
韻鏡（永祿本）,1244,儈,16,泰,牙音第一位,見,一,見合泰去
韻鏡（永祿本）,1245,兌,16,泰,舌音第三位,定,一,定合泰去
韻鏡（永祿本）,1246,娧,16,泰,舌音第二位,透,一,透合泰去
韻鏡（永祿本）,1247,祋,16,泰,舌音第一位,端,一,端合泰去
韻鏡（永祿本）,1248,卦,16,卦,牙音第一位,見,二,見合佳去
韻鏡（永祿本）,1249,賣,16,卦,脣音第四位,明,二,明佳去
韻鏡（永祿本）,1250,稗,16,卦,脣音第三位,並,二,並佳去
韻鏡（永祿本）,1251,派,16,卦,脣音第二位,滂,二,滂佳去
韻鏡（永祿本）,1252,庍,16,卦,脣音第一位,幫,二,幫佳去
韻鏡（永祿本）,1253,銳,16,祭,喉音第四位,喻,四,以合祭去
韻鏡（永祿本）,1254,篲,16,祭,齒音第五位,邪,四,邪合祭去
韻鏡（永祿本）,1255,歲,16,祭,齒音第四位,心,四,心合祭去
韻鏡（永祿本）,1256,膬,16,祭,齒音第二位,清,四,清合祭去
韻鏡（永祿本）,1257,蕝,16,祭,齒音第一位,精,四,精合祭去
韻鏡（永祿本）,1258,瀱,16,祭,牙音第一位,見,四,見合A祭去
韻鏡（永祿本）,1259,痕,17,痕,喉音第三位,匣,一,匣痕平
韻鏡（永祿本）,1260,恩,17,痕,喉音第一位,影,一,影痕平
韻鏡（永祿本）,1261,垠,17,痕,牙音第四位,疑,一,疑痕平
韻鏡（永祿本）,1262,根,17,痕,牙音第一位,見,一,見痕平
韻鏡（永祿本）,1263,吞,17,痕,舌音第二位,透,一,透痕平
韻鏡（永祿本）,1264,莘,17,臻,齒音第四位,審,二,生臻平
韻鏡（永祿本）,1265,𦿒,17,臻,齒音第三位,牀,二,從臻平
韻鏡（永祿本）,1266,臻,17,臻,齒音第一位,照,二,莊臻平
韻鏡（永祿本）,1267,人,17,眞,舌齒音第二位,日,三,日開眞平
韻鏡（永祿本）,1268,鄰,17,眞,舌齒音第一位,來,三,來開眞平
韻鏡（永祿本）,1269,囩,17,眞,喉音第四位,喻,三,云開眞平
韻鏡（永祿本）,1270,𪔗,17,眞,喉音第一位,影,三,影開B眞平
韻鏡（永祿本）,1271,辰,17,眞,齒音第五位,禪,三,船開眞平
韻鏡（永祿本）,1272,申,17,眞,齒音第四位,審,三,書開眞平
韻鏡（永祿本）,1273,神,17,眞,齒音第三位,牀,三,常開眞平
韻鏡（永祿本）,1274,瞋,17,眞,齒音第二位,穿,三,昌開眞平
韻鏡（永祿本）,1275,真,17,眞,齒音第一位,照,三,章開眞平
韻鏡（永祿本）,1276,銀,17,眞,牙音第四位,疑,三,疑開B眞平
韻鏡（永祿本）,1277,𥎊,17,眞,牙音第三位,羣,三,羣開B眞平
韻鏡（永祿本）,1278,巾,17,眞,牙音第一位,見,三,見開B眞平
韻鏡（永祿本）,1279,紉,17,眞,舌音第四位,孃,三,孃開眞平
韻鏡（永祿本）,1280,陳,17,眞,舌音第三位,澄,三,澄開眞平
韻鏡（永祿本）,1281,𤣆,17,眞,舌音第二位,徹,三,徹開眞平
韻鏡（永祿本）,1282,珍,17,眞,舌音第一位,知,三,知開眞平
韻鏡（永祿本）,1283,珉,17,眞,脣音第四位,明,三,明B眞平
韻鏡（永祿本）,1284,貧,17,眞,脣音第三位,並,三,並B眞平
韻鏡（永祿本）,1285,彬,17,眞,脣音第一位,幫,三,幫B眞平
韻鏡（永祿本）,1286,寅,17,眞,喉音第四位,喻,四,以開眞平
韻鏡（永祿本）,1287,礥,17,眞,喉音第三位,匣,四,匣開眞平
韻鏡（永祿本）,1288,因,17,眞,喉音第一位,影,四,影開A眞平
韻鏡（永祿本）,1289,辛,17,眞,齒音第四位,心,四,心開眞平
韻鏡（永祿本）,1290,秦,17,眞,齒音第三位,從,四,從開眞平
韻鏡（永祿本）,1291,親,17,眞,齒音第二位,清,四,清開眞平
韻鏡（永祿本）,1292,津,17,眞,齒音第一位,精,四,精開眞平
韻鏡（永祿本）,1293,民,17,眞,脣音第四位,明,四,明A眞平
韻鏡（永祿本）,1294,頻,17,眞,脣音第三位,並,四,並A眞平
韻鏡（永祿本）,1295,繽,17,眞,脣音第二位,滂,四,滂A眞平
韻鏡（永祿本）,1296,賓,17,眞,脣音第一位,幫,四,幫A眞平
韻鏡（永祿本）,1297,很,17,很,喉音第三位,匣,一,匣痕上
韻鏡（永祿本）,1298,䅰,17,很,喉音第一位,影,一,影痕上
韻鏡（永祿本）,1299,𩝗,17,很,牙音第三位,羣,一,羣痕上
韻鏡（永祿本）,1300,墾,17,很,牙音第二位,溪,一,溪痕上
韻鏡（永祿本）,1301,䫀,17,很,牙音第一位,見,一,見痕上
韻鏡（永祿本）,1302,䘆,17,軫,喉音第二位,曉,二,曉開A眞上
韻鏡（永祿本）,1303,濜,17,軫,齒音第三位,牀,二,從開眞上
韻鏡（永祿本）,1304,齔,17,軫,齒音第二位,穿,二,初開眞上
韻鏡（永祿本）,1305,忍,17,軫,舌齒音第二位,日,三,日開眞上
韻鏡（永祿本）,1306,嶙,17,軫,舌齒音第一位,來,三,來開眞上
韻鏡（永祿本）,1307,隕,17,軫,喉音第四位,喻,三,云開眞上
韻鏡（永祿本）,1308,胗,17,軫,喉音第二位,曉,三,曉開B眞上
韻鏡（永祿本）,1309,腎,17,軫,齒音第五位,禪,三,船開眞上
韻鏡（永祿本）,1310,矧,17,軫,齒音第四位,審,三,書開眞上
韻鏡（永祿本）,1311,軫,17,軫,齒音第一位,照,三,章開眞上
韻鏡（永祿本）,1312,釿,17,軫,牙音第四位,疑,三,疑開B眞上
韻鏡（永祿本）,1313,螼,17,軫,牙音第二位,溪,三,溪開B眞上
韻鏡（永祿本）,1314,𢀿,17,軫,牙音第一位,見,三,見開B眞上
韻鏡（永祿本）,1315,紖,17,軫,舌音第三位,澄,三,澄開眞上
韻鏡（永祿本）,1316,辴,17,軫,舌音第二位,徹,三,徹開眞上
韻鏡（永祿本）,1317,屒,17,軫,舌音第一位,知,三,知開眞上
韻鏡（永祿本）,1318,愍,17,軫,脣音第四位,明,三,明B眞上
韻鏡（永祿本）,1319,引,17,軫,喉音第四位,喻,四,以開眞上
韻鏡（永祿本）,1320,盡,17,軫,齒音第三位,從,四,從開眞上
韻鏡（永祿本）,1321,笉,17,軫,齒音第二位,清,四,清開眞上
韻鏡（永祿本）,1322,㯸,17,軫,齒音第一位,精,四,精開眞上
韻鏡（永祿本）,1323,緊,17,軫,牙音第一位,見,四,見開A眞上
韻鏡（永祿本）,1324,泯,17,軫,脣音第四位,明,四,明A眞上
韻鏡（永祿本）,1325,牝,17,軫,脣音第三位,並,四,並A眞上
韻鏡（永祿本）,1326,恨,17,恨,喉音第三位,匣,一,匣痕去
韻鏡（永祿本）,1327,䭡,17,恨,喉音第一位,影,一,影痕去
韻鏡（永祿本）,1328,艮,17,恨,牙音第一位,見,一,見痕去
韻鏡（永祿本）,1329,櫬,17,震,齒音第二位,穿,二,初開眞去
韻鏡（永祿本）,1330,刃,17,震,舌齒音第二位,日,三,日開眞去
韻鏡（永祿本）,1331,遴,17,震,舌齒音第一位,來,三,來開眞去
韻鏡（永祿本）,1332,慎,17,震,齒音第五位,禪,三,船開眞去
韻鏡（永祿本）,1333,眒,17,震,齒音第四位,審,三,書開眞去
韻鏡（永祿本）,1334,震,17,震,齒音第一位,照,三,章開眞去
韻鏡（永祿本）,1335,憖,17,震,牙音第四位,疑,三,疑開B眞去
韻鏡（永祿本）,1336,僅,17,震,牙音第三位,羣,三,羣開B眞去
韻鏡（永祿本）,1337,菣,17,震,牙音第二位,溪,三,溪開B眞去
韻鏡（永祿本）,1338,㧆,17,震,牙音第一位,見,三,見開B眞去
韻鏡（永祿本）,1339,陣,17,震,舌音第三位,澄,三,澄開眞去
韻鏡（永祿本）,1340,疢,17,震,舌音第二位,徹,三,徹開眞去
韻鏡（永祿本）,1341,鎮,17,震,舌音第一位,知,三,知開眞去
韻鏡（永祿本）,1342,酳,17,震,喉音第四位,喻,四,以開眞去
韻鏡（永祿本）,1343,衅,17,震,喉音第二位,曉,四,曉開A眞去
韻鏡（永祿本）,1344,印,17,震,喉音第一位,影,四,影開A眞去
韻鏡（永祿本）,1345,賮,17,震,齒音第五位,邪,四,邪開眞去
韻鏡（永祿本）,1346,信,17,震,齒音第四位,心,四,心開眞去
韻鏡（永祿本）,1347,親,17,震,齒音第二位,清,四,清開眞去
韻鏡（永祿本）,1348,晉,17,震,齒音第一位,精,四,精開眞去
韻鏡（永祿本）,1349,螼,17,震,牙音第二位,溪,四,溪開A眞去
韻鏡（永祿本）,1350,呁,17,震,牙音第一位,見,四,見開A眞去
韻鏡（永祿本）,1352,儐,17,震,脣音第一位,幫,四,幫A眞去
韻鏡（永祿本）,1353,麧,17,麧,喉音第三位,匣,一,匣痕入
韻鏡（永祿本）,1354,䅱,17,麧,牙音第二位,溪,一,溪痕入
韻鏡（永祿本）,1355,𥝬,17,麧,牙音第一位,見,一,見痕入
韻鏡（永祿本）,1356,瑟,17,櫛,齒音第四位,審,二,生臻入
韻鏡（永祿本）,1357,𪗨,17,櫛,齒音第三位,牀,二,從臻入
韻鏡（永祿本）,1358,櫛,17,櫛,齒音第一位,照,二,莊臻入
韻鏡（永祿本）,1359,日,17,質,舌齒音第二位,日,三,日開眞入
韻鏡（永祿本）,1360,栗,17,質,舌齒音第一位,來,三,來開眞入
韻鏡（永祿本）,1361,䫻,17,質,喉音第四位,喻,三,云開眞入
韻鏡（永祿本）,1362,肸,17,質,喉音第二位,曉,三,曉開B眞入
韻鏡（永祿本）,1363,乙,17,質,喉音第一位,影,三,影開B眞入
韻鏡（永祿本）,1364,失,17,質,齒音第四位,審,三,書開眞入
韻鏡（永祿本）,1365,實,17,質,齒音第三位,牀,三,常開眞入
韻鏡（永祿本）,1366,叱,17,質,齒音第二位,穿,三,昌開眞入
韻鏡（永祿本）,1367,質,17,質,齒音第一位,照,三,章開眞入
韻鏡（永祿本）,1368,耴,17,質,牙音第四位,疑,三,疑開B眞入
韻鏡（永祿本）,1369,姞,17,質,牙音第三位,羣,三,羣開B眞入
韻鏡（永祿本）,1370,暨,17,質,牙音第一位,見,三,見開B眞入
韻鏡（永祿本）,1371,暱,17,質,舌音第四位,孃,三,孃開眞入
韻鏡（永祿本）,1372,秩,17,質,舌音第三位,澄,三,澄開眞入
韻鏡（永祿本）,1373,抶,17,質,舌音第二位,徹,三,徹開眞入
韻鏡（永祿本）,1374,窒,17,質,舌音第一位,知,三,知開眞入
韻鏡（永祿本）,1375,密,17,質,脣音第四位,明,三,明B眞入
韻鏡（永祿本）,1376,弼,17,質,脣音第三位,並,三,並B眞入
韻鏡（永祿本）,1377,筆,17,質,脣音第一位,幫,三,幫B眞入
韻鏡（永祿本）,1378,逸,17,質,喉音第四位,喻,四,以開眞入
韻鏡（永祿本）,1379,欯,17,質,喉音第二位,曉,四,曉開A眞入
韻鏡（永祿本）,1380,一,17,質,喉音第一位,影,四,影開A眞入
韻鏡（永祿本）,1381,悉,17,質,齒音第四位,心,四,心開眞入
韻鏡（永祿本）,1382,疾,17,質,齒音第三位,從,四,從開眞入
韻鏡（永祿本）,1383,七,17,質,齒音第二位,清,四,清開眞入
韻鏡（永祿本）,1384,堲,17,質,齒音第一位,精,四,精開眞入
韻鏡（永祿本）,1385,佶,17,質,牙音第三位,羣,四,羣開A眞入
韻鏡（永祿本）,1386,詰,17,質,牙音第二位,溪,四,溪開A眞入
韻鏡（永祿本）,1387,吉,17,質,牙音第一位,見,四,見開A眞入
韻鏡（永祿本）,1388,昵,17,質,舌音第四位,泥,四,泥開眞入
韻鏡（永祿本）,1389,姪,17,質,舌音第三位,定,四,定開眞入
韻鏡（永祿本）,1390,蛭,17,質,舌音第一位,端,四,端開眞入
韻鏡（永祿本）,1391,蜜,17,質,脣音第四位,明,四,明A眞入
韻鏡（永祿本）,1392,邲,17,質,脣音第三位,並,四,並A眞入
韻鏡（永祿本）,1393,匹,17,質,脣音第二位,滂,四,滂A眞入
韻鏡（永祿本）,1394,必,17,質,脣音第一位,幫,四,幫A眞入
韻鏡（永祿本）,1395,論,18,魂,舌齒音第一位,來,一,來魂平
韻鏡（永祿本）,1396,䰟,18,魂,喉音第三位,匣,一,匣魂平
韻鏡（永祿本）,1397,昏,18,魂,喉音第二位,曉,一,曉魂平
韻鏡（永祿本）,1398,温,18,魂,喉音第一位,影,一,影魂平
韻鏡（永祿本）,1399,孫,18,魂,齒音第四位,心,一,心魂平
韻鏡（永祿本）,1400,存,18,魂,齒音第三位,從,一,從魂平
韻鏡（永祿本）,1401,村,18,魂,齒音第二位,清,一,清魂平
韻鏡（永祿本）,1402,尊,18,魂,齒音第一位,精,一,精魂平
韻鏡（永祿本）,1403,㑮,18,魂,牙音第四位,疑,一,疑魂平
韻鏡（永祿本）,1404,坤,18,魂,牙音第二位,溪,一,溪魂平
韻鏡（永祿本）,1405,昆,18,魂,牙音第一位,見,一,見魂平
韻鏡（永祿本）,1406,黁,18,魂,舌音第四位,泥,一,泥魂平
韻鏡（永祿本）,1407,屯,18,魂,舌音第三位,定,一,定魂平
韻鏡（永祿本）,1408,暾,18,魂,舌音第二位,透,一,透魂平
韻鏡（永祿本）,1409,敦,18,魂,舌音第一位,端,一,端魂平
韻鏡（永祿本）,1410,門,18,魂,脣音第四位,明,一,明魂平
韻鏡（永祿本）,1411,盆,18,魂,脣音第三位,並,一,並魂平
韻鏡（永祿本）,1412,歕,18,魂,脣音第二位,滂,一,滂魂平
韻鏡（永祿本）,1413,奔,18,魂,脣音第一位,幫,一,幫魂平
韻鏡（永祿本）,1414,犉,18,眞,舌齒音第二位,日,三,日合眞平
韻鏡（永祿本）,1415,淪,18,眞,舌齒音第一位,來,三,來合眞平
韻鏡（永祿本）,1416,筠,18,眞,喉音第四位,喻,三,云合眞平
韻鏡（永祿本）,1417,贇,18,眞,喉音第一位,影,三,影合B眞平
韻鏡（永祿本）,1418,純,18,眞,齒音第五位,禪,三,船合眞平
韻鏡（永祿本）,1419,媋,18,眞,齒音第四位,審,三,書合眞平
韻鏡（永祿本）,1420,脣,18,眞,齒音第三位,牀,三,常合眞平
韻鏡（永祿本）,1421,春,18,眞,齒音第二位,穿,三,昌合眞平
韻鏡（永祿本）,1422,諄,18,眞,齒音第一位,照,三,章合眞平
韻鏡（永祿本）,1423,囷,18,眞,牙音第二位,溪,三,溪合B眞平
韻鏡（永祿本）,1424,麏,18,眞,牙音第一位,見,三,見合B眞平
韻鏡（永祿本）,1425,䣩,18,眞,舌音第三位,澄,三,澄合眞平
韻鏡（永祿本）,1426,椿,18,眞,舌音第二位,徹,三,徹合眞平
韻鏡（永祿本）,1427,迍,18,眞,舌音第一位,知,三,知合眞平
韻鏡（永祿本）,1428,𥖀,18,眞,脣音第二位,滂,三,滂B眞平
韻鏡（永祿本）,1429,勻,18,眞,喉音第四位,喻,四,以合眞平
韻鏡（永祿本）,1430,奫,18,眞,喉音第一位,影,四,影合A眞平
韻鏡（永祿本）,1431,旬,18,眞,齒音第五位,邪,四,邪合眞平
韻鏡（永祿本）,1432,荀,18,眞,齒音第四位,心,四,心合眞平
韻鏡（永祿本）,1433,鷷,18,眞,齒音第三位,從,四,從合眞平
韻鏡（永祿本）,1434,逡,18,眞,齒音第二位,清,四,清合眞平
韻鏡（永祿本）,1435,遵,18,眞,齒音第一位,精,四,精合眞平
韻鏡（永祿本）,1436,憌,18,眞,牙音第三位,羣,四,羣合A眞平
韻鏡（永祿本）,1437,均,18,眞,牙音第一位,見,四,見合A眞平
韻鏡（永祿本）,1438,㤻,18,混,舌齒音第一位,來,一,來魂上
韻鏡（永祿本）,1439,混,18,混,喉音第三位,匣,一,匣魂上
韻鏡（永祿本）,1440,𦃕,18,混,喉音第二位,曉,一,曉魂上
韻鏡（永祿本）,1441,穩,18,混,喉音第一位,影,一,影魂上
韻鏡（永祿本）,1442,損,18,混,齒音第四位,心,一,心魂上
韻鏡（永祿本）,1443,鱒,18,混,齒音第三位,從,一,從魂上
韻鏡（永祿本）,1444,忖,18,混,齒音第二位,清,一,清魂上
韻鏡（永祿本）,1445,𠟃,18,混,齒音第一位,精,一,精魂上
韻鏡（永祿本）,1446,閫,18,混,牙音第二位,溪,一,溪魂上
韻鏡（永祿本）,1447,𩩌,18,混,牙音第一位,見,一,見魂上
韻鏡（永祿本）,1448,㶧,18,混,舌音第四位,泥,一,泥魂上
韻鏡（永祿本）,1449,囤,18,混,舌音第三位,定,一,定魂上
韻鏡（永祿本）,1450,畽,18,混,舌音第二位,透,一,透魂上
韻鏡（永祿本）,1451,懣,18,混,脣音第四位,明,一,明魂上
韻鏡（永祿本）,1452,獖,18,混,脣音第三位,並,一,並魂上
韻鏡（永祿本）,1453,翉,18,混,脣音第二位,滂,一,滂魂上
韻鏡（永祿本）,1454,本,18,混,脣音第一位,幫,一,幫魂上
韻鏡（永祿本）,1456,耣,18,軫,舌齒音第一位,來,三,來合眞上
韻鏡（永祿本）,1457,賰,18,軫,齒音第四位,審,三,書合眞上
韻鏡（永祿本）,1458,盾,18,軫,齒音第三位,牀,三,常合眞上
韻鏡（永祿本）,1459,蠢,18,軫,齒音第二位,穿,三,昌合眞上
韻鏡（永祿本）,1460,準,18,軫,齒音第一位,照,三,章合眞上
韻鏡（永祿本）,1461,窘,18,軫,牙音第三位,羣,三,羣合B眞上
韻鏡（永祿本）,1462,稇,18,軫,牙音第二位,溪,三,溪合B眞上
韻鏡（永祿本）,1463,偆,18,軫,舌音第二位,徹,三,徹合眞上
韻鏡（永祿本）,1464,蝡,18,軫,舌齒音第二位,日,四,日合眞上
韻鏡（永祿本）,1465,尹,18,軫,喉音第四位,喻,四,以合眞上
韻鏡（永祿本）,1466,楯,18,軫,齒音第五位,邪,四,邪合眞上
韻鏡（永祿本）,1467,筍,18,軫,齒音第四位,心,四,心合眞上
韻鏡（永祿本）,1468,論,18,慁,舌齒音第一位,來,一,來魂去
韻鏡（永祿本）,1469,慁,18,慁,喉音第三位,匣,一,匣魂去
韻鏡（永祿本）,1470,惛,18,慁,喉音第二位,曉,一,曉魂去
韻鏡（永祿本）,1471,搵,18,慁,喉音第一位,影,一,影魂去
韻鏡（永祿本）,1472,巽,18,慁,齒音第四位,心,一,心魂去
韻鏡（永祿本）,1473,鐏,18,慁,齒音第三位,從,一,從魂去
韻鏡（永祿本）,1474,寸,18,慁,齒音第二位,清,一,清魂去
韻鏡（永祿本）,1475,焌,18,慁,齒音第一位,精,一,精魂去
韻鏡（永祿本）,1476,顐,18,慁,牙音第四位,疑,一,疑魂去
韻鏡（永祿本）,1477,困,18,慁,牙音第二位,溪,一,溪魂去
韻鏡（永祿本）,1478,睔,18,慁,牙音第一位,見,一,見魂去
韻鏡（永祿本）,1479,嫩,18,慁,舌音第四位,泥,一,泥魂去
韻鏡（永祿本）,1480,鈍,18,慁,舌音第三位,定,一,定魂去
韻鏡（永祿本）,1482,頓,18,慁,舌音第一位,端,一,端魂去
韻鏡（永祿本）,1483,悶,18,慁,脣音第四位,明,一,明魂去
韻鏡（永祿本）,1484,坌,18,慁,脣音第三位,並,一,並魂去
韻鏡（永祿本）,1485,噴,18,慁,脣音第二位,滂,一,滂魂去
韻鏡（永祿本）,1486,奔,18,慁,脣音第一位,幫,一,幫魂去
韻鏡（永祿本）,1487,閏,18,震,舌齒音第二位,日,三,日合眞去
韻鏡（永祿本）,1488,順,18,震,齒音第五位,禪,三,船合眞去
韻鏡（永祿本）,1489,舜,18,震,齒音第四位,審,三,書合眞去
韻鏡（永祿本）,1490,稕,18,震,齒音第一位,照,三,章合眞去
韻鏡（永祿本）,1491,殉,18,震,齒音第五位,邪,四,邪合眞去
韻鏡（永祿本）,1492,峻,18,震,齒音第四位,心,四,心合眞去
韻鏡（永祿本）,1493,雋,18,震,齒音第一位,精,四,精合眞去
韻鏡（永祿本）,1494,呁,18,震,牙音第一位,見,四,見合A眞去
韻鏡（永祿本）,1495,𠀽,18,沒,舌齒音第一位,來,一,來魂入
韻鏡（永祿本）,1496,搰,18,沒,喉音第三位,匣,一,匣魂入
韻鏡（永祿本）,1497,忽,18,沒,喉音第二位,曉,一,曉魂入
韻鏡（永祿本）,1498,𩑦,18,沒,喉音第一位,影,一,影魂入
韻鏡（永祿本）,1499,窣,18,沒,齒音第四位,心,一,心魂入
韻鏡（永祿本）,1500,捽,18,沒,齒音第三位,從,一,從魂入
韻鏡（永祿本）,1501,猝,18,沒,齒音第二位,清,一,清魂入
韻鏡（永祿本）,1502,卒,18,沒,齒音第一位,精,一,精魂入
韻鏡（永祿本）,1503,兀,18,沒,牙音第四位,疑,一,疑魂入
韻鏡（永祿本）,1504,窟,18,沒,牙音第二位,溪,一,溪魂入
韻鏡（永祿本）,1505,骨,18,沒,牙音第一位,見,一,見魂入
韻鏡（永祿本）,1506,訥,18,沒,舌音第四位,泥,一,泥魂入
韻鏡（永祿本）,1507,突,18,沒,舌音第三位,定,一,定魂入
韻鏡（永祿本）,1508,宊,18,沒,舌音第二位,透,一,透魂入
韻鏡（永祿本）,1509,咄,18,沒,舌音第一位,端,一,端魂入
韻鏡（永祿本）,1510,沒,18,沒,脣音第四位,明,一,明魂入
韻鏡（永祿本）,1511,勃,18,沒,脣音第三位,並,一,並魂入
韻鏡（永祿本）,1512,䪬,18,沒,脣音第二位,滂,一,滂魂入
韻鏡（永祿本）,1513,率,18,質,齒音第四位,審,二,生合眞入
韻鏡（永祿本）,1514,𠭴,18,質,齒音第一位,照,二,莊合眞入
韻鏡（永祿本）,1515,律,18,質,舌齒音第一位,來,三,來合眞入
韻鏡（永祿本）,1516,術,18,質,齒音第三位,牀,三,常合眞入
韻鏡（永祿本）,1517,出,18,質,齒音第二位,穿,三,昌合眞入
韻鏡（永祿本）,1518,屈,18,質,牙音第三位,羣,三,羣合B眞入
韻鏡（永祿本）,1519,朮,18,質,舌音第三位,澄,三,澄合眞入
韻鏡（永祿本）,1520,黜,18,質,舌音第二位,徹,三,徹合眞入
韻鏡（永祿本）,1521,㤕,18,質,舌音第一位,知,三,知合眞入
韻鏡（永祿本）,1522,聿,18,質,喉音第四位,喻,四,以合眞入
韻鏡（永祿本）,1523,獝,18,質,喉音第二位,曉,四,曉合A眞入
韻鏡（永祿本）,1524,恤,18,質,齒音第四位,心,四,心合眞入
韻鏡（永祿本）,1525,崒,18,質,齒音第三位,從,四,從合眞入
韻鏡（永祿本）,1526,焌,18,質,齒音第二位,清,四,清合眞入
韻鏡（永祿本）,1527,卒,18,質,齒音第一位,精,四,精合眞入
韻鏡（永祿本）,1529,橘,18,質,牙音第一位,見,四,見合A眞入
韻鏡（永祿本）,1530,欣,19,欣,喉音第二位,曉,三,曉欣平
韻鏡（永祿本）,1531,殷,19,欣,喉音第一位,影,三,影欣平
韻鏡（永祿本）,1532,䖐,19,欣,牙音第四位,疑,三,疑欣平
韻鏡（永祿本）,1533,勤,19,欣,牙音第三位,羣,三,羣欣平
韻鏡（永祿本）,1534,斤,19,欣,牙音第一位,見,三,見欣平
韻鏡（永祿本）,1535,䘆,19,隱,喉音第二位,曉,三,曉欣上
韻鏡（永祿本）,1536,隱,19,隱,喉音第一位,影,三,影欣上
韻鏡（永祿本）,1537,听,19,隱,牙音第四位,疑,三,疑欣上
韻鏡（永祿本）,1538,近,19,隱,牙音第三位,羣,三,羣欣上
韻鏡（永祿本）,1539,赾,19,隱,牙音第二位,溪,三,溪欣上
韻鏡（永祿本）,1540,謹,19,隱,牙音第一位,見,三,見欣上
韻鏡（永祿本）,1541,焮,19,焮,喉音第二位,曉,三,曉欣去
韻鏡（永祿本）,1542,㒚,19,焮,喉音第一位,影,三,影欣去
韻鏡（永祿本）,1543,垽,19,焮,牙音第四位,疑,三,疑欣去
韻鏡（永祿本）,1544,近,19,焮,牙音第三位,羣,三,羣欣去
韻鏡（永祿本）,1545,靳,19,焮,牙音第一位,見,三,見欣去
韻鏡（永祿本）,1546,迄,19,迄,喉音第二位,曉,三,曉欣入
韻鏡（永祿本）,1547,疙,19,迄,牙音第四位,疑,三,疑欣入
韻鏡（永祿本）,1548,䞘,19,迄,牙音第三位,羣,三,羣欣入
韻鏡（永祿本）,1549,乞,19,迄,牙音第二位,溪,三,溪欣入
韻鏡（永祿本）,1550,訖,19,迄,牙音第一位,見,三,見欣入
韻鏡（永祿本）,1551,雲,20,文,喉音第四位,喻,三,云文平
韻鏡（永祿本）,1552,薰,20,文,喉音第二位,曉,三,曉文平
韻鏡（永祿本）,1553,熅,20,文,喉音第一位,影,三,影文平
韻鏡（永祿本）,1554,羣,20,文,牙音第三位,羣,三,羣文平
韻鏡（永祿本）,1555,君,20,文,牙音第一位,見,三,見文平
韻鏡（永祿本）,1556,文,20,文,脣音第四位,微,三,明文平
韻鏡（永祿本）,1557,汾,20,文,脣音第三位,奉,三,並文平
韻鏡（永祿本）,1558,芬,20,文,脣音第二位,敷,三,滂文平
韻鏡（永祿本）,1559,分,20,文,脣音第一位,非,三,幫文平
韻鏡（永祿本）,1560,抎,20,吻,喉音第四位,喻,三,云文上
韻鏡（永祿本）,1561,惲,20,吻,喉音第一位,影,三,影文上
韻鏡（永祿本）,1562,齳,20,吻,牙音第四位,疑,三,疑文上
韻鏡（永祿本）,1563,𧼐,20,吻,牙音第二位,溪,三,溪文上
韻鏡（永祿本）,1564,攟,20,吻,牙音第一位,見,三,見文上
韻鏡（永祿本）,1565,吻,20,吻,脣音第四位,微,三,明文上
韻鏡（永祿本）,1566,憤,20,吻,脣音第三位,奉,三,並文上
韻鏡（永祿本）,1567,忿,20,吻,脣音第二位,敷,三,滂文上
韻鏡（永祿本）,1568,粉,20,吻,脣音第一位,非,三,幫文上
韻鏡（永祿本）,1569,運,20,問,喉音第四位,喻,三,云文去
韻鏡（永祿本）,1570,訓,20,問,喉音第二位,曉,三,曉文去
韻鏡（永祿本）,1571,醞,20,問,喉音第一位,影,三,影文去
韻鏡（永祿本）,1572,郡,20,問,牙音第三位,羣,三,羣文去
韻鏡（永祿本）,1573,攈,20,問,牙音第一位,見,三,見文去
韻鏡（永祿本）,1574,問,20,問,脣音第四位,微,三,明文去
韻鏡（永祿本）,1575,分,20,問,脣音第三位,奉,三,並文去
韻鏡（永祿本）,1576,糞,20,問,脣音第一位,非,三,幫文去
韻鏡（永祿本）,1577,䬑,20,物,喉音第四位,喻,三,云文入
韻鏡（永祿本）,1578,䬍,20,物,喉音第二位,曉,三,曉文入
韻鏡（永祿本）,1579,鬱,20,物,喉音第一位,影,三,影文入
韻鏡（永祿本）,1580,崛,20,物,牙音第四位,疑,三,疑文入
韻鏡（永祿本）,1581,倔,20,物,牙音第三位,羣,三,羣文入
韻鏡（永祿本）,1582,屈,20,物,牙音第二位,溪,三,溪文入
韻鏡（永祿本）,1583,𠀔,20,物,牙音第一位,見,三,見文入
韻鏡（永祿本）,1584,物,20,物,脣音第四位,微,三,明文入
韻鏡（永祿本）,1585,佛,20,物,脣音第三位,奉,三,並文入
韻鏡（永祿本）,1586,拂,20,物,脣音第二位,敷,三,滂文入
韻鏡（永祿本）,1587,弗,20,物,脣音第一位,非,三,幫文入
韻鏡（永祿本）,1588,斕,21,山,舌齒音第一位,來,二,來開山平
韻鏡（永祿本）,1589,閑,21,山,喉音第三位,匣,二,匣開山平
韻鏡（永祿本）,1590,羴,21,山,喉音第二位,曉,二,曉開山平
韻鏡（永祿本）,1591,黰,21,山,喉音第一位,影,二,影開山平
韻鏡（永祿本）,1592,山,21,山,齒音第四位,審,二,生開山平
韻鏡（永祿本）,1593,虥,21,山,齒音第三位,牀,二,從開山平
韻鏡（永祿本）,1594,㺗,21,山,齒音第二位,穿,二,初開山平
韻鏡（永祿本）,1595,訮,21,山,牙音第四位,疑,二,疑開山平
韻鏡（永祿本）,1596,慳,21,山,牙音第二位,溪,二,溪開山平
韻鏡（永祿本）,1597,閒,21,山,牙音第一位,見,二,見開山平
韻鏡（永祿本）,1598,嘫,21,山,舌音第四位,孃,二,孃開山平
韻鏡（永祿本）,1599,𤣆,21,山,舌音第三位,澄,二,澄開山平
韻鏡（永祿本）,1600,譠,21,山,舌音第一位,知,二,知開山平
韻鏡（永祿本）,1601,斒,21,山,脣音第一位,幫,二,幫山平
韻鏡（永祿本）,1602,軒,21,元,喉音第二位,曉,三,曉開元平
韻鏡（永祿本）,1603,蔫,21,元,喉音第一位,影,三,影開元平
韻鏡（永祿本）,1604,言,21,元,牙音第四位,疑,三,疑開元平
韻鏡（永祿本）,1605,𥴤,21,元,牙音第三位,羣,三,羣開元平
韻鏡（永祿本）,1606,攑,21,元,牙音第二位,溪,三,溪開元平
韻鏡（永祿本）,1607,犍,21,元,牙音第一位,見,三,見開元平
韻鏡（永祿本）,1608,延,21,仙,喉音第四位,喻,四,以開仙平
韻鏡（永祿本）,1609,涎,21,仙,齒音第五位,邪,四,邪開仙平
韻鏡（永祿本）,1610,仙,21,仙,齒音第四位,心,四,心開仙平
韻鏡（永祿本）,1611,錢,21,仙,齒音第三位,從,四,從開仙平
韻鏡（永祿本）,1612,遷,21,仙,齒音第二位,清,四,清開仙平
韻鏡（永祿本）,1613,煎,21,仙,齒音第一位,精,四,精開仙平
韻鏡（永祿本）,1614,甄,21,仙,牙音第一位,見,四,見開A仙平
韻鏡（永祿本）,1615,綿,21,仙,脣音第四位,明,四,明A仙平
韻鏡（永祿本）,1616,楩,21,仙,脣音第三位,並,四,並A仙平
韻鏡（永祿本）,1617,篇,21,仙,脣音第二位,滂,四,滂A仙平
韻鏡（永祿本）,1618,鞭,21,仙,脣音第一位,幫,四,幫A仙平
韻鏡（永祿本）,1619,限,21,產,喉音第三位,匣,二,匣開山上
韻鏡（永祿本）,1620,產,21,產,齒音第四位,審,二,生開山上
韻鏡（永祿本）,1621,棧,21,產,齒音第三位,牀,二,從開山上
韻鏡（永祿本）,1622,剗,21,產,齒音第二位,穿,二,初開山上
韻鏡（永祿本）,1623,醆,21,產,齒音第一位,照,二,莊開山上
韻鏡（永祿本）,1624,眼,21,產,牙音第四位,疑,二,疑開山上
韻鏡（永祿本）,1625,齦,21,產,牙音第二位,溪,二,溪開山上
韻鏡（永祿本）,1626,簡,21,產,牙音第一位,見,二,見開山上
韻鏡（永祿本）,1627,𥇅,21,產,脣音第四位,明,二,明山上
韻鏡（永祿本）,1628,阪,21,產,脣音第三位,並,二,並山上
韻鏡（永祿本）,1629,昄,21,產,脣音第二位,滂,二,滂山上
韻鏡（永祿本）,1630,版,21,產,脣音第一位,幫,二,幫山上
韻鏡（永祿本）,1631,幰,21,阮,喉音第二位,曉,三,曉開元上
韻鏡（永祿本）,1632,堰,21,阮,喉音第一位,影,三,影開元上
韻鏡（永祿本）,1633,𧥜,21,阮,牙音第四位,疑,三,疑開元上
韻鏡（永祿本）,1634,寋,21,阮,牙音第三位,羣,三,羣開元上
韻鏡（永祿本）,1635,𧥛,21,阮,牙音第二位,溪,三,溪開元上
韻鏡（永祿本）,1636,犍,21,阮,牙音第一位,見,三,見開元上
韻鏡（永祿本）,1637,演,21,獮,喉音第四位,喻,四,以開仙上
韻鏡（永祿本）,1638,𦆀,21,獮,齒音第五位,邪,四,邪開仙上
韻鏡（永祿本）,1639,獮,21,獮,齒音第四位,心,四,心開仙上
韻鏡（永祿本）,1640,踐,21,獮,齒音第三位,從,四,從開仙上
韻鏡（永祿本）,1641,淺,21,獮,齒音第二位,清,四,清開仙上
韻鏡（永祿本）,1642,翦,21,獮,齒音第一位,精,四,精開仙上
韻鏡（永祿本）,1643,遣,21,獮,牙音第二位,溪,四,溪開A仙上
韻鏡（永祿本）,1644,蹇,21,獮,牙音第一位,見,四,見開A仙上
韻鏡（永祿本）,1645,緬,21,獮,脣音第四位,明,四,明A仙上
韻鏡（永祿本）,1646,楩,21,獮,脣音第三位,並,四,並A仙上
韻鏡（永祿本）,1647,褊,21,獮,脣音第一位,幫,四,幫A仙上
韻鏡（永祿本）,1648,莧,21,襇,喉音第三位,匣,二,匣開山去
韻鏡（永祿本）,1649,襇,21,襇,牙音第一位,見,二,見開山去
韻鏡（永祿本）,1650,袒,21,襇,舌音第三位,澄,二,澄開山去
韻鏡（永祿本）,1651,蔄,21,襇,脣音第四位,明,二,明山去
韻鏡（永祿本）,1652,瓣,21,襇,脣音第三位,並,二,並山去
韻鏡（永祿本）,1653,盼,21,襇,脣音第二位,滂,二,滂山去
韻鏡（永祿本）,1654,扮,21,襇,脣音第一位,幫,二,幫山去
韻鏡（永祿本）,1655,憲,21,願,喉音第二位,曉,三,曉開元去
韻鏡（永祿本）,1656,堰,21,願,喉音第一位,影,三,影開元去
韻鏡（永祿本）,1657,健,21,願,牙音第三位,羣,三,羣開元去
韻鏡（永祿本）,1658,建,21,願,牙音第一位,見,三,見開元去
韻鏡（永祿本）,1659,衍,21,線,喉音第四位,喻,四,以開仙去
韻鏡（永祿本）,1660,羨,21,線,齒音第五位,邪,四,邪開仙去
韻鏡（永祿本）,1661,線,21,線,齒音第四位,心,四,心開仙去
韻鏡（永祿本）,1662,賤,21,線,齒音第三位,從,四,從開仙去
韻鏡（永祿本）,1663,箭,21,線,齒音第一位,精,四,精開仙去
韻鏡（永祿本）,1664,巘,21,線,牙音第四位,疑,四,疑開A仙去
韻鏡（永祿本）,1665,譴,21,線,牙音第二位,溪,四,溪開A仙去
韻鏡（永祿本）,1666,面,21,線,脣音第四位,明,四,明A仙去
韻鏡（永祿本）,1667,便,21,線,脣音第三位,並,四,並A仙去
韻鏡（永祿本）,1668,騗,21,線,脣音第二位,滂,四,滂A仙去
韻鏡（永祿本）,1669,徧,21,線,脣音第一位,幫,四,幫A仙去
韻鏡（永祿本）,1670,𩭿,21,鎋,舌齒音第二位,日,二,日開山入
韻鏡（永祿本）,1671,鎋,21,鎋,喉音第三位,匣,二,匣開山入
韻鏡（永祿本）,1672,瞎,21,鎋,喉音第二位,曉,二,曉開山入
韻鏡（永祿本）,1673,𪆰,21,鎋,喉音第一位,影,二,影開山入
韻鏡（永祿本）,1674,殺,21,鎋,齒音第四位,審,二,生開山入
韻鏡（永祿本）,1675,剎,21,鎋,齒音第二位,穿,二,初開山入
韻鏡（永祿本）,1676,𨰉,21,鎋,齒音第一位,照,二,莊開山入
韻鏡（永祿本）,1677,聐,21,鎋,牙音第四位,疑,二,疑開山入
韻鏡（永祿本）,1678,楬,21,鎋,牙音第二位,溪,二,溪開山入
韻鏡（永祿本）,1679,𪈟,21,鎋,牙音第一位,見,二,見開山入
韻鏡（永祿本）,1680,𤷈,21,鎋,舌音第四位,孃,二,孃開山入
韻鏡（永祿本）,1681,獺,21,鎋,舌音第二位,徹,二,徹開山入
韻鏡（永祿本）,1682,哳,21,鎋,舌音第一位,知,二,知開山入
韻鏡（永祿本）,1683,礣,21,鎋,脣音第四位,明,二,明山入
韻鏡（永祿本）,1684,捌,21,鎋,脣音第一位,幫,二,幫山入
韻鏡（永祿本）,1685,歇,21,月,喉音第二位,曉,三,曉開元入
韻鏡（永祿本）,1686,揭,21,月,牙音第三位,羣,三,羣開元入
韻鏡（永祿本）,1687,𥴭,21,月,牙音第二位,溪,三,溪開元入
韻鏡（永祿本）,1688,訐,21,月,牙音第一位,見,三,見開元入
韻鏡（永祿本）,1689,熱,21,薛,舌齒音第二位,日,四,日開仙入
韻鏡（永祿本）,1690,列,21,薛,舌齒音第一位,來,四,來開仙入
韻鏡（永祿本）,1691,抴,21,薛,喉音第四位,喻,四,以開仙入
韻鏡（永祿本）,1692,焆,21,薛,喉音第一位,影,四,影開A仙入
韻鏡（永祿本）,1693,薛,21,薛,齒音第四位,心,四,心開仙入
韻鏡（永祿本）,1694,竊,21,薛,齒音第二位,清,四,清開仙入
韻鏡（永祿本）,1695,蠽,21,薛,齒音第一位,精,四,精開仙入
韻鏡（永祿本）,1696,孑,21,薛,牙音第一位,見,四,見開A仙入
韻鏡（永祿本）,1697,滅,21,薛,脣音第四位,明,四,明A仙入
韻鏡（永祿本）,1698,蹩,21,薛,脣音第三位,並,四,並A仙入
韻鏡（永祿本）,1699,瞥,21,薛,脣音第二位,滂,四,滂A仙入
韻鏡（永祿本）,1700,鷩,21,薛,脣音第一位,幫,四,幫A仙入
