小韻號,母,呼,等,重紐,韻,聲,反切
1,端,開,一,,東,平,德紅
2,定,開,一,,東,平,徒紅
3,知,開,三,,東,平,陟弓
4,澄,開,三,,東,平,直弓
5,章,開,三,,東,平,職戎
6,徹,開,三,,東,平,敕中
7,崇,開,三,,東,平,鋤弓
8,心,開,三,,東,平,息弓
9,日,開,三,,東,平,如融
10,見,開,三,,東,平,居戎
11,以,開,三,,東,平,以戎
12,云,開,三,,東,平,羽弓
13,明,,三,,東,平,莫中
14,溪,開,三,,東,平,去宮
15,羣,開,三,,東,平,渠弓
16,並,,三,,東,平,房戎
17,幫,,三,,東,平,方戎
18,滂,,三,,東,平,敷空
19,昌,開,三,,東,平,昌終
20,來,開,三,,東,平,力中
21,溪,開,一,,東,平,苦紅
22,見,開,一,,東,平,古紅
23,明,,一,,東,平,莫紅
24,來,開,一,,東,平,盧紅
25,匣,開,一,,東,平,戶公
26,從,開,一,,東,平,徂紅
27,影,開,一,,東,平,烏紅
28,清,開,一,,東,平,倉紅
29,透,開,一,,東,平,他紅
30,精,開,一,,東,平,子紅
31,並,,一,,東,平,薄紅
32,曉,開,一,,東,平,呼東
33,疑,開,一,,東,平,五東
34,心,開,一,,東,平,蘇公
35,端,合,一,,冬,平,都宗
36,定,合,一,,冬,平,徒冬
37,從,合,一,,冬,平,藏宗
38,泥,合,一,,冬,平,奴冬
39,見,合,一,,冬,平,古冬
40,匣,合,一,,冬,平,戶冬
41,來,合,一,,冬,平,力冬
42,精,合,一,,冬,平,作冬
43,心,合,一,,冬,平,私宗
44,透,合,一,,冬,平,他冬
45,章,開,三,,鍾,平,職容
46,來,開,三,,鍾,平,力鍾
47,書,開,三,,鍾,平,書容
48,邪,開,三,,鍾,平,祥容
49,昌,開,三,,鍾,平,尺容
50,以,開,三,,鍾,平,餘封
51,幫,,三,,鍾,平,府容
52,曉,開,三,,鍾,平,許容
53,疑,開,三,,鍾,平,魚容
54,影,開,三,,鍾,平,於容
55,孃,開,三,,鍾,平,女容
56,澄,開,三,,鍾,平,直容
57,從,開,三,,鍾,平,疾容
58,徹,開,三,,鍾,平,丑凶
59,並,,三,,鍾,平,符容
60,滂,,三,,鍾,平,敷容
61,精,開,三,,鍾,平,即容
62,日,開,三,,鍾,平,而容
63,羣,開,三,,鍾,平,渠容
64,常,開,三,,鍾,平,蜀庸
65,見,開,三,,鍾,平,九容
66,心,開,三,,鍾,平,息恭
67,清,開,三,,鍾,平,七恭
68,溪,開,三,,鍾,平,曲恭
69,見,開,二,,江,平,古雙
70,明,,二,,江,平,莫江
71,孃,開,二,,江,平,女江
72,初,開,二,,江,平,楚江
73,幫,,二,,江,平,博江
74,匣,開,二,,江,平,下江
75,滂,,二,,江,平,匹江
76,來,開,二,,江,平,呂江
77,生,開,二,,江,平,所江
78,並,,二,,江,平,薄江
79,曉,開,二,,江,平,許江
80,影,開,二,,江,平,握江
81,溪,開,二,,江,平,苦江
82,澄,開,二,,江,平,宅江
83,徹,開,二,,江,平,丑江
84,知,開,二,,江,平,都江
85,疑,開,二,,江,平,五江
86,崇,開,二,,江,平,士江
87,章,開,三,,支,平,章移
88,以,開,三,A,支,平,弋支
89,云,合,三,B,支,平,薳支
90,見,合,三,B,支,平,居爲
91,曉,合,三,B,支,平,許爲
92,影,合,三,B,支,平,於爲
93,明,,三,B,支,平,靡爲
94,曉,合,三,A,支,平,許規
95,澄,合,三,,支,平,直垂
96,常,合,三,,支,平,是爲
97,來,合,三,,支,平,力爲
98,昌,合,三,,支,平,昌垂
99,滂,,三,B,支,平,敷羈
100,幫,,三,B,支,平,彼爲
101,邪,合,三,,支,平,旬爲
102,溪,合,三,B,支,平,去爲
103,溪,合,三,A,支,平,去隨
104,羣,開,三,B,支,平,渠羈
105,羣,開,三,A,支,平,巨支
106,曉,開,三,B,支,平,許羈
107,溪,開,三,B,支,平,去奇
108,疑,開,三,B,支,平,魚羈
109,並,,三,B,支,平,符羈
110,常,開,三,,支,平,是支
111,日,開,三,,支,平,汝移
112,來,開,三,,支,平,呂支
113,從,開,三,,支,平,疾移
114,精,開,三,,支,平,即移
115,見,開,三,B,支,平,居宜
116,幫,,三,A,支,平,府移
117,並,,三,A,支,平,符支
118,書,開,三,,支,平,式支
119,心,開,三,,支,平,息移
120,初,開,三,,支,平,楚宜
121,徹,開,三,,支,平,丑知
122,明,,三,A,支,平,武移
123,清,開,三,,支,平,此移
124,知,開,三,,支,平,陟離
125,影,開,三,B,支,平,於離
126,澄,開,三,,支,平,直離
127,心,合,三,,支,平,息爲
128,疑,合,三,B,支,平,魚爲
129,曉,開,三,A,支,平,香支
130,生,開,三,,支,平,所宜
131,生,合,三,,支,平,山垂
132,日,合,三,,支,平,人垂
133,精,合,三,,支,平,姊規
134,見,合,三,A,支,平,居隋
135,初,合,三,,支,平,楚危
136,知,合,三,,支,平,竹垂
137,昌,開,三,,支,平,叱支
138,莊,開,三,,支,平,側宜
139,滂,,三,A,支,平,匹支
140,以,合,三,A,支,平,悅吹
141,崇,開,三,,支,平,士宜
142,章,開,三,,脂,平,旨夷
143,以,開,三,A,脂,平,以脂
144,生,開,三,,脂,平,疏夷
145,並,,三,A,脂,平,房脂
146,精,開,三,,脂,平,即夷
147,見,開,三,B,脂,平,居夷
148,昌,開,三,,脂,平,處脂
149,徹,開,三,,脂,平,丑飢
150,清,開,三,,脂,平,取私
151,從,開,三,,脂,平,疾資
152,孃,開,三,,脂,平,女夷
153,澄,開,三,,脂,平,直尼
154,心,開,三,,脂,平,息夷
155,書,開,三,,脂,平,式脂
156,羣,開,三,A,脂,平,渠脂
157,影,開,三,A,脂,平,於脂
158,來,開,三,,脂,平,力脂
159,羣,合,三,A,脂,平,渠追
160,知,合,三,,脂,平,陟隹
161,見,合,三,B,脂,平,居追
162,日,合,三,,脂,平,儒隹
163,生,合,三,,脂,平,所追
164,以,合,三,A,脂,平,以追
165,來,合,三,,脂,平,力追
166,心,合,三,,脂,平,息遺
167,羣,合,三,B,脂,平,渠追
168,明,,三,B,脂,平,武悲
169,幫,,三,B,脂,平,府眉
170,章,合,三,,脂,平,職追
171,常,合,三,,脂,平,視隹
172,云,合,三,B,脂,平,洧悲
173,並,,三,B,脂,平,符悲
174,滂,,三,B,脂,平,敷悲
175,曉,合,三,A,脂,平,許維
176,澄,合,三,,脂,平,直追
177,昌,合,三,,脂,平,尺隹
178,知,開,三,,脂,平,丁尼
179,滂,,三,A,脂,平,匹夷
180,精,合,三,,脂,平,醉綏
181,溪,合,三,B,脂,平,丘追
182,疑,開,三,B,脂,平,牛肌
183,曉,開,三,A,脂,平,喜夷
184,章,開,三,,之,平,止而
185,以,開,三,,之,平,與之
186,常,開,三,,之,平,市之
187,疑,開,三,,之,平,語其
188,心,開,三,,之,平,息兹
189,初,開,三,,之,平,楚持
190,羣,開,三,,之,平,渠之
191,書,開,三,,之,平,書之
192,日,開,三,,之,平,如之
193,溪,開,三,,之,平,去其
194,見,開,三,,之,平,居之
195,邪,開,三,,之,平,似兹
196,來,開,三,,之,平,里之
197,莊,開,三,,之,平,側持
198,曉,開,三,,之,平,許其
199,影,開,三,,之,平,於其
200,徹,開,三,,之,平,丑之
201,澄,開,三,,之,平,直之
202,昌,開,三,,之,平,赤之
203,從,開,三,,之,平,疾之
204,精,開,三,,之,平,子之
205,崇,開,三,,之,平,士之
206,俟,開,三,,之,平,俟甾
207,明,,三,,微,平,無非
208,曉,合,三,,微,平,許歸
209,云,合,三,,微,平,雨非
210,滂,,三,,微,平,芳非
211,幫,,三,,微,平,甫微
212,並,,三,,微,平,符非
213,影,合,三,,微,平,於非
214,羣,開,三,,微,平,渠希
215,見,開,三,,微,平,居依
216,曉,開,三,,微,平,香衣
217,影,開,三,,微,平,於希
218,疑,開,三,,微,平,魚衣
219,疑,合,三,,微,平,語韋
220,見,合,三,,微,平,舉韋
221,溪,合,三,,微,平,丘韋
222,疑,開,三,,魚,平,語居
223,初,開,三,,魚,平,楚居
224,書,開,三,,魚,平,傷魚
225,見,開,三,,魚,平,九魚
226,羣,開,三,,魚,平,強魚
227,以,開,三,,魚,平,以諸
228,心,開,三,,魚,平,相居
229,清,開,三,,魚,平,七余
230,崇,開,三,,魚,平,士魚
231,徹,開,三,,魚,平,丑居
232,生,開,三,,魚,平,所葅
233,曉,開,三,,魚,平,朽居
234,邪,開,三,,魚,平,似魚
235,影,開,三,,魚,平,央居
236,知,開,三,,魚,平,陟魚
237,來,開,三,,魚,平,力居
238,章,開,三,,魚,平,章魚
239,澄,開,三,,魚,平,直魚
240,日,開,三,,魚,平,人諸
241,精,開,三,,魚,平,子魚
242,溪,開,三,,魚,平,去魚
243,莊,開,三,,魚,平,側魚
244,常,開,三,,魚,平,署魚
245,孃,開,三,,魚,平,女余
246,疑,合,三,,虞,平,遇俱
247,初,合,三,,虞,平,測隅
248,明,,三,,虞,平,武夫
249,云,合,三,,虞,平,羽俱
250,曉,合,三,,虞,平,況于
251,羣,合,三,,虞,平,其俱
252,日,合,三,,虞,平,人朱
253,心,合,三,,虞,平,相俞
254,知,合,三,,虞,平,陟輸
255,徹,合,三,,虞,平,敕俱
256,常,合,三,,虞,平,市朱
257,以,合,三,,虞,平,羊朱
258,溪,合,三,,虞,平,豈俱
259,章,合,三,,虞,平,章俱
260,清,合,三,,虞,平,七逾
261,來,合,三,,虞,平,力朱
262,並,,三,,虞,平,防無
263,崇,合,三,,虞,平,仕于
264,莊,合,三,,虞,平,莊俱
265,滂,,三,,虞,平,芳無
266,精,合,三,,虞,平,子于
267,幫,,三,,虞,平,甫無
268,影,合,三,,虞,平,憶俱
269,書,合,三,,虞,平,式朱
270,昌,合,三,,虞,平,昌朱
271,澄,合,三,,虞,平,直誅
272,見,合,三,,虞,平,舉朱
273,生,合,三,,虞,平,山芻
274,明,,一,,模,平,莫胡
275,並,,一,,模,平,薄胡
276,匣,,一,,模,平,戶吳
277,見,,一,,模,平,古胡
278,定,,一,,模,平,同都
279,泥,,一,,模,平,乃都
280,曉,,一,,模,平,荒烏
281,疑,,一,,模,平,五乎
282,精,,一,,模,平,則吾
283,來,,一,,模,平,落胡
284,心,,一,,模,平,素姑
285,從,,一,,模,平,昨胡
286,影,,一,,模,平,哀都
287,幫,,一,,模,平,博孤
288,溪,,一,,模,平,苦胡
289,清,,一,,模,平,倉胡
290,透,,一,,模,平,他胡
291,端,,一,,模,平,當孤
292,滂,,一,,模,平,普胡
293,從,開,四,,齊,平,徂奚
294,來,開,四,,齊,平,郎奚
295,清,開,四,,齊,平,七稽
296,端,開,四,,齊,平,都奚
297,定,開,四,,齊,平,杜奚
298,幫,,四,,齊,平,邊兮
299,見,開,四,,齊,平,古奚
300,匣,開,四,,齊,平,胡雞
301,影,開,四,,齊,平,烏奚
302,疑,開,四,,齊,平,五稽
303,曉,開,四,,齊,平,呼雞
304,心,開,四,,齊,平,先稽
305,透,開,四,,齊,平,土雞
306,並,,四,,齊,平,部迷
307,滂,,四,,齊,平,匹迷
308,精,開,四,,齊,平,祖稽
309,明,,四,,齊,平,莫兮
310,泥,開,四,,齊,平,奴低
311,溪,開,四,,齊,平,苦奚
312,見,合,四,,齊,平,古攜
313,溪,合,四,,齊,平,苦圭
314,匣,合,四,,齊,平,戶圭
315,日,開,三,,齊,平,人兮
316,常,開,三,,齊,平,成臡
317,影,合,四,,齊,平,烏攜
318,曉,合,四,,齊,平,呼攜
319,見,開,二,,佳,平,古膎
320,匣,開,二,,佳,平,戶佳
321,並,,二,,佳,平,薄佳
322,見,合,二,,佳,平,古蛙
323,影,合,二,,佳,平,烏媧
324,溪,合,二,,佳,平,苦緺
325,崇,開,二,,佳,平,士佳
326,初,開,二,,佳,平,楚佳
327,曉,合,二,,佳,平,火媧
328,孃,開,二,,佳,平,㚷佳
329,疑,開,二,,佳,平,五佳
330,影,開,二,,佳,平,於佳
331,生,開,二,,佳,平,山佳
332,曉,開,二,,佳,平,火佳
333,徹,開,二,,佳,平,丑佳
334,明,,二,,佳,平,莫佳
335,匣,合,二,,佳,平,戶媧
336,見,開,二,,皆,平,古諧
337,影,開,二,,皆,平,乙諧
338,匣,開,二,,皆,平,戶皆
339,並,,二,,皆,平,步皆
340,見,合,二,,皆,平,古懷
341,匣,合,二,,皆,平,戶乖
342,溪,合,二,,皆,平,苦淮
343,崇,開,二,,皆,平,士皆
344,初,開,二,,皆,平,楚皆
345,曉,合,二,,皆,平,呼懷
346,澄,合,二,,皆,平,杜懷
347,明,,二,,皆,平,莫皆
348,莊,開,二,,皆,平,側皆
349,影,合,二,,皆,平,乙乖
350,知,開,二,,皆,平,卓皆
351,來,開,二,,皆,平,賴諧
352,溪,開,二,,皆,平,口皆
353,孃,開,二,,皆,平,諾皆
354,生,開,二,,皆,平,山皆
355,疑,開,二,,皆,平,擬皆
356,徹,開,二,,皆,平,丑皆
357,曉,開,二,,皆,平,喜皆
358,來,合,二,,皆,平,力懷
359,崇,合,二,,皆,平,仕懷
360,曉,合,一,,灰,平,呼恢
361,溪,合,一,,灰,平,苦回
362,影,合,一,,灰,平,烏恢
363,匣,合,一,,灰,平,戶恢
364,明,,一,,灰,平,莫杯
365,見,合,一,,灰,平,公回
366,來,合,一,,灰,平,魯回
367,定,合,一,,灰,平,杜回
368,清,合,一,,灰,平,倉回
369,端,合,一,,灰,平,都回
370,心,合,一,,灰,平,素回
371,從,合,一,,灰,平,昨回
372,並,,一,,灰,平,薄回
373,幫,,一,,灰,平,布回
374,滂,,一,,灰,平,芳杯
375,疑,合,一,,灰,平,五灰
376,透,合,一,,灰,平,他回
377,泥,合,一,,灰,平,乃回
378,精,合,一,,灰,平,臧回
379,曉,開,一,,咍,平,呼來
380,溪,開,一,,咍,平,苦哀
381,影,開,一,,咍,平,烏開
382,定,開,一,,咍,平,徒哀
383,見,開,一,,咍,平,古哀
384,從,開,一,,咍,平,昨哉
385,來,開,一,,咍,平,落哀
386,精,開,一,,咍,平,祖才
387,清,開,一,,咍,平,倉才
388,透,開,一,,咍,平,土來
389,匣,開,一,,咍,平,戶來
390,心,開,一,,咍,平,蘇來
391,疑,開,一,,咍,平,五來
392,泥,開,一,,咍,平,奴來
393,端,開,一,,咍,平,丁來
394,昌,開,三,,咍,平,昌來
395,章,開,三,,眞,平,職鄰
396,徹,開,三,,眞,平,丑人
397,影,開,三,A,眞,平,於真
398,心,開,三,,眞,平,息鄰
399,常,開,三,,眞,平,植鄰
400,日,開,三,,眞,平,如鄰
401,船,開,三,,眞,平,食鄰
402,清,開,三,,眞,平,七人
403,云,開,三,A,眞,平,下珍
404,書,開,三,,眞,平,失人
405,幫,,三,A,眞,平,必鄰
406,來,開,三,,眞,平,力珍
407,羣,開,三,B,眞,平,巨巾
408,知,開,三,,眞,平,陟鄰
409,澄,開,三,,眞,平,直珍
410,精,開,三,,眞,平,將鄰
411,昌,開,三,,眞,平,昌真
412,從,開,三,,眞,平,匠鄰
413,以,開,三,A,眞,平,翼真
414,孃,開,三,,眞,平,女鄰
415,滂,,三,A,眞,平,匹賓
416,並,,三,A,眞,平,符真
417,疑,開,三,B,眞,平,語巾
418,見,開,三,B,眞,平,居銀
419,見,合,三,B,眞,平,居筠
420,云,合,三,B,眞,平,爲贇
421,溪,合,三,B,眞,平,去倫
422,明,,三,B,眞,平,武巾
423,並,,三,B,眞,平,符巾
424,影,開,三,B,眞,平,於巾
425,影,合,三,B,眞,平,於倫
426,幫,,三,B,眞,平,府巾
427,明,,三,A,眞,平,彌鄰
428,章,合,三,,眞,平,章倫
429,徹,合,三,,眞,平,丑倫
430,澄,合,三,,眞,平,直倫
431,心,合,三,,眞,平,相倫
432,常,合,三,,眞,平,常倫
433,日,合,三,,眞,平,如勻
434,船,合,三,,眞,平,食倫
435,來,合,三,,眞,平,力迍
436,知,合,三,,眞,平,陟綸
437,清,合,三,,眞,平,七倫
438,精,合,三,,眞,平,將倫
439,昌,合,三,,眞,平,昌脣
440,從,合,三,,眞,平,昨旬
441,以,合,三,A,眞,平,羊倫
442,邪,合,三,,眞,平,詳遵
443,見,合,三,A,眞,平,居勻
444,羣,開,三,A,眞,平,渠人
445,滂,,三,B,眞,平,普巾
446,莊,開,三,,臻,平,側詵
447,生,開,三,,臻,平,所臻
448,崇,開,三,,臻,平,士臻
449,明,,三,,文,平,無分
450,云,合,三,,文,平,王分
451,影,合,三,,文,平,於云
452,並,,三,,文,平,符分
453,幫,,三,,文,平,府文
454,羣,合,三,,文,平,渠云
455,曉,合,三,,文,平,許云
456,見,合,三,,文,平,舉云
457,滂,,三,,文,平,撫文
458,曉,開,三,,欣,平,許斤
459,影,開,三,,欣,平,於斤
460,羣,開,三,,欣,平,巨斤
461,見,開,三,,欣,平,舉欣
462,疑,開,三,,欣,平,語斤
463,疑,合,三,,元,平,愚袁
464,云,合,三,,元,平,雨元
465,並,,三,,元,平,附袁
466,滂,,三,,元,平,孚袁
467,曉,合,三,,元,平,況袁
468,影,合,三,,元,平,於袁
469,疑,開,三,,元,平,語軒
470,溪,開,三,,元,平,丘言
471,曉,開,三,,元,平,虛言
472,見,開,三,,元,平,居言
473,影,開,三,,元,平,謁言
474,幫,,三,,元,平,甫煩
475,羣,開,三,,元,平,巨言
476,明,,三,,元,平,武元
477,匣,合,一,,魂,平,戶昆
478,見,合,一,,魂,平,古渾
479,影,合,一,,魂,平,烏渾
480,明,,一,,魂,平,莫奔
481,心,合,一,,魂,平,思渾
482,精,合,一,,魂,平,祖昆
483,從,合,一,,魂,平,徂尊
484,端,合,一,,魂,平,都昆
485,透,合,一,,魂,平,他昆
486,定,合,一,,魂,平,徒渾
487,清,合,一,,魂,平,此尊
488,疑,合,一,,魂,平,牛昆
489,並,,一,,魂,平,蒲奔
490,幫,,一,,魂,平,博昆
491,來,合,一,,魂,平,盧昆
492,溪,合,一,,魂,平,苦昆
493,曉,合,一,,魂,平,呼昆
494,滂,,一,,魂,平,普䰟
495,泥,合,一,,魂,平,奴昆
496,匣,開,一,,痕,平,戶恩
497,見,開,一,,痕,平,古痕
498,影,開,一,,痕,平,烏痕
499,透,開,一,,痕,平,吐根
500,疑,開,一,,痕,平,五根
501,匣,開,一,,寒,平,胡安
502,疑,開,一,,寒,平,俄寒
503,端,開,一,,寒,平,都寒
504,影,開,一,,寒,平,烏寒
505,泥,開,一,,寒,平,那干
506,清,開,一,,寒,平,七安
507,透,開,一,,寒,平,他干
508,心,開,一,,寒,平,蘇干
509,定,開,一,,寒,平,徒干
510,從,開,一,,寒,平,昨干
511,見,開,一,,寒,平,古寒
512,來,開,一,,寒,平,落干
513,溪,開,一,,寒,平,苦寒
514,曉,開,一,,寒,平,許干
515,泥,合,一,,寒,平,乃官
516,匣,合,一,,寒,平,胡官
517,疑,合,一,,寒,平,五丸
518,端,合,一,,寒,平,多官
519,影,合,一,,寒,平,一丸
520,透,合,一,,寒,平,他端
521,心,合,一,,寒,平,素官
522,定,合,一,,寒,平,度官
523,從,合,一,,寒,平,在丸
524,見,合,一,,寒,平,古丸
525,來,合,一,,寒,平,落官
526,曉,合,一,,寒,平,呼官
527,溪,合,一,,寒,平,苦官
528,精,合,一,,寒,平,借官
529,並,,一,,寒,平,薄官
530,明,,一,,寒,平,母官
531,滂,,一,,寒,平,普官
532,幫,,一,,寒,平,北潘
533,生,開,二,,刪,平,所姦
534,見,合,二,,刪,平,古還
535,影,合,二,,刪,平,烏關
536,生,合,二,,刪,平,數還
537,匣,合,二,,刪,平,戶關
538,幫,,二,,刪,平,布還
539,明,,二,,刪,平,莫還
540,疑,開,二,,刪,平,五姦
541,見,開,二,,刪,平,古顏
542,滂,,二,,刪,平,普班
543,孃,合,二,,刪,平,奴還
544,疑,合,二,,刪,平,五還
545,溪,開,二,,刪,平,丘姦
546,莊,合,二,,刪,平,阻頑
547,生,開,二,,山,平,所閒
548,見,合,二,,山,平,古頑
549,見,開,二,,山,平,古閑
550,匣,開,二,,山,平,戶閒
551,溪,開,二,,山,平,苦閑
552,崇,開,二,,山,平,士山
553,曉,開,二,,山,平,許閒
554,疑,開,二,,山,平,五閑
555,影,開,二,,山,平,烏閑
556,幫,,二,,山,平,方閑
557,來,開,二,,山,平,力閑
558,孃,開,二,,山,平,女閑
559,昌,開,三,,山,平,充山
560,影,合,二,,山,平,委鰥
561,澄,合,二,,山,平,墜頑
562,來,合,二,,山,平,力頑
563,羣,合,二,,山,平,跪頑
564,知,開,二,,山,平,陟山
565,澄,開,二,,山,平,直閑
566,匣,合,二,,山,平,獲頑
567,心,開,四,,先,平,蘇前
568,從,開,四,,先,平,昨先
569,清,開,四,,先,平,蒼先
570,精,開,四,,先,平,則前
571,透,開,四,,先,平,他前
572,見,開,四,,先,平,古賢
573,匣,開,四,,先,平,胡田
574,影,開,四,,先,平,烏前
575,來,開,四,,先,平,落賢
576,定,開,四,,先,平,徒年
577,泥,開,四,,先,平,奴顛
578,端,開,四,,先,平,都年
579,溪,開,四,,先,平,苦堅
580,疑,開,四,,先,平,五堅
581,明,,四,,先,平,莫賢
582,並,,四,,先,平,部田
583,影,合,四,,先,平,烏玄
584,見,合,四,,先,平,古玄
585,曉,合,四,,先,平,火玄
586,幫,,四,,先,平,布玄
587,匣,合,四,,先,平,胡涓
588,曉,開,四,,先,平,呼煙
589,崇,合,四,,先,平,崇玄
590,心,開,三,,仙,平,相然
591,從,開,三,,仙,平,昨仙
592,清,開,三,,仙,平,七然
593,精,開,三,,仙,平,子仙
594,日,開,三,,仙,平,如延
595,以,開,三,A,仙,平,以然
596,章,開,三,,仙,平,諸延
597,見,開,三,A,仙,平,居延
598,知,開,三,,仙,平,張連
599,崇,開,三,,仙,平,士連
600,書,開,三,,仙,平,式連
601,徹,開,三,,仙,平,丑延
602,常,開,三,,仙,平,市連
603,澄,開,三,,仙,平,直連
604,曉,開,三,B,仙,平,許延
605,來,開,三,,仙,平,力延
606,滂,,三,A,仙,平,芳連
607,並,,三,A,仙,平,房連
608,明,,三,A,仙,平,武延
609,從,合,三,,仙,平,疾緣
610,心,合,三,,仙,平,須緣
611,精,合,三,,仙,平,子泉
612,曉,合,三,A,仙,平,許緣
613,日,合,三,,仙,平,而緣
614,昌,合,三,,仙,平,昌緣
615,以,合,三,A,仙,平,與專
616,邪,合,三,,仙,平,似宣
617,影,合,三,A,仙,平,於緣
618,船,合,三,,仙,平,食川
619,幫,,三,A,仙,平,卑連
620,邪,開,三,,仙,平,夕連
621,清,合,三,,仙,平,此緣
622,章,合,三,,仙,平,職緣
623,常,合,三,,仙,平,市緣
624,云,合,三,B,仙,平,王權
625,莊,合,三,,仙,平,莊緣
626,生,合,三,,仙,平,山員
627,徹,合,三,,仙,平,丑緣
628,羣,開,三,B,仙,平,渠焉
629,溪,開,三,B,仙,平,去乾
630,羣,合,三,B,仙,平,巨員
631,澄,合,三,,仙,平,直攣
632,來,合,三,,仙,平,呂員
633,溪,合,三,B,仙,平,丘圓
634,影,開,三,B,仙,平,於乾
635,云,開,三,B,仙,平,有乾
636,影,合,三,B,仙,平,於權
637,昌,開,三,,仙,平,尺延
638,知,合,三,,仙,平,丁全
639,見,合,三,B,仙,平,居員
640,心,開,四,,蕭,平,蘇彫
641,透,開,四,,蕭,平,吐彫
642,端,開,四,,蕭,平,都聊
643,定,開,四,,蕭,平,徒聊
644,見,開,四,,蕭,平,古堯
645,來,開,四,,蕭,平,落蕭
646,疑,開,四,,蕭,平,五聊
647,曉,開,四,,蕭,平,許幺
648,影,開,四,,蕭,平,於堯
649,溪,開,四,,蕭,平,苦幺
650,心,開,三,,宵,平,相邀
651,徹,開,三,,宵,平,敕宵
652,知,開,三,,宵,平,陟遙
653,澄,開,三,,宵,平,直遙
654,曉,開,三,B,宵,平,許嬌
655,從,開,三,,宵,平,昨焦
656,見,開,三,B,宵,平,舉喬
657,精,開,三,,宵,平,即消
658,日,開,三,,宵,平,如招
659,書,開,三,,宵,平,式招
660,以,開,三,A,宵,平,餘昭
661,常,開,三,,宵,平,市昭
662,章,開,三,,宵,平,止遙
663,幫,,三,A,宵,平,甫遙
664,幫,,三,B,宵,平,甫嬌
665,並,,三,A,宵,平,符霄
666,明,,三,A,宵,平,彌遙
667,明,,三,B,宵,平,武瀌
668,影,開,三,A,宵,平,於霄
669,云,開,三,B,宵,平,于嬌
670,羣,開,三,B,宵,平,巨嬌
671,清,開,三,,宵,平,七遙
672,影,開,三,B,宵,平,於喬
673,溪,開,三,A,宵,平,去遙
674,昌,開,三,,宵,平,尺招
675,滂,,三,A,宵,平,撫招
676,羣,開,三,A,宵,平,渠遙
677,來,開,三,,宵,平,力昭
678,溪,開,三,B,宵,平,起囂
679,匣,開,二,,肴,平,胡茅
680,見,開,二,,肴,平,古肴
681,崇,開,二,,肴,平,鉏交
682,孃,開,二,,肴,平,女交
683,生,開,二,,肴,平,所交
684,明,,二,,肴,平,莫交
685,曉,開,二,,肴,平,許交
686,幫,,二,,肴,平,布交
687,滂,,二,,肴,平,匹交
688,溪,開,二,,肴,平,口交
689,疑,開,二,,肴,平,五交
690,莊,開,二,,肴,平,側交
691,知,開,二,,肴,平,陟交
692,初,開,二,,肴,平,楚交
693,並,,二,,肴,平,薄交
694,影,開,二,,肴,平,於交
695,徹,開,二,,肴,平,敕交
696,來,開,二,,肴,平,力嘲
697,澄,開,二,,肴,平,直交
698,匣,開,一,,豪,平,胡刀
699,見,開,一,,豪,平,古勞
700,來,開,一,,豪,平,魯刀
701,曉,開,一,,豪,平,呼毛
702,明,,一,,豪,平,莫袍
703,透,開,一,,豪,平,土刀
704,端,開,一,,豪,平,都牢
705,心,開,一,,豪,平,蘇遭
706,並,,一,,豪,平,薄襃
707,幫,,一,,豪,平,博毛
708,定,開,一,,豪,平,徒刀
709,精,開,一,,豪,平,作曹
710,疑,開,一,,豪,平,五勞
711,從,開,一,,豪,平,昨勞
712,影,開,一,,豪,平,於刀
713,泥,開,一,,豪,平,奴刀
714,溪,開,一,,豪,平,苦刀
715,清,開,一,,豪,平,七刀
716,滂,,一,,豪,平,普袍
717,見,開,一,,歌,平,古俄
718,清,開,一,,歌,平,七何
719,端,開,一,,歌,平,得何
720,心,開,一,,歌,平,素何
721,定,開,一,,歌,平,徒河
722,從,開,一,,歌,平,昨何
723,疑,開,一,,歌,平,五何
724,透,開,一,,歌,平,託何
725,來,開,一,,歌,平,魯何
726,泥,開,一,,歌,平,諾何
727,匣,開,一,,歌,平,胡歌
728,曉,開,一,,歌,平,虎何
729,溪,開,一,,歌,平,苦何
730,影,開,一,,歌,平,烏何
731,見,合,一,,歌,平,古禾
732,清,合,一,,歌,平,七戈
733,端,合,一,,歌,平,丁戈
734,心,合,一,,歌,平,蘇禾
735,並,,一,,歌,平,薄波
736,定,合,一,,歌,平,徒和
737,明,,一,,歌,平,莫婆
738,從,合,一,,歌,平,昨禾
739,疑,合,一,,歌,平,五禾
740,透,合,一,,歌,平,土禾
741,來,合,一,,歌,平,落戈
742,泥,合,一,,歌,平,奴禾
743,幫,,一,,歌,平,博禾
744,滂,,一,,歌,平,滂禾
745,匣,合,一,,歌,平,戶戈
746,溪,合,一,,歌,平,苦禾
747,影,合,一,,歌,平,烏禾
748,曉,合,三,,歌,平,許𦚢
749,影,合,三,,歌,平,於靴
750,溪,合,三,,歌,平,去靴
751,羣,開,三,,歌,平,求迦
752,溪,開,三,,歌,平,丘伽
753,見,開,三,,歌,平,居伽
754,清,合,三,,歌,平,醋伽
755,精,合,三,,歌,平,子𩨷
756,羣,合,三,,歌,平,巨靴
757,來,合,三,,歌,平,縷𩨷
758,明,,二,,麻,平,莫霞
759,昌,開,三,,麻,平,尺遮
760,書,開,三,,麻,平,式車
761,以,開,三,,麻,平,以遮
762,章,開,三,,麻,平,正奢
763,精,開,三,,麻,平,子邪
764,船,開,三,,麻,平,食遮
765,匣,合,二,,麻,平,戶花
766,見,合,二,,麻,平,古華
767,曉,合,二,,麻,平,呼瓜
768,溪,合,二,,麻,平,苦瓜
769,孃,開,二,,麻,平,女加
770,見,開,二,,麻,平,古牙
771,匣,開,二,,麻,平,胡加
772,滂,,二,,麻,平,普巴
773,影,開,二,,麻,平,於加
774,幫,,二,,麻,平,伯加
775,初,開,二,,麻,平,初牙
776,生,開,二,,麻,平,所加
777,疑,開,二,,麻,平,五加
778,莊,開,二,,麻,平,側加
779,澄,開,二,,麻,平,宅加
780,邪,開,三,,麻,平,似嗟
781,常,開,三,,麻,平,視遮
782,影,合,二,,麻,平,烏瓜
783,莊,合,二,,麻,平,莊華
784,知,合,二,,麻,平,陟瓜
785,並,,二,,麻,平,蒲巴
786,崇,開,二,,麻,平,鉏加
787,徹,開,二,,麻,平,敕加
788,知,開,二,,麻,平,陟加
789,曉,開,二,,麻,平,許加
790,溪,開,二,,麻,平,苦加
791,從,開,三,,麻,平,才邪
792,日,開,三,,麻,平,人賒
793,心,開,三,,麻,平,寫邪
794,知,開,三,,麻,平,陟邪
795,疑,合,二,,麻,平,五瓜
796,以,開,三,,陽,平,與章
797,邪,開,三,,陽,平,似羊
798,來,開,三,,陽,平,呂張
799,曉,開,三,,陽,平,許良
800,書,開,三,,陽,平,式羊
801,並,,三,,陽,平,符方
802,章,開,三,,陽,平,諸良
803,昌,開,三,,陽,平,尺良
804,溪,開,三,,陽,平,去羊
805,見,開,三,,陽,平,居良
806,澄,開,三,,陽,平,直良
807,知,開,三,,陽,平,陟良
808,日,開,三,,陽,平,汝陽
809,幫,,三,,陽,平,府良
810,心,開,三,,陽,平,息良
811,精,開,三,,陽,平,即良
812,初,開,三,,陽,平,初良
813,明,,三,,陽,平,武方
814,孃,開,三,,陽,平,女良
815,崇,開,三,,陽,平,士莊
816,莊,開,三,,陽,平,側羊
817,常,開,三,,陽,平,市羊
818,生,開,三,,陽,平,色莊
819,從,開,三,,陽,平,在良
820,清,開,三,,陽,平,七羊
821,溪,合,三,,陽,平,去王
822,云,合,三,,陽,平,雨方
823,影,開,三,,陽,平,於良
824,羣,開,三,,陽,平,巨良
825,徹,開,三,,陽,平,褚羊
826,滂,,三,,陽,平,敷方
827,羣,合,三,,陽,平,巨王
828,定,開,一,,唐,平,徒郎
829,來,開,一,,唐,平,魯當
830,端,開,一,,唐,平,都郎
831,清,開,一,,唐,平,七岡
832,見,開,一,,唐,平,古郎
833,心,開,一,,唐,平,息郎
834,溪,開,一,,唐,平,苦岡
835,曉,合,一,,唐,平,呼光
836,匣,合,一,,唐,平,胡光
837,見,合,一,,唐,平,古黃
838,透,開,一,,唐,平,吐郎
839,滂,,一,,唐,平,普郎
840,影,合,一,,唐,平,烏光
841,影,開,一,,唐,平,烏郎
842,曉,開,一,,唐,平,呼郎
843,匣,開,一,,唐,平,胡郎
844,明,,一,,唐,平,莫郎
845,精,開,一,,唐,平,則郎
846,泥,開,一,,唐,平,奴當
847,並,,一,,唐,平,步光
848,疑,開,一,,唐,平,五剛
849,從,開,一,,唐,平,昨郎
850,溪,合,一,,唐,平,苦光
851,幫,,一,,唐,平,博旁
852,見,開,二,,庚,平,古行
853,溪,開,二,,庚,平,客庚
854,明,,二,,庚,平,武庚
855,匣,合,二,,庚,平,戶盲
856,幫,,二,,庚,平,甫盲
857,曉,合,二,,庚,平,虎橫
858,見,合,二,,庚,平,古橫
859,並,,二,,庚,平,薄庚
860,曉,開,二,,庚,平,許庚
861,徹,開,二,,庚,平,丑庚
862,初,開,二,,庚,平,楚庚
863,崇,開,二,,庚,平,助庚
864,影,開,三,,庚,平,於驚
865,滂,,二,,庚,平,撫庚
866,並,,三,,庚,平,符兵
867,見,開,三,,庚,平,舉卿
868,明,,三,,庚,平,武兵
869,澄,開,二,,庚,平,直庚
870,知,開,二,,庚,平,竹盲
871,云,合,三,,庚,平,永兵
872,幫,,三,,庚,平,甫明
873,曉,合,三,,庚,平,許榮
874,溪,開,三,,庚,平,去京
875,生,開,二,,庚,平,所庚
876,羣,開,三,,庚,平,渠京
877,疑,開,三,,庚,平,語京
878,匣,開,二,,庚,平,戶庚
879,孃,開,二,,庚,平,乃庚
880,見,開,二,,耕,平,古莖
881,溪,開,二,,耕,平,口莖
882,明,,二,,耕,平,莫耕
883,幫,,二,,耕,平,布耕
884,匣,合,二,,耕,平,戶萌
885,匣,開,二,,耕,平,戶耕
886,知,開,二,,耕,平,中莖
887,影,開,二,,耕,平,烏莖
888,崇,開,二,,耕,平,士耕
889,初,開,二,,耕,平,楚耕
890,孃,開,二,,耕,平,女耕
891,滂,,二,,耕,平,普耕
892,曉,合,二,,耕,平,呼宏
893,澄,開,二,,耕,平,宅耕
894,影,合,二,,耕,平,烏宏
895,並,,二,,耕,平,薄萌
896,疑,開,二,,耕,平,五莖
897,莊,開,二,,耕,平,側莖
898,清,開,三,,清,平,七情
899,從,開,三,,清,平,疾盈
900,精,開,三,,清,平,子盈
901,以,開,三,A,清,平,以成
902,以,合,三,A,清,平,余傾
903,影,開,三,A,清,平,於盈
904,知,開,三,,清,平,陟盈
905,徹,開,三,,清,平,丑貞
906,常,開,三,,清,平,是征
907,澄,開,三,,清,平,直貞
908,書,開,三,,清,平,書盈
909,章,開,三,,清,平,諸盈
910,溪,開,三,A,清,平,去盈
911,明,,三,A,清,平,武并
912,來,開,三,,清,平,呂貞
913,幫,,三,A,清,平,府盈
914,溪,合,三,A,清,平,去營
915,邪,開,三,,清,平,徐盈
916,影,合,三,A,清,平,於營
917,羣,合,三,A,清,平,渠營
918,心,合,三,,清,平,息營
919,羣,開,三,A,清,平,巨成
920,曉,合,三,A,清,平,火營
921,清,開,四,,青,平,倉經
922,見,開,四,,青,平,古靈
923,匣,開,四,,青,平,戶經
924,定,開,四,,青,平,特丁
925,端,開,四,,青,平,當經
926,曉,開,四,,青,平,呼刑
927,心,開,四,,青,平,桑經
928,滂,,四,,青,平,普丁
929,來,開,四,,青,平,郎丁
930,泥,開,四,,青,平,奴丁
931,透,開,四,,青,平,他丁
932,明,,四,,青,平,莫經
933,並,,四,,青,平,薄經
934,匣,合,四,,青,平,戶扃
935,見,合,四,,青,平,古螢
936,章,開,三,,蒸,平,煑仍
937,常,開,三,,蒸,平,署陵
938,澄,開,三,,蒸,平,直陵
939,來,開,三,,蒸,平,力膺
940,影,開,三,,蒸,平,於陵
941,並,,三,,蒸,平,扶冰
942,幫,,三,,蒸,平,筆陵
943,以,開,三,,蒸,平,余陵
944,船,開,三,,蒸,平,食陵
945,書,開,三,,蒸,平,識蒸
946,日,開,三,,蒸,平,如乘
947,見,開,三,,蒸,平,居陵
948,知,開,三,,蒸,平,陟陵
949,從,開,三,,蒸,平,疾陵
950,疑,開,三,,蒸,平,魚陵
951,曉,開,三,,蒸,平,虛陵
952,昌,開,三,,蒸,平,處陵
953,羣,開,三,,蒸,平,其矜
954,生,開,三,,蒸,平,山矜
955,溪,開,三,,蒸,平,綺兢
956,徹,開,三,,蒸,平,丑升
957,崇,開,三,,蒸,平,仕兢
958,滂,,三,,蒸,平,披冰
959,端,開,一,,登,平,都滕
960,來,開,一,,登,平,魯登
961,心,開,一,,登,平,蘇增
962,幫,,一,,登,平,北滕
963,精,開,一,,登,平,作滕
964,明,,一,,登,平,武登
965,從,開,一,,登,平,昨棱
966,並,,一,,登,平,步崩
967,匣,合,一,,登,平,胡肱
968,見,合,一,,登,平,古弘
969,曉,合,一,,登,平,呼肱
970,泥,開,一,,登,平,奴登
971,定,開,一,,登,平,徒登
972,匣,開,一,,登,平,胡登
973,見,開,一,,登,平,古恆
974,透,開,一,,登,平,他登
975,滂,,一,,登,平,普朋
976,云,開,三,,尤,平,羽求
977,影,開,三,,尤,平,於求
978,來,開,三,,尤,平,力求
979,清,開,三,,尤,平,七由
980,以,開,三,,尤,平,以周
981,疑,開,三,,尤,平,語求
982,精,開,三,,尤,平,即由
983,從,開,三,,尤,平,自秋
984,心,開,三,,尤,平,息流
985,徹,開,三,,尤,平,丑鳩
986,溪,開,三,,尤,平,去秋
987,昌,開,三,,尤,平,赤周
988,章,開,三,,尤,平,職流
989,常,開,三,,尤,平,市流
990,日,開,三,,尤,平,耳由
991,書,開,三,,尤,平,式州
992,滂,,三,,尤,平,匹尤
993,見,開,三,,尤,平,居求
994,幫,,三,,尤,平,甫鳩
995,生,開,三,,尤,平,所鳩
996,初,開,三,,尤,平,楚鳩
997,莊,開,三,,尤,平,側鳩
998,崇,開,三,,尤,平,士尤
999,曉,開,三,,尤,平,許尤
1000,邪,開,三,,尤,平,似由
1001,澄,開,三,,尤,平,直由
1002,知,開,三,,尤,平,張流
1003,羣,開,三,,尤,平,巨鳩
1004,並,,三,,尤,平,縛謀
1005,明,,三,,尤,平,莫浮
1006,匣,開,一,,侯,平,戶鉤
1007,影,開,一,,侯,平,烏侯
1008,泥,開,一,,侯,平,奴鉤
1009,來,開,一,,侯,平,落侯
1010,心,開,一,,侯,平,速侯
1011,溪,開,一,,侯,平,恪侯
1012,曉,開,一,,侯,平,呼侯
1013,精,開,一,,侯,平,子侯
1014,透,開,一,,侯,平,託侯
1015,定,開,一,,侯,平,度侯
1016,疑,開,一,,侯,平,五婁
1017,見,開,一,,侯,平,古侯
1018,端,開,一,,侯,平,當侯
1019,從,開,一,,侯,平,徂鉤
1020,並,,一,,侯,平,薄侯
1021,清,開,一,,侯,平,千侯
1022,明,,一,,侯,平,亡侯
1023,影,開,三,,幽,平,於虯
1024,羣,開,三,,幽,平,渠幽
1025,幫,,三,,幽,平,甫烋
1026,來,開,三,,幽,平,力幽
1027,見,開,三,,幽,平,居虯
1028,並,,三,,幽,平,皮彪
1029,精,開,三,,幽,平,子幽
1030,生,開,三,,幽,平,山幽
1031,疑,開,三,,幽,平,語虯
1032,曉,開,三,,幽,平,香幽
1033,明,,三,,幽,平,武彪
1034,清,開,三,,侵,平,七林
1035,邪,開,三,,侵,平,徐林
1036,來,開,三,,侵,平,力尋
1037,徹,開,三,,侵,平,丑林
1038,章,開,三,,侵,平,職深
1039,澄,開,三,,侵,平,直深
1040,知,開,三,,侵,平,知林
1041,常,開,三,,侵,平,氏任
1042,日,開,三,,侵,平,如林
1043,書,開,三,,侵,平,式針
1044,以,開,三,A,侵,平,餘針
1045,心,開,三,,侵,平,息林
1046,影,開,三,A,侵,平,挹淫
1047,精,開,三,,侵,平,子心
1048,從,開,三,,侵,平,昨淫
1049,孃,開,三,,侵,平,女心
1050,羣,開,三,B,侵,平,巨金
1051,溪,開,三,B,侵,平,去金
1052,疑,開,三,B,侵,平,魚金
1053,曉,開,三,B,侵,平,許金
1054,見,開,三,B,侵,平,居吟
1055,影,開,三,B,侵,平,於金
1056,生,開,三,,侵,平,所今
1057,崇,開,三,,侵,平,鋤針
1058,莊,開,三,,侵,平,側吟
1059,初,開,三,,侵,平,楚簪
1060,昌,開,三,,侵,平,充針
1061,定,開,一,,覃,平,徒含
1062,清,開,一,,覃,平,倉含
1063,泥,開,一,,覃,平,那含
1064,影,開,一,,覃,平,烏含
1065,匣,開,一,,覃,平,胡男
1066,來,開,一,,覃,平,盧含
1067,從,開,一,,覃,平,昨含
1068,精,開,一,,覃,平,作含
1069,透,開,一,,覃,平,他含
1070,端,開,一,,覃,平,丁含
1071,溪,開,一,,覃,平,口含
1072,曉,開,一,,覃,平,火含
1073,心,開,一,,覃,平,蘇含
1074,見,開,一,,覃,平,古南
1075,疑,開,一,,覃,平,五含
1076,定,開,一,,談,平,徒甘
1077,見,開,一,,談,平,古三
1078,端,開,一,,談,平,都甘
1079,心,開,一,,談,平,蘇甘
1080,來,開,一,,談,平,魯甘
1081,溪,開,一,,談,平,苦甘
1082,透,開,一,,談,平,他酣
1083,從,開,一,,談,平,昨甘
1084,匣,開,一,,談,平,胡甘
1085,明,,一,,談,平,武酣
1086,精,開,一,,談,平,作三
1087,曉,開,一,,談,平,呼談
1088,以,開,三,A,鹽,平,余廉
1089,來,開,三,,鹽,平,力鹽
1090,幫,,三,B,鹽,平,府廉
1091,心,開,三,,鹽,平,息廉
1092,清,開,三,,鹽,平,七廉
1093,章,開,三,,鹽,平,職廉
1094,常,開,三,,鹽,平,視占
1095,書,開,三,,鹽,平,失廉
1096,昌,開,三,,鹽,平,處占
1097,日,開,三,,鹽,平,汝鹽
1098,孃,開,三,,鹽,平,女廉
1099,云,開,三,B,鹽,平,于廉
1100,知,開,三,,鹽,平,張廉
1101,徹,開,三,,鹽,平,丑廉
1102,影,開,三,B,鹽,平,央炎
1103,溪,開,三,B,鹽,平,丘廉
1104,疑,開,三,B,鹽,平,語廉
1105,精,開,三,,鹽,平,子廉
1106,從,開,三,,鹽,平,昨鹽
1107,羣,開,三,B,鹽,平,巨淹
1108,影,開,三,A,鹽,平,一鹽
1109,邪,開,三,,鹽,平,徐鹽
1110,生,開,三,,鹽,平,史炎
1111,澄,開,三,,鹽,平,直廉
1112,羣,開,三,A,鹽,平,巨鹽
1113,透,開,四,,添,平,他兼
1114,端,開,四,,添,平,丁兼
1115,定,開,四,,添,平,徒兼
1116,來,開,四,,添,平,勒兼
1117,溪,開,四,,添,平,苦兼
1118,見,開,四,,添,平,古甜
1119,匣,開,四,,添,平,戶兼
1120,泥,開,四,,添,平,奴兼
1121,曉,開,四,,添,平,許兼
1122,匣,開,二,,咸,平,胡讒
1123,見,開,二,,咸,平,古咸
1124,生,開,二,,咸,平,所咸
1125,影,開,二,,咸,平,乙咸
1126,疑,開,二,,咸,平,五咸
1127,曉,開,二,,咸,平,許咸
1128,知,開,二,,咸,平,竹咸
1129,孃,開,二,,咸,平,女咸
1130,崇,開,二,,咸,平,士咸
1131,溪,開,二,,咸,平,苦咸
1132,匣,開,二,,銜,平,戶監
1133,崇,開,二,,銜,平,鋤銜
1134,疑,開,二,,銜,平,五銜
1135,初,開,二,,銜,平,楚銜
1136,生,開,二,,銜,平,所銜
1137,見,開,二,,銜,平,古銜
1138,並,,二,,銜,平,白銜
1139,溪,開,二,,銜,平,口銜
1140,疑,開,三,,嚴,平,語𩏩
1141,曉,開,三,,嚴,平,虛嚴
1142,影,開,三,,嚴,平,於嚴
1143,溪,開,三,,嚴,平,丘嚴
1144,並,,三,,凡,平,符䒦
1145,滂,,三,,凡,平,匹凡
1146,端,開,一,,東,上,多動
1147,明,,一,,東,上,莫孔
1148,溪,開,一,,東,上,康董
1149,心,開,一,,東,上,先孔
1150,透,開,一,,東,上,他孔
1151,精,開,一,,東,上,作孔
1152,匣,開,一,,東,上,胡孔
1153,影,開,一,,東,上,烏孔
1154,泥,開,一,,東,上,奴動
1155,幫,,一,,東,上,邊孔
1156,來,開,一,,東,上,力董
1157,曉,開,一,,東,上,呼孔
1158,定,開,一,,東,上,徒摠
1159,並,,一,,東,上,蒲蠓
1160,章,開,三,,鍾,上,之隴
1161,徹,開,三,,鍾,上,丑隴
1162,來,開,三,,鍾,上,力踵
1163,影,開,三,,鍾,上,於隴
1164,日,開,三,,鍾,上,而隴
1165,澄,開,三,,鍾,上,直隴
1166,知,開,三,,鍾,上,知隴
1167,並,,三,,鍾,上,扶隴
1168,滂,,三,,鍾,上,敷奉
1169,以,開,三,,鍾,上,余隴
1170,溪,開,三,,鍾,上,丘隴
1171,常,開,三,,鍾,上,時宂
1172,見,開,三,,鍾,上,居悚
1173,心,開,三,,鍾,上,息拱
1174,曉,開,三,,鍾,上,許拱
1175,幫,,三,,鍾,上,方勇
1176,端,合,一,,冬,上,都𪁪
1177,明,,一,,冬,上,莫湩
1178,羣,開,三,,鍾,上,渠隴
1179,昌,開,三,,鍾,上,充隴
1180,精,開,三,,鍾,上,子冢
1181,見,開,二,,江,上,古項
1182,並,,二,,江,上,步項
1183,影,開,二,,江,上,烏項
1184,明,,二,,江,上,武項
1185,匣,開,二,,江,上,胡講
1186,幫,,二,,江,上,巴講
1187,曉,開,二,,江,上,虛慃
1188,章,開,三,,支,上,諸氏
1189,常,開,三,,支,上,承紙
1190,明,,三,B,支,上,文彼
1191,幫,,三,B,支,上,甫委
1192,並,,三,B,支,上,皮彼
1193,曉,合,三,B,支,上,許委
1194,影,合,三,B,支,上,於詭
1195,溪,合,三,B,支,上,去委
1196,見,合,三,B,支,上,過委
1197,心,合,三,,支,上,息委
1198,來,合,三,,支,上,力委
1199,羣,開,三,B,支,上,渠綺
1200,影,開,三,B,支,上,於綺
1201,見,開,三,B,支,上,居綺
1202,溪,開,三,B,支,上,墟彼
1203,疑,開,三,B,支,上,魚倚
1204,云,合,三,B,支,上,韋委
1205,精,合,三,,支,上,即委
1206,日,合,三,,支,上,如累
1207,清,開,三,,支,上,雌氏
1208,澄,開,三,,支,上,池爾
1209,心,開,三,,支,上,斯氏
1210,以,開,三,A,支,上,移爾
1211,來,開,三,,支,上,力紙
1212,生,開,三,,支,上,所綺
1213,幫,,三,A,支,上,并弭
1214,日,開,三,,支,上,兒氏
1215,明,,三,A,支,上,綿婢
1216,並,,三,A,支,上,便俾
1217,昌,開,三,,支,上,尺氏
1218,書,開,三,,支,上,施是
1219,精,開,三,,支,上,將此
1220,章,合,三,,支,上,之累
1221,初,合,三,,支,上,初委
1222,邪,合,三,,支,上,隨婢
1223,船,開,三,,支,上,神帋
1224,莊,開,三,,支,上,側氏
1225,滂,,三,B,支,上,匹靡
1226,滂,,三,A,支,上,匹婢
1227,以,合,三,A,支,上,羊捶
1228,從,合,三,,支,上,才捶
1229,溪,合,三,A,支,上,丘弭
1230,孃,開,三,,支,上,女氏
1231,疑,合,三,B,支,上,魚毀
1232,羣,合,三,B,支,上,渠委
1233,徹,開,三,,支,上,敕豸
1234,知,開,三,,支,上,陟侈
1235,曉,開,三,B,支,上,興倚
1236,溪,開,三,A,支,上,丘弭
1237,常,合,三,,支,上,時髓
1238,見,開,三,A,支,上,居帋
1239,章,開,三,,脂,上,職雉
1240,常,開,三,,脂,上,承矢
1241,明,,三,B,脂,上,無鄙
1242,幫,,三,B,脂,上,方美
1243,邪,開,三,,脂,上,徐姊
1244,見,開,三,B,脂,上,居履
1245,精,開,三,,脂,上,將几
1246,幫,,三,A,脂,上,卑履
1247,見,合,三,B,脂,上,居洧
1248,云,合,三,B,脂,上,榮美
1249,書,開,三,,脂,上,式視
1250,澄,開,三,,脂,上,直几
1251,心,開,三,,脂,上,息姊
1252,並,,三,A,脂,上,扶履
1253,來,開,三,,脂,上,力几
1254,書,合,三,,脂,上,式軌
1255,來,合,三,,脂,上,力軌
1256,羣,合,三,A,脂,上,求癸
1257,清,合,三,,脂,上,千水
1258,孃,開,三,,脂,上,女履
1259,見,合,三,A,脂,上,居誄
1260,並,,三,B,脂,上,符鄙
1261,從,合,三,,脂,上,徂累
1262,滂,,三,B,脂,上,匹鄙
1263,日,合,三,,脂,上,如壘
1264,以,合,三,A,脂,上,以水
1265,影,開,三,B,脂,上,於几
1266,精,合,三,,脂,上,遵誄
1267,知,開,三,,脂,上,豬几
1268,徹,開,三,,脂,上,楮几
1269,曉,合,三,A,脂,上,火癸
1270,羣,合,三,B,脂,上,暨軌
1271,羣,開,三,B,脂,上,暨几
1272,溪,合,三,B,脂,上,丘軌
1273,章,開,三,,之,上,諸市
1274,常,開,三,,之,上,時止
1275,知,開,三,,之,上,陟里
1276,曉,開,三,,之,上,虛里
1277,見,開,三,,之,上,居理
1278,以,開,三,,之,上,羊己
1279,邪,開,三,,之,上,詳里
1280,生,開,三,,之,上,疎士
1281,日,開,三,,之,上,而止
1282,來,開,三,,之,上,良士
1283,心,開,三,,之,上,胥里
1284,書,開,三,,之,上,詩止
1285,澄,開,三,,之,上,直里
1286,溪,開,三,,之,上,墟里
1287,崇,開,三,,之,上,鉏里
1288,俟,開,三,,之,上,牀史
1289,精,開,三,,之,上,即里
1290,云,開,三,,之,上,于紀
1291,疑,開,三,,之,上,魚紀
1292,昌,開,三,,之,上,昌里
1293,徹,開,三,,之,上,敕里
1294,初,開,三,,之,上,初紀
1295,莊,開,三,,之,上,阻史
1296,影,開,三,,之,上,於擬
1297,孃,開,三,,之,上,乃里
1298,明,,三,,微,上,無匪
1299,影,開,三,,微,上,於豈
1300,溪,開,三,,微,上,袪豨
1301,見,開,三,,微,上,居豨
1302,滂,,三,,微,上,敷尾
1303,幫,,三,,微,上,府尾
1304,云,合,三,,微,上,于鬼
1305,見,合,三,,微,上,居偉
1306,曉,合,三,,微,上,許偉
1307,疑,開,三,,微,上,魚豈
1308,曉,開,三,,微,上,虛豈
1309,影,合,三,,微,上,於鬼
1310,並,,三,,微,上,浮鬼
1311,疑,開,三,,魚,上,魚巨
1312,來,開,三,,魚,上,力舉
1313,澄,開,三,,魚,上,直呂
1314,以,開,三,,魚,上,余呂
1315,章,開,三,,魚,上,章与
1316,日,開,三,,魚,上,人渚
1317,書,開,三,,魚,上,舒呂
1318,昌,開,三,,魚,上,昌與
1319,知,開,三,,魚,上,丁呂
1320,心,開,三,,魚,上,私呂
1321,徹,開,三,,魚,上,丑呂
1322,孃,開,三,,魚,上,尼呂
1323,曉,開,三,,魚,上,虛呂
1324,羣,開,三,,魚,上,其呂
1325,生,開,三,,魚,上,疎舉
1326,初,開,三,,魚,上,創舉
1327,莊,開,三,,魚,上,側呂
1328,崇,開,三,,魚,上,牀呂
1329,從,開,三,,魚,上,慈呂
1330,影,開,三,,魚,上,於許
1331,見,開,三,,魚,上,居許
1332,邪,開,三,,魚,上,徐呂
1333,溪,開,三,,魚,上,羌舉
1334,船,開,三,,魚,上,神與
1335,常,開,三,,魚,上,承與
1336,清,開,三,,魚,上,七與
1337,精,開,三,,魚,上,子與
1338,疑,合,三,,虞,上,虞矩
1339,云,合,三,,虞,上,王矩
1340,從,合,三,,虞,上,慈庾
1341,幫,,三,,虞,上,方矩
1342,明,,三,,虞,上,文甫
1343,並,,三,,虞,上,扶雨
1344,滂,,三,,虞,上,芳武
1345,澄,合,三,,虞,上,直主
1346,曉,合,三,,虞,上,況羽
1347,常,合,三,,虞,上,臣庾
1348,以,合,三,,虞,上,以主
1349,章,合,三,,虞,上,之庾
1350,影,合,三,,虞,上,於武
1351,溪,合,三,,虞,上,驅雨
1352,知,合,三,,虞,上,知庾
1353,日,合,三,,虞,上,而主
1354,羣,合,三,,虞,上,其矩
1355,生,合,三,,虞,上,所矩
1356,見,合,三,,虞,上,俱雨
1357,清,合,三,,虞,上,七庾
1358,來,合,三,,虞,上,力主
1359,心,合,三,,虞,上,相庾
1360,崇,合,三,,虞,上,鶵禹
1361,明,,一,,模,上,莫補
1362,透,,一,,模,上,他魯
1363,定,,一,,模,上,徒古
1364,來,,一,,模,上,郎古
1365,清,,一,,模,上,采古
1366,端,,一,,模,上,當古
1367,見,,一,,模,上,公戶
1368,疑,,一,,模,上,疑古
1369,並,,一,,模,上,裴古
1370,從,,一,,模,上,徂古
1371,精,,一,,模,上,則古
1372,曉,,一,,模,上,呼古
1373,影,,一,,模,上,安古
1374,溪,,一,,模,上,康杜
1375,泥,,一,,模,上,奴古
1376,匣,,一,,模,上,侯古
1377,滂,,一,,模,上,滂古
1378,幫,,一,,模,上,博古
1379,從,開,四,,齊,上,徂禮
1380,來,開,四,,齊,上,盧啓
1381,透,開,四,,齊,上,他禮
1382,滂,,四,,齊,上,匹米
1383,精,開,四,,齊,上,子禮
1384,端,開,四,,齊,上,都禮
1385,定,開,四,,齊,上,徒禮
1386,泥,開,四,,齊,上,奴禮
1387,心,開,四,,齊,上,先禮
1388,清,開,四,,齊,上,千禮
1389,溪,開,四,,齊,上,康禮
1390,匣,開,四,,齊,上,胡禮
1391,明,,四,,齊,上,莫禮
1392,並,,四,,齊,上,傍禮
1393,影,開,四,,齊,上,烏弟
1394,疑,開,四,,齊,上,研啓
1395,幫,,四,,齊,上,補米
1396,匣,開,二,,佳,上,胡買
1397,明,,二,,佳,上,莫蟹
1398,溪,開,二,,佳,上,苦蟹
1399,澄,開,二,,佳,上,宅買
1400,孃,開,二,,佳,上,奴蟹
1401,並,,二,,佳,上,薄蟹
1402,影,開,二,,佳,上,烏蟹
1403,幫,,二,,佳,上,北買
1404,見,開,二,,佳,上,佳買
1405,生,開,二,,佳,上,所蟹
1406,見,合,二,,佳,上,乖買
1407,澄,合,二,,佳,上,丈夥
1408,匣,合,二,,佳,上,懷𠁥
1409,曉,合,二,,佳,上,花夥
1410,羣,開,二,,佳,上,求蟹
1411,匣,開,二,,皆,上,侯楷
1412,溪,開,二,,皆,上,苦駭
1413,疑,開,二,,皆,上,五駭
1414,影,開,二,,皆,上,於駭
1415,曉,合,一,,灰,上,呼罪
1416,影,合,一,,灰,上,烏賄
1417,來,合,一,,灰,上,落猥
1418,定,合,一,,灰,上,徒猥
1419,從,合,一,,灰,上,徂賄
1420,明,,一,,灰,上,武罪
1421,透,合,一,,灰,上,吐猥
1422,匣,合,一,,灰,上,胡罪
1423,溪,合,一,,灰,上,口猥
1424,端,合,一,,灰,上,都罪
1425,泥,合,一,,灰,上,奴罪
1426,疑,合,一,,灰,上,五罪
1427,清,合,一,,灰,上,七罪
1428,並,,一,,灰,上,蒲罪
1429,精,合,一,,灰,上,子罪
1430,曉,開,一,,咍,上,呼改
1431,溪,開,一,,咍,上,苦亥
1432,精,開,一,,咍,上,作亥
1433,定,開,一,,咍,上,徒亥
1434,泥,開,一,,咍,上,奴亥
1435,見,開,一,,咍,上,古亥
1436,匣,開,一,,咍,上,胡改
1437,滂,,一,,灰,上,匹愷
1438,清,開,一,,咍,上,倉宰
1439,昌,開,三,,咍,上,昌紿
1440,端,開,一,,咍,上,多改
1441,從,開,一,,咍,上,昨宰
1442,影,開,一,,咍,上,於改
1443,以,開,三,,咍,上,夷在
1444,透,開,一,,咍,上,他亥
1445,日,開,三,,咍,上,如亥
1446,來,開,一,,咍,上,來改
1447,章,開,三,,眞,上,章忍
1448,徹,開,三,,眞,上,丑忍
1449,常,開,三,,眞,上,時忍
1450,日,開,三,,眞,上,而軫
1451,書,開,三,,眞,上,式忍
1452,來,開,三,,眞,上,良忍
1453,澄,開,三,,眞,上,直引
1454,見,開,三,A,眞,上,居忍
1455,從,開,三,,眞,上,慈忍
1456,精,開,三,,眞,上,即忍
1457,並,,三,A,眞,上,毗忍
1458,疑,開,三,B,眞,上,宜引
1459,清,開,三,,眞,上,七忍
1460,羣,合,三,B,眞,上,渠殞
1461,以,開,三,A,眞,上,余忍
1462,明,,三,B,眞,上,眉殞
1463,明,,三,A,眞,上,武盡
1464,云,合,三,B,眞,上,于敏
1465,章,合,三,,眞,上,之尹
1466,以,合,三,A,眞,上,余準
1467,心,合,三,,眞,上,思尹
1468,日,合,三,,眞,上,而允
1469,昌,合,三,,眞,上,尺尹
1470,船,合,三,,眞,上,食尹
1471,徹,合,三,,眞,上,癡準
1472,來,合,三,,眞,上,力準
1473,溪,合,三,B,眞,上,丘尹
1474,溪,開,三,A,眞,上,弃忍
1475,書,合,三,,眞,上,式允
1476,曉,開,三,B,眞,上,興腎
1477,崇,開,三,,眞,上,鉏紖
1478,知,開,三,,眞,上,珍忍
1479,明,,三,,文,上,武粉
1480,幫,,三,,文,上,方吻
1481,並,,三,,文,上,房吻
1482,滂,,三,,文,上,敷粉
1483,影,合,三,,文,上,於粉
1484,疑,合,三,,文,上,魚吻
1485,云,合,三,,文,上,云粉
1486,溪,合,三,,文,上,丘粉
1487,影,開,三,,欣,上,於謹
1488,見,開,三,,欣,上,居隱
1489,莊,開,三,,欣,上,仄謹
1490,溪,開,三,,欣,上,丘謹
1491,羣,開,三,,欣,上,其謹
1492,初,開,三,,欣,上,初謹
1493,疑,開,三,,欣,上,牛謹
1494,曉,開,三,,欣,上,休謹
1495,疑,合,三,,元,上,虞遠
1496,云,合,三,,元,上,雲阮
1497,影,開,三,,元,上,於幰
1498,見,開,三,,元,上,居偃
1499,羣,開,三,,元,上,其偃
1500,溪,開,三,,元,上,去偃
1501,疑,開,三,,元,上,語偃
1502,曉,開,三,,元,上,虛偃
1503,明,,三,,元,上,無遠
1504,幫,,三,,元,上,府遠
1505,羣,合,三,,元,上,求晚
1506,影,合,三,,元,上,於阮
1507,溪,合,三,,元,上,去阮
1508,曉,合,三,,元,上,況晚
1509,並,,三,,元,上,扶晚
1510,匣,合,一,,魂,上,胡本
1511,滂,,一,,魂,上,普本
1512,清,合,一,,魂,上,倉本
1513,幫,,一,,魂,上,布忖
1514,心,合,一,,魂,上,蘇本
1515,精,合,一,,魂,上,兹損
1516,影,合,一,,魂,上,烏本
1517,定,合,一,,魂,上,徒損
1518,從,合,一,,魂,上,才本
1519,見,合,一,,魂,上,古本
1520,透,合,一,,魂,上,他袞
1521,溪,合,一,,魂,上,苦本
1522,來,合,一,,魂,上,盧本
1523,並,,一,,魂,上,蒲本
1524,明,,一,,魂,上,模本
1525,泥,合,一,,魂,上,乃本
1526,曉,合,一,,魂,上,虛本
1527,匣,開,一,,痕,上,胡墾
1528,溪,開,一,,痕,上,康很
1529,見,開,一,,痕,上,古很
1530,匣,開,一,,寒,上,胡笴
1531,端,開,一,,寒,上,多旱
1532,透,開,一,,寒,上,他但
1533,心,開,一,,寒,上,蘇旱
1534,定,開,一,,寒,上,徒旱
1535,從,開,一,,寒,上,藏旱
1536,見,開,一,,寒,上,古旱
1537,來,開,一,,寒,上,落旱
1538,溪,開,一,,寒,上,空旱
1539,曉,開,一,,寒,上,呼旱
1540,精,開,一,,寒,上,作旱
1541,匣,合,一,,寒,上,胡管
1542,端,合,一,,寒,上,都管
1543,影,合,一,,寒,上,烏管
1544,透,合,一,,寒,上,吐緩
1545,心,合,一,,寒,上,蘇管
1546,見,合,一,,寒,上,古滿
1547,來,合,一,,寒,上,盧管
1548,溪,合,一,,寒,上,苦管
1549,泥,合,一,,寒,上,乃管
1550,精,合,一,,寒,上,作管
1551,並,,一,,寒,上,蒲旱
1552,明,,一,,寒,上,莫旱
1553,幫,,一,,寒,上,博管
1554,邪,合,一,,寒,上,辝纂
1555,定,合,一,,寒,上,徒管
1556,泥,開,一,,寒,上,奴但
1557,滂,,一,,寒,上,普伴
1558,生,開,二,,刪,上,數板
1559,影,合,二,,刪,上,烏板
1560,幫,,二,,刪,上,布綰
1561,莊,開,二,,刪,上,側板
1562,孃,開,二,,刪,上,奴板
1563,匣,開,二,,刪,上,下赧
1564,匣,合,二,,刪,上,戶板
1565,並,,二,,刪,上,扶板
1566,明,,二,,刪,上,武板
1567,崇,開,二,,刪,上,士板
1568,疑,開,二,,刪,上,五板
1569,初,開,二,,刪,上,初板
1570,滂,,二,,刪,上,普板
1571,崇,合,二,,刪,上,雛鯇
1572,生,開,二,,山,上,所簡
1573,匣,開,二,,山,上,胡簡
1574,明,,二,,山,上,武簡
1575,見,開,二,,山,上,古限
1576,初,開,二,,山,上,初限
1577,崇,開,二,,山,上,士限
1578,疑,開,二,,山,上,五限
1579,莊,開,二,,山,上,阻限
1580,初,合,二,,山,上,初綰
1581,溪,開,二,,山,上,起限
1582,心,開,四,,先,上,蘇典
1583,透,開,四,,先,上,他典
1584,端,開,四,,先,上,多殄
1585,影,開,四,,先,上,於殄
1586,定,開,四,,先,上,徒典
1587,見,開,四,,先,上,古典
1588,匣,開,四,,先,上,胡典
1589,曉,開,四,,先,上,呼典
1590,明,,四,,先,上,彌殄
1591,泥,開,四,,先,上,乃殄
1592,幫,,四,,先,上,方典
1593,匣,合,四,,先,上,胡畎
1594,見,合,四,,先,上,姑泫
1595,並,,四,,先,上,薄泫
1596,溪,合,四,,先,上,苦泫
1597,溪,開,四,,先,上,牽繭
1598,疑,開,四,,先,上,研峴
1599,心,開,三,,仙,上,息淺
1600,以,開,三,A,仙,上,以淺
1601,從,開,三,,仙,上,慈演
1602,知,開,三,,仙,上,知演
1603,章,開,三,,仙,上,旨善
1604,孃,開,三,,仙,上,尼展
1605,清,開,三,,仙,上,七演
1606,昌,開,三,,仙,上,昌善
1607,溪,開,三,A,仙,上,去演
1608,見,開,三,B,仙,上,九輦
1609,常,開,三,,仙,上,常演
1610,精,開,三,,仙,上,即淺
1611,日,開,三,,仙,上,人善
1612,邪,開,三,,仙,上,徐翦
1613,來,開,三,,仙,上,力展
1614,疑,開,三,B,仙,上,魚蹇
1615,羣,開,三,B,仙,上,其輦
1616,並,,三,B,仙,上,符蹇
1617,明,,三,A,仙,上,彌兗
1618,幫,,三,A,仙,上,方緬
1619,精,合,三,,仙,上,子兗
1620,從,合,三,,仙,上,徂兗
1621,幫,,三,B,仙,上,方免
1622,以,合,三,A,仙,上,以轉
1623,來,合,三,,仙,上,力兗
1624,知,合,三,,仙,上,陟兗
1625,見,合,三,B,仙,上,居轉
1626,羣,合,三,B,仙,上,渠篆
1627,日,合,三,,仙,上,而兗
1628,昌,合,三,,仙,上,昌兗
1629,常,合,三,,仙,上,市兗
1630,澄,合,三,,仙,上,持兗
1631,章,合,三,,仙,上,旨兗
1632,心,合,三,,仙,上,思兗
1633,崇,合,三,,仙,上,士免
1634,羣,合,三,A,仙,上,狂兗
1635,曉,合,三,A,仙,上,香兗
1636,並,,三,A,仙,上,符善
1637,明,,三,B,仙,上,亡辨
1638,徹,開,三,,仙,上,丑善
1639,滂,,三,B,仙,上,披免
1640,書,開,三,,仙,上,式善
1641,影,開,三,B,仙,上,於蹇
1642,澄,開,三,,仙,上,除善
1643,崇,開,三,,仙,上,士免
1644,心,開,四,,蕭,上,先鳥
1645,見,開,四,,蕭,上,古了
1646,端,開,四,,蕭,上,都了
1647,來,開,四,,蕭,上,盧鳥
1648,透,開,四,,蕭,上,土了
1649,曉,開,四,,蕭,上,馨皛
1650,影,開,四,,蕭,上,烏晈
1651,泥,開,四,,蕭,上,奴鳥
1652,匣,開,四,,蕭,上,胡了
1653,定,開,四,,蕭,上,徒了
1654,溪,開,四,,蕭,上,苦皎
1655,精,開,四,,蕭,上,子了
1656,心,開,三,,宵,上,私兆
1657,澄,開,三,,宵,上,治小
1658,章,開,三,,宵,上,之少
1659,影,開,三,B,宵,上,於兆
1660,徹,開,三,,宵,上,丑小
1661,書,開,三,,宵,上,書沼
1662,日,開,三,,宵,上,而沼
1663,並,,三,A,宵,上,符少
1664,昌,開,三,,宵,上,尺沼
1665,滂,,三,A,宵,上,敷沼
1666,明,,三,A,宵,上,亡沼
1667,常,開,三,,宵,上,市沼
1668,見,開,三,B,宵,上,居夭
1669,幫,,三,B,宵,上,陂矯
1670,幫,,三,A,宵,上,方小
1671,並,,三,B,宵,上,平表
1672,以,開,三,A,宵,上,以沼
1673,清,開,三,,宵,上,親小
1674,精,開,三,,宵,上,子小
1675,羣,開,三,B,宵,上,巨夭
1676,來,開,三,,宵,上,力小
1677,滂,,三,B,宵,上,滂表
1678,影,開,三,A,宵,上,於小
1679,溪,開,二,,肴,上,苦絞
1680,匣,開,二,,肴,上,下巧
1681,幫,,二,,肴,上,博巧
1682,孃,開,二,,肴,上,奴巧
1683,明,,二,,肴,上,莫飽
1684,見,開,二,,肴,上,古巧
1685,莊,開,二,,肴,上,側絞
1686,影,開,二,,肴,上,於絞
1687,並,,二,,肴,上,薄巧
1688,疑,開,二,,肴,上,五巧
1689,崇,開,二,,肴,上,士絞
1690,初,開,二,,肴,上,初爪
1691,知,開,二,,肴,上,張絞
1692,生,開,二,,肴,上,山巧
1693,匣,開,一,,豪,上,胡老
1694,並,,一,,豪,上,薄浩
1695,來,開,一,,豪,上,盧晧
1696,透,開,一,,豪,上,他浩
1697,定,開,一,,豪,上,徒晧
1698,泥,開,一,,豪,上,奴晧
1699,心,開,一,,豪,上,蘇老
1700,端,開,一,,豪,上,都晧
1701,清,開,一,,豪,上,采老
1702,精,開,一,,豪,上,子晧
1703,從,開,一,,豪,上,昨早
1704,見,開,一,,豪,上,古老
1705,曉,開,一,,豪,上,呼晧
1706,明,,一,,豪,上,武道
1707,幫,,一,,豪,上,博抱
1708,影,開,一,,豪,上,烏晧
1709,溪,開,一,,豪,上,苦浩
1710,疑,開,一,,豪,上,五老
1711,見,開,一,,歌,上,古我
1712,清,開,一,,歌,上,千可
1713,端,開,一,,歌,上,丁可
1714,心,開,一,,歌,上,蘇可
1715,定,開,一,,歌,上,徒可
1716,疑,開,一,,歌,上,五可
1717,透,開,一,,歌,上,吐可
1718,來,開,一,,歌,上,來可
1719,泥,開,一,,歌,上,奴可
1720,匣,開,一,,歌,上,胡可
1721,曉,開,一,,歌,上,虛我
1722,溪,開,一,,歌,上,枯我
1723,影,開,一,,歌,上,烏可
1724,精,開,一,,歌,上,臧可
1725,見,合,一,,歌,上,古火
1726,端,合,一,,歌,上,丁果
1727,心,合,一,,歌,上,蘇果
1728,定,合,一,,歌,上,徒果
1729,透,合,一,,歌,上,他果
1730,明,,一,,歌,上,亡果
1731,從,合,一,,歌,上,徂果
1732,疑,合,一,,歌,上,五果
1733,來,合,一,,歌,上,郎果
1734,影,合,一,,歌,上,烏果
1735,泥,合,一,,歌,上,奴果
1736,幫,,一,,歌,上,布火
1737,滂,,一,,歌,上,普火
1738,匣,合,一,,歌,上,胡果
1739,曉,合,一,,歌,上,呼果
1740,溪,合,一,,歌,上,苦果
1741,並,,一,,歌,上,捕可
1742,清,合,一,,歌,上,倉果
1743,明,,二,,麻,上,莫下
1744,章,開,三,,麻,上,章也
1745,以,開,三,,麻,上,羊者
1746,疑,開,二,,麻,上,五下
1747,見,開,二,,麻,上,古疋
1748,生,開,二,,麻,上,砂下
1749,影,開,二,,麻,上,烏下
1750,邪,開,三,,麻,上,徐野
1751,匣,開,二,,麻,上,胡雅
1752,心,開,三,,麻,上,悉姐
1753,莊,合,二,,麻,上,𩛠瓦
1754,明,,三,,麻,上,彌也
1755,清,開,三,,麻,上,七也
1756,曉,開,二,,麻,上,許下
1757,常,開,三,,麻,上,常者
1758,溪,開,二,,麻,上,苦下
1759,並,,二,,麻,上,傍下
1760,書,開,三,,麻,上,書冶
1761,精,開,三,,麻,上,兹野
1762,幫,,二,,麻,上,博下
1763,匣,合,二,,麻,上,胡瓦
1764,見,合,二,,麻,上,古瓦
1765,疑,合,二,,麻,上,五寡
1766,日,開,三,,麻,上,人者
1767,莊,開,二,,麻,上,側下
1768,知,開,二,,麻,上,都賈
1769,崇,開,二,,麻,上,士下
1770,昌,開,三,,麻,上,昌者
1771,孃,開,二,,麻,上,奴下
1772,溪,合,二,,麻,上,苦瓦
1773,初,合,二,,麻,上,叉瓦
1774,徹,合,二,,麻,上,丑寡
1775,生,合,二,,麻,上,沙瓦
1776,徹,開,二,,麻,上,丑下
1777,來,開,二,,麻,上,盧下
1778,以,開,三,,陽,上,餘兩
1779,邪,開,三,,陽,上,徐兩
1780,精,開,三,,陽,上,即兩
1781,來,開,三,,陽,上,良㢡
1782,影,開,三,,陽,上,於兩
1783,羣,開,三,,陽,上,其兩
1784,疑,開,三,,陽,上,魚兩
1785,初,開,三,,陽,上,初兩
1786,心,開,三,,陽,上,息兩
1787,章,開,三,,陽,上,諸兩
1788,生,開,三,,陽,上,疎兩
1789,曉,開,三,,陽,上,許兩
1790,昌,開,三,,陽,上,昌兩
1791,見,開,三,,陽,上,居兩
1792,澄,開,三,,陽,上,直兩
1793,徹,開,三,,陽,上,丑兩
1794,見,合,三,,陽,上,居往
1795,日,開,三,,陽,上,如兩
1796,書,開,三,,陽,上,書兩
1797,滂,,三,,陽,上,妃兩
1798,明,,三,,陽,上,文兩
1799,幫,,三,,陽,上,分网
1800,影,合,三,,陽,上,紆往
1801,云,合,三,,陽,上,于兩
1802,曉,合,三,,陽,上,許昉
1803,清,開,三,,陽,上,七兩
1804,知,開,三,,陽,上,知丈
1805,常,開,三,,陽,上,時掌
1806,羣,合,三,,陽,上,求往
1807,並,,三,,陽,上,毗養
1808,定,開,一,,唐,上,徒朗
1809,心,開,一,,唐,上,蘇朗
1810,見,合,一,,唐,上,古晃
1811,幫,,一,,唐,上,北朗
1812,精,開,一,,唐,上,子朗
1813,泥,開,一,,唐,上,奴朗
1814,匣,開,一,,唐,上,胡朗
1815,透,開,一,,唐,上,他朗
1816,明,,一,,唐,上,模朗
1817,端,開,一,,唐,上,多朗
1818,來,開,一,,唐,上,盧黨
1819,影,開,一,,唐,上,烏朗
1820,溪,開,一,,唐,上,苦朗
1821,影,合,一,,唐,上,烏晃
1822,匣,合,一,,唐,上,胡廣
1823,滂,,一,,唐,上,匹朗
1824,曉,合,一,,唐,上,呼晃
1825,見,開,一,,唐,上,各朗
1826,疑,開,一,,唐,上,五朗
1827,從,開,一,,唐,上,徂朗
1828,清,開,一,,唐,上,麁朗
1829,曉,開,一,,唐,上,呼朗
1830,溪,合,一,,唐,上,丘晃
1831,見,開,二,,庚,上,古杏
1832,幫,,三,,庚,上,兵永
1833,見,開,三,,庚,上,居影
1834,影,開,三,,庚,上,於丙
1835,生,開,三,,庚,上,所景
1836,云,合,三,,庚,上,于憬
1837,曉,合,三,,庚,上,許永
1838,明,,三,,庚,上,武永
1839,見,合,三,,庚,上,俱永
1840,匣,開,二,,庚,上,何梗
1841,明,,二,,庚,上,莫杏
1842,見,合,二,,庚,上,古猛
1843,幫,,二,,庚,上,布梗
1844,知,開,二,,庚,上,張梗
1845,澄,開,二,,庚,上,徒杏
1846,影,合,二,,庚,上,烏猛
1847,來,開,二,,庚,上,魯打
1848,匣,合,二,,庚,上,乎䁝
1849,並,,二,,庚,上,蒲猛
1850,溪,合,二,,庚,上,苦礦
1851,孃,開,二,,庚,上,拏梗
1852,見,開,二,,耕,上,古幸
1853,明,,二,,耕,上,武幸
1854,匣,開,二,,耕,上,胡耿
1855,並,,二,,耕,上,蒲幸
1856,滂,,二,,耕,上,普幸
1857,從,開,三,,清,上,疾郢
1858,章,開,三,,清,上,之郢
1859,徹,開,三,,清,上,丑郢
1860,以,開,三,A,清,上,以整
1861,羣,開,三,A,清,上,巨郢
1862,以,合,三,A,清,上,餘頃
1863,來,開,三,,清,上,良郢
1864,見,開,三,A,清,上,居郢
1865,幫,,三,A,清,上,必郢
1866,溪,合,三,A,清,上,去潁
1867,精,開,三,,清,上,子郢
1868,影,開,三,A,清,上,於郢
1869,清,開,三,,清,上,七靜
1870,心,開,三,,清,上,息井
1871,明,,三,A,清,上,亡井
1872,澄,開,三,,清,上,丈井
1873,匣,合,四,,青,上,戶頂
1874,見,合,四,,青,上,古迥
1875,明,,四,,青,上,莫迥
1876,端,開,四,,青,上,都挺
1877,定,開,四,,青,上,徒鼎
1878,透,開,四,,青,上,他鼎
1879,從,開,四,,青,上,徂醒
1880,影,合,四,,青,上,烏迥
1881,溪,開,四,,青,上,去挺
1882,泥,開,四,,青,上,乃挺
1883,匣,開,四,,青,上,胡頂
1884,心,開,四,,青,上,蘇挺
1885,幫,,四,,青,上,補鼎
1886,溪,合,四,,青,上,口迥
1887,見,開,四,,青,上,古挺
1888,滂,,四,,青,上,匹迥
1889,影,開,四,,青,上,烟涬
1890,來,開,四,,青,上,力鼎
1891,並,,四,,青,上,蒲迥
1892,曉,合,四,,青,上,火迥
1893,疑,開,四,,青,上,五剄
1894,章,開,三,,蒸,上,
1895,徹,開,三,,蒸,上,丑拯
1896,羣,開,三,,蒸,上,其拯
1897,生,開,三,,蒸,上,色庱
1898,端,開,一,,登,上,多肯
1899,滂,,一,,登,上,普等
1900,溪,開,一,,登,上,苦等
1901,泥,開,一,,登,上,奴等
1902,云,開,三,,尤,上,云久
1903,來,開,三,,尤,上,力久
1904,孃,開,三,,尤,上,女久
1905,徹,開,三,,尤,上,敕久
1906,知,開,三,,尤,上,陟柳
1907,曉,開,三,,尤,上,許久
1908,見,開,三,,尤,上,舉有
1909,書,開,三,,尤,上,書九
1910,昌,開,三,,尤,上,昌九
1911,從,開,三,,尤,上,在九
1912,並,,三,,尤,上,房久
1913,幫,,三,,尤,上,方久
1914,溪,開,三,,尤,上,去久
1915,日,開,三,,尤,上,人九
1916,羣,開,三,,尤,上,其九
1917,澄,開,三,,尤,上,除柳
1918,以,開,三,,尤,上,與久
1919,常,開,三,,尤,上,殖酉
1920,心,開,三,,尤,上,息有
1921,影,開,三,,尤,上,於柳
1922,精,開,三,,尤,上,子酉
1923,生,開,三,,尤,上,疎有
1924,章,開,三,,尤,上,之九
1925,滂,,三,,尤,上,芳否
1926,莊,開,三,,尤,上,側九
1927,崇,開,三,,尤,上,士九
1928,初,開,三,,尤,上,初九
1929,匣,開,一,,侯,上,胡口
1930,明,,一,,侯,上,莫厚
1931,並,,一,,侯,上,蒲口
1932,端,開,一,,侯,上,當口
1933,透,開,一,,侯,上,天口
1934,見,開,一,,侯,上,古厚
1935,疑,開,一,,侯,上,五口
1936,幫,,一,,侯,上,方垢
1937,泥,開,一,,侯,上,乃后
1938,心,開,一,,侯,上,蘇后
1939,曉,開,一,,侯,上,呼后
1940,滂,,一,,侯,上,普后
1941,影,開,一,,侯,上,烏后
1942,來,開,一,,侯,上,郎斗
1943,精,開,一,,侯,上,子苟
1944,溪,開,一,,侯,上,苦后
1945,定,開,一,,侯,上,徒口
1946,從,開,一,,侯,上,仕垢
1947,清,開,一,,侯,上,倉苟
1948,影,開,三,,幽,上,於糾
1949,見,開,三,,幽,上,居黝
1950,羣,開,三,,幽,上,渠黝
1951,清,開,三,,侵,上,七稔
1952,澄,開,三,,侵,上,直稔
1953,溪,開,三,B,侵,上,丘甚
1954,來,開,三,,侵,上,力稔
1955,心,開,三,,侵,上,斯甚
1956,徹,開,三,,侵,上,丑甚
1957,精,開,三,,侵,上,子朕
1958,日,開,三,,侵,上,如甚
1959,章,開,三,,侵,上,章荏
1960,書,開,三,,侵,上,式荏
1961,船,開,三,,侵,上,食荏
1962,常,開,三,,侵,上,常枕
1963,昌,開,三,,侵,上,昌枕
1964,初,開,三,,侵,上,初朕
1965,孃,開,三,,侵,上,尼凜
1966,羣,開,三,B,侵,上,渠飲
1967,見,開,三,B,侵,上,居飲
1968,從,開,三,,侵,上,慈荏
1969,疑,開,三,B,侵,上,牛錦
1970,生,開,三,,侵,上,疎錦
1971,幫,,三,B,侵,上,筆錦
1972,影,開,三,B,侵,上,於錦
1973,滂,,三,B,侵,上,丕飲
1974,曉,開,三,B,侵,上,許錦
1975,知,開,三,,侵,上,張甚
1976,以,開,三,A,侵,上,以荏
1977,崇,開,三,,侵,上,士㾕
1978,見,開,一,,覃,上,古禫
1979,定,開,一,,覃,上,徒感
1980,影,開,一,,覃,上,烏感
1981,泥,開,一,,覃,上,奴感
1982,透,開,一,,覃,上,他感
1983,從,開,一,,覃,上,徂感
1984,清,開,一,,覃,上,七感
1985,疑,開,一,,覃,上,五感
1986,精,開,一,,覃,上,子感
1987,心,開,一,,覃,上,桑感
1988,溪,開,一,,覃,上,苦感
1989,匣,開,一,,覃,上,胡感
1990,來,開,一,,覃,上,盧感
1991,端,開,一,,覃,上,都感
1992,曉,開,一,,覃,上,呼唵
1993,見,開,一,,談,上,古覽
1994,書,開,三,,談,上,賞敢
1995,來,開,一,,談,上,盧敢
1996,透,開,一,,談,上,吐敢
1997,端,開,一,,談,上,都敢
1998,定,開,一,,談,上,徒敢
1999,清,開,一,,談,上,倉敢
2000,明,,一,,談,上,謨敢
2001,精,開,一,,談,上,子敢
2002,從,開,一,,談,上,才敢
2003,曉,開,一,,談,上,呼覽
2004,影,開,一,,談,上,烏敢
2005,溪,開,一,,談,上,口敢
2006,以,開,三,A,鹽,上,以冉
2007,來,開,三,,鹽,上,良冉
2008,曉,開,三,B,鹽,上,虛檢
2009,幫,,三,B,鹽,上,方斂
2010,章,開,三,,鹽,上,占琰
2011,溪,開,三,B,鹽,上,丘檢
2012,疑,開,三,B,鹽,上,魚檢
2013,羣,開,三,B,鹽,上,巨險
2014,見,開,三,B,鹽,上,居奄
2015,影,開,三,A,鹽,上,於琰
2016,日,開,三,,鹽,上,而琰
2017,書,開,三,,鹽,上,失冉
2018,徹,開,三,,鹽,上,丑琰
2019,影,開,三,B,鹽,上,衣儉
2020,從,開,三,,鹽,上,慈染
2021,清,開,三,,鹽,上,七漸
2022,精,開,三,,鹽,上,子冉
2023,溪,開,三,A,鹽,上,謙琰
2024,常,開,三,,鹽,上,時染
2025,透,開,四,,添,上,他玷
2026,泥,開,四,,添,上,乃玷
2027,端,開,四,,添,上,多忝
2028,定,開,四,,添,上,徒玷
2029,溪,開,四,,添,上,苦簟
2030,來,開,四,,添,上,力忝
2031,匣,開,四,,添,上,胡忝
2032,清,開,四,,添,上,青忝
2033,見,開,四,,添,上,兼玷
2034,明,,四,,添,上,明忝
2035,疑,開,三,,嚴,上,魚埯
2036,溪,開,三,,嚴,上,丘广
2037,影,開,三,,嚴,上,於广
2038,匣,開,二,,咸,上,下斬
2039,澄,開,二,,咸,上,徒減
2040,溪,開,二,,咸,上,苦減
2041,見,開,二,,咸,上,古斬
2042,崇,開,二,,咸,上,士減
2043,來,開,二,,咸,上,力減
2044,莊,開,二,,咸,上,側減
2045,初,開,二,,咸,上,初減
2046,曉,開,二,,咸,上,火斬
2047,生,開,二,,咸,上,所斬
2048,影,開,二,,咸,上,乙減
2049,孃,開,二,,咸,上,女減
2050,徹,開,二,,咸,上,丑減
2051,匣,開,二,,銜,上,胡黤
2052,溪,開,二,,銜,上,丘檻
2053,生,開,二,,銜,上,山檻
2054,影,開,二,,銜,上,於檻
2055,初,開,二,,銜,上,初檻
2056,曉,開,二,,銜,上,荒檻
2057,崇,開,二,,銜,上,仕檻
2058,並,,三,,凡,上,防錽
2059,明,,三,,凡,上,亡范
2060,幫,,三,,凡,上,府犯
2061,滂,,三,,凡,上,峯犯
2062,徹,開,三,,嚴,上,丑犯
2063,心,開,一,,東,去,蘇弄
2064,並,,三,,東,去,馮貢
2065,見,開,一,,東,去,古送
2066,來,開,一,,東,去,盧貢
2067,端,開,一,,東,去,多貢
2068,溪,開,一,,東,去,苦貢
2069,精,開,一,,東,去,作弄
2070,影,開,一,,東,去,烏貢
2071,清,開,一,,東,去,千弄
2072,定,開,一,,東,去,徒弄
2073,透,開,一,,東,去,他貢
2074,澄,開,三,,東,去,直眾
2075,幫,,三,,東,去,方鳳
2076,溪,開,三,,東,去,去仲
2077,明,,三,,東,去,莫鳳
2078,曉,開,三,,東,去,香仲
2079,明,,一,,東,去,莫弄
2080,清,開,三,,東,去,千仲
2081,滂,,三,,東,去,撫鳳
2082,從,開,一,,東,去,徂送
2083,知,開,三,,東,去,陟仲
2084,匣,開,一,,東,去,胡貢
2085,泥,開,一,,東,去,奴凍
2086,章,開,三,,東,去,之仲
2087,昌,開,三,,東,去,充仲
2088,崇,開,三,,東,去,仕仲
2089,曉,開,一,,東,去,呼貢
2090,心,合,一,,冬,去,蘇統
2091,精,合,一,,冬,去,子宋
2092,透,合,一,,冬,去,他綜
2093,明,,一,,冬,去,莫綜
2094,匣,合,一,,冬,去,乎宋
2095,以,開,三,,鍾,去,余頌
2096,邪,開,三,,鍾,去,似用
2097,並,,三,,鍾,去,扶用
2098,羣,開,三,,鍾,去,渠用
2099,幫,,三,,鍾,去,方用
2100,見,開,三,,鍾,去,居用
2101,影,開,三,,鍾,去,於用
2102,知,開,三,,鍾,去,竹用
2103,精,開,三,,鍾,去,子用
2104,徹,開,三,,鍾,去,丑用
2105,日,開,三,,鍾,去,而用
2106,章,開,三,,鍾,去,之用
2107,澄,開,三,,鍾,去,柱用
2108,來,開,三,,鍾,去,良用
2109,溪,開,三,,鍾,去,區用
2110,從,開,三,,鍾,去,疾用
2111,孃,開,三,,鍾,去,穠用
2112,見,開,二,,江,去,古巷
2113,匣,開,二,,江,去,胡絳
2114,知,開,二,,江,去,陟降
2115,澄,開,二,,江,去,直絳
2116,徹,開,二,,江,去,丑絳
2117,崇,開,二,,江,去,士絳
2118,滂,,二,,江,去,匹絳
2119,初,開,二,,江,去,楚絳
2120,生,開,二,,江,去,色絳
2121,章,開,三,,支,去,支義
2122,並,,三,A,支,去,毗義
2123,章,合,三,,支,去,之睡
2124,來,開,三,,支,去,力智
2125,常,開,三,,支,去,是義
2126,精,開,三,,支,去,子智
2127,心,開,三,,支,去,斯義
2128,云,合,三,B,支,去,于僞
2129,見,合,三,B,支,去,詭僞
2130,滂,,三,B,支,去,披義
2131,幫,,三,B,支,去,彼義
2132,並,,三,B,支,去,平義
2133,來,合,三,,支,去,良僞
2134,見,開,三,B,支,去,居義
2135,幫,,三,A,支,去,卑義
2136,羣,開,三,B,支,去,奇寄
2137,清,開,三,,支,去,七賜
2138,以,開,三,A,支,去,以豉
2139,疑,開,三,B,支,去,宜寄
2140,滂,,三,A,支,去,匹賜
2141,從,開,三,,支,去,疾智
2142,知,開,三,,支,去,知義
2143,影,開,三,B,支,去,於義
2144,澄,合,三,,支,去,馳僞
2145,昌,合,三,,支,去,尺僞
2146,曉,開,三,B,支,去,香義
2147,溪,開,三,A,支,去,去智
2148,影,開,三,A,支,去,於賜
2149,書,開,三,,支,去,施智
2150,生,開,三,,支,去,所寄
2151,溪,合,三,A,支,去,窺瑞
2152,影,合,三,B,支,去,於僞
2153,疑,合,三,B,支,去,危睡
2154,曉,合,三,B,支,去,況僞
2155,影,合,三,A,支,去,於避
2156,常,合,三,,支,去,是僞
2157,見,開,三,A,支,去,居企
2158,日,合,三,,支,去,而瑞
2159,昌,開,三,,支,去,充豉
2160,心,合,三,,支,去,思累
2161,知,合,三,,支,去,竹恚
2162,以,合,三,A,支,去,以睡
2163,孃,合,三,,支,去,女恚
2164,見,合,三,A,支,去,規恚
2165,莊,開,三,,支,去,爭義
2166,曉,合,三,A,支,去,呼恚
2167,溪,開,三,B,支,去,卿義
2168,章,開,三,,脂,去,脂利
2169,云,合,三,B,脂,去,于愧
2170,明,,三,B,脂,去,明祕
2171,邪,合,三,,脂,去,徐醉
2172,精,合,三,,脂,去,將遂
2173,心,合,三,,脂,去,雖遂
2174,來,合,三,,脂,去,力遂
2175,幫,,三,B,脂,去,兵媚
2176,羣,合,三,B,脂,去,求位
2177,滂,,三,B,脂,去,匹備
2178,並,,三,B,脂,去,平祕
2179,見,合,三,B,脂,去,俱位
2180,生,合,三,,脂,去,所類
2181,溪,合,三,B,脂,去,丘愧
2182,曉,合,三,B,脂,去,許位
2183,常,開,三,,脂,去,常利
2184,來,開,三,,脂,去,力至
2185,孃,開,三,,脂,去,女利
2186,滂,,三,A,脂,去,匹寐
2187,疑,開,三,B,脂,去,魚器
2188,知,開,三,,脂,去,陟利
2189,溪,開,三,A,脂,去,詰利
2190,澄,開,三,,脂,去,直利
2191,明,,三,A,脂,去,彌二
2192,徹,開,三,,脂,去,丑利
2193,見,開,三,B,脂,去,几利
2194,羣,開,三,B,脂,去,具冀
2195,羣,合,三,A,脂,去,其季
2196,清,合,三,,脂,去,七醉
2197,日,開,三,,脂,去,而至
2198,精,開,三,,脂,去,資四
2199,清,開,三,,脂,去,七四
2200,影,開,三,B,脂,去,乙冀
2201,心,開,三,,脂,去,息利
2202,溪,開,三,B,脂,去,去冀
2203,見,合,三,A,脂,去,居悸
2204,並,,三,A,脂,去,毗至
2205,曉,合,三,A,脂,去,香季
2206,幫,,三,A,脂,去,必至
2207,從,合,三,,脂,去,秦醉
2208,定,開,三,,脂,去,徒四
2209,曉,開,三,B,脂,去,虛器
2210,以,開,三,A,脂,去,羊至
2211,船,開,三,,脂,去,神至
2212,從,開,三,,脂,去,疾二
2213,澄,合,三,,脂,去,直類
2214,昌,合,三,,脂,去,尺類
2215,以,合,三,A,脂,去,以醉
2216,知,合,三,,脂,去,追萃
2217,昌,開,三,,脂,去,充自
2218,書,開,三,,脂,去,矢利
2219,初,合,三,,脂,去,楚愧
2220,書,合,三,,脂,去,釋類
2221,章,開,三,,之,去,職吏
2222,澄,開,三,,之,去,直吏
2223,邪,開,三,,之,去,祥吏
2224,清,開,三,,之,去,七吏
2225,心,開,三,,之,去,相吏
2226,書,開,三,,之,去,式吏
2227,莊,開,三,,之,去,側吏
2228,來,開,三,,之,去,力置
2229,從,開,三,,之,去,疾置
2230,徹,開,三,,之,去,丑吏
2231,日,開,三,,之,去,仍吏
2232,生,開,三,,之,去,疎吏
2233,初,開,三,,之,去,初吏
2234,以,開,三,,之,去,羊吏
2235,知,開,三,,之,去,陟吏
2236,常,開,三,,之,去,時吏
2237,崇,開,三,,之,去,鉏吏
2238,羣,開,三,,之,去,渠記
2239,昌,開,三,,之,去,昌志
2240,影,開,三,,之,去,於記
2241,見,開,三,,之,去,居吏
2242,曉,開,三,,之,去,許記
2243,疑,開,三,,之,去,魚記
2244,溪,開,三,,之,去,去吏
2245,明,,三,,微,去,無沸
2246,見,合,三,,微,去,居胃
2247,云,合,三,,微,去,于貴
2248,疑,合,三,,微,去,魚貴
2249,幫,,三,,微,去,方味
2250,滂,,三,,微,去,芳未
2251,溪,合,三,,微,去,丘畏
2252,影,合,三,,微,去,於胃
2253,曉,合,三,,微,去,許貴
2254,並,,三,,微,去,扶沸
2255,見,開,三,,微,去,居豙
2256,疑,開,三,,微,去,魚既
2257,溪,開,三,,微,去,去既
2258,曉,開,三,,微,去,許既
2259,羣,開,三,,微,去,其既
2260,影,開,三,,微,去,於既
2261,疑,開,三,,魚,去,牛倨
2262,來,開,三,,魚,去,良倨
2263,見,開,三,,魚,去,居御
2264,清,開,三,,魚,去,七慮
2265,溪,開,三,,魚,去,丘倨
2266,常,開,三,,魚,去,常恕
2267,書,開,三,,魚,去,商署
2268,知,開,三,,魚,去,陟慮
2269,章,開,三,,魚,去,章恕
2270,生,開,三,,魚,去,所去
2271,影,開,三,,魚,去,依倨
2272,澄,開,三,,魚,去,遟倨
2273,羣,開,三,,魚,去,其據
2274,心,開,三,,魚,去,息據
2275,崇,開,三,,魚,去,牀據
2276,精,開,三,,魚,去,將預
2277,莊,開,三,,魚,去,莊助
2278,日,開,三,,魚,去,人恕
2279,以,開,三,,魚,去,羊洳
2280,曉,開,三,,魚,去,許御
2281,孃,開,三,,魚,去,尼據
2282,初,開,三,,魚,去,瘡據
2283,昌,開,三,,魚,去,昌據
2284,徹,開,三,,魚,去,抽據
2285,邪,開,三,,魚,去,徐預
2286,疑,合,三,,虞,去,牛具
2287,影,合,三,,虞,去,衣遇
2288,常,合,三,,虞,去,常句
2289,澄,合,三,,虞,去,持遇
2290,並,,三,,虞,去,符遇
2291,章,合,三,,虞,去,之戍
2292,見,合,三,,虞,去,九遇
2293,曉,合,三,,虞,去,香句
2294,書,合,三,,虞,去,傷遇
2295,以,合,三,,虞,去,羊戍
2296,日,合,三,,虞,去,而遇
2297,滂,,三,,虞,去,芳遇
2298,明,,三,,虞,去,亡遇
2299,精,合,三,,虞,去,子句
2300,羣,合,三,,虞,去,其遇
2301,云,合,三,,虞,去,王遇
2302,從,合,三,,虞,去,才句
2303,生,合,三,,虞,去,色句
2304,幫,,三,,虞,去,方遇
2305,清,合,三,,虞,去,七句
2306,知,合,三,,虞,去,中句
2307,溪,合,三,,虞,去,區遇
2308,初,合,三,,虞,去,芻注
2309,徹,合,三,,虞,去,丑注
2310,心,合,三,,虞,去,思句
2311,來,合,三,,虞,去,良遇
2312,明,,一,,模,去,莫故
2313,定,,一,,模,去,徒故
2314,來,,一,,模,去,洛故
2315,端,,一,,模,去,當故
2316,透,,一,,模,去,湯故
2317,見,,一,,模,去,古暮
2318,疑,,一,,模,去,五故
2319,匣,,一,,模,去,胡誤
2320,心,,一,,模,去,桑故
2321,從,,一,,模,去,昨誤
2322,泥,,一,,模,去,乃故
2323,幫,,一,,模,去,博故
2324,影,,一,,模,去,烏路
2325,滂,,一,,模,去,普故
2326,清,,一,,模,去,倉故
2327,溪,,一,,模,去,苦故
2328,並,,一,,模,去,薄故
2329,曉,,一,,模,去,荒故
2330,精,,一,,模,去,臧祚
2331,精,開,四,,齊,去,子計
2332,端,開,四,,齊,去,都計
2333,從,開,四,,齊,去,在詣
2334,透,開,四,,齊,去,他計
2335,定,開,四,,齊,去,特計
2336,清,開,四,,齊,去,七計
2337,心,開,四,,齊,去,蘇計
2338,疑,開,四,,齊,去,五計
2339,見,開,四,,齊,去,古詣
2340,匣,開,四,,齊,去,胡計
2341,溪,開,四,,齊,去,苦計
2342,影,開,四,,齊,去,於計
2343,明,,四,,齊,去,莫計
2344,幫,,四,,齊,去,博計
2345,匣,合,四,,齊,去,胡桂
2346,見,合,四,,齊,去,古惠
2347,曉,合,四,,齊,去,呼惠
2348,滂,,四,,齊,去,匹詣
2349,並,,四,,齊,去,蒲計
2350,來,開,四,,齊,去,郎計
2351,泥,開,四,,齊,去,奴計
2352,曉,開,四,,齊,去,呼計
2353,精,開,三,,祭,去,子例
2354,心,合,三,,祭,去,相銳
2355,云,合,三,B,祭,去,于歲
2356,日,合,三,,祭,去,而銳
2357,章,合,三,,祭,去,之芮
2358,生,合,三,,祭,去,山芮
2359,清,合,三,,祭,去,此芮
2360,以,合,三,A,祭,去,以芮
2361,知,合,三,,祭,去,陟衛
2362,書,合,三,,祭,去,舒芮
2363,並,,三,A,祭,去,毗祭
2364,初,合,三,,祭,去,楚稅
2365,邪,合,三,,祭,去,祥歲
2366,幫,,三,A,祭,去,必袂
2367,見,合,三,B,祭,去,居衛
2368,明,,三,A,祭,去,彌弊
2369,生,開,三,,祭,去,所例
2370,昌,開,三,,祭,去,尺制
2371,章,開,三,,祭,去,征例
2372,常,開,三,,祭,去,時制
2373,以,開,三,A,祭,去,餘制
2374,影,開,三,B,祭,去,於罽
2375,疑,開,三,A,祭,去,魚祭
2376,澄,開,三,,祭,去,直例
2377,來,開,三,,祭,去,力制
2378,溪,開,三,B,祭,去,去例
2379,書,開,三,,祭,去,舒制
2380,見,開,三,B,祭,去,居例
2381,知,開,三,,祭,去,竹例
2382,羣,開,三,B,祭,去,其憩
2383,常,合,三,,祭,去,嘗芮
2384,徹,開,三,,祭,去,丑例
2385,澄,合,三,,祭,去,除芮
2386,疑,開,三,B,祭,去,牛例
2387,精,合,三,,祭,去,子芮
2388,滂,,三,A,祭,去,匹蔽
2389,溪,合,三,,廢,去,丘吠
2390,曉,合,三,,廢,去,呼吠
2391,透,開,一,,泰,去,他蓋
2392,見,開,一,,泰,去,古太
2393,疑,開,一,,泰,去,五蓋
2394,影,開,一,,泰,去,於蓋
2395,泥,開,一,,泰,去,奴帶
2396,定,開,一,,泰,去,徒蓋
2397,匣,開,一,,泰,去,胡蓋
2398,端,開,一,,泰,去,當蓋
2399,幫,,一,,泰,去,博蓋
2400,滂,,一,,泰,去,普蓋
2401,匣,合,一,,泰,去,黃外
2402,定,合,一,,泰,去,杜外
2403,見,合,一,,泰,去,古外
2404,精,合,一,,泰,去,祖外
2405,曉,合,一,,泰,去,呼會
2406,溪,合,一,,泰,去,苦會
2407,來,合,一,,泰,去,郎外
2408,疑,合,一,,泰,去,五會
2409,端,合,一,,泰,去,丁外
2410,影,合,一,,泰,去,烏外
2411,從,合,一,,泰,去,才外
2412,心,合,一,,泰,去,先外
2413,清,合,一,,泰,去,麤最
2414,並,,一,,泰,去,蒲蓋
2415,溪,開,一,,泰,去,苦蓋
2416,清,開,一,,泰,去,倉大
2417,來,開,一,,泰,去,落蓋
2418,曉,開,一,,泰,去,呼艾
2419,透,合,一,,泰,去,他外
2420,明,,一,,泰,去,莫貝
2421,見,合,二,,佳,去,古賣
2422,見,開,二,,佳,去,古隘
2423,影,開,二,,佳,去,烏懈
2424,匣,開,二,,佳,去,胡懈
2425,明,,二,,佳,去,莫懈
2426,匣,合,二,,佳,去,胡卦
2427,初,開,二,,佳,去,楚懈
2428,疑,開,二,,佳,去,五懈
2429,曉,開,二,,佳,去,火懈
2430,幫,,二,,佳,去,方卦
2431,並,,二,,佳,去,傍卦
2432,崇,開,二,,佳,去,士懈
2433,滂,,二,,佳,去,匹卦
2434,莊,開,二,,佳,去,側賣
2435,溪,開,二,,佳,去,苦賣
2436,生,開,二,,佳,去,所賣
2437,曉,合,二,,佳,去,呼卦
2438,知,開,二,,佳,去,竹賣
2439,見,合,二,,皆,去,古壞
2440,影,開,二,,皆,去,烏界
2441,莊,開,二,,皆,去,側界
2442,見,開,二,,皆,去,古拜
2443,孃,開,二,,皆,去,女介
2444,曉,開,二,,皆,去,許介
2445,匣,開,二,,皆,去,胡介
2446,疑,開,二,,皆,去,五介
2447,溪,合,二,,皆,去,苦怪
2448,幫,,二,,皆,去,博怪
2449,滂,,二,,皆,去,普拜
2450,匣,合,二,,皆,去,胡怪
2451,疑,合,二,,皆,去,五怪
2452,並,,二,,皆,去,蒲拜
2453,明,,二,,皆,去,莫拜
2454,曉,合,二,,皆,去,火怪
2455,生,開,二,,皆,去,所拜
2456,溪,開,二,,皆,去,苦戒
2457,知,合,二,,皆,去,迍怪
2458,見,合,二,,夬,去,古邁
2459,溪,合,二,,夬,去,苦夬
2460,明,,二,,夬,去,莫話
2461,匣,合,二,,夬,去,下快
2462,並,,二,,夬,去,薄邁
2463,影,合,二,,夬,去,烏快
2464,初,合,二,,夬,去,楚夬
2465,見,開,二,,夬,去,古喝
2466,徹,開,二,,夬,去,丑犗
2467,影,開,二,,夬,去,於犗
2468,生,開,二,,夬,去,所犗
2469,澄,開,二,,夬,去,除邁
2470,曉,開,二,,夬,去,火犗
2471,曉,合,二,,夬,去,火夬
2472,幫,,二,,夬,去,補邁
2473,崇,開,二,,夬,去,豺夬
2474,匣,開,二,,夬,去,何犗
2475,定,合,一,,灰,去,徒對
2476,並,,一,,灰,去,蒲昧
2477,明,,一,,灰,去,莫佩
2478,滂,,一,,灰,去,滂佩
2479,曉,合,一,,灰,去,荒內
2480,端,合,一,,灰,去,都隊
2481,清,合,一,,灰,去,七內
2482,精,合,一,,灰,去,子對
2483,影,合,一,,灰,去,烏繢
2484,透,合,一,,灰,去,他內
2485,見,合,一,,灰,去,古對
2486,匣,合,一,,灰,去,胡對
2487,溪,合,一,,灰,去,苦對
2488,心,合,一,,灰,去,蘇內
2489,泥,合,一,,灰,去,奴對
2490,來,合,一,,灰,去,盧對
2491,幫,,一,,灰,去,補妹
2492,疑,合,一,,灰,去,五對
2493,定,開,一,,咍,去,徒耐
2494,精,開,一,,咍,去,作代
2495,心,開,一,,咍,去,先代
2496,透,開,一,,咍,去,他代
2497,見,開,一,,咍,去,古代
2498,溪,開,一,,咍,去,苦愛
2499,疑,開,一,,咍,去,五溉
2500,影,開,一,,咍,去,烏代
2501,匣,開,一,,咍,去,胡概
2502,泥,開,一,,咍,去,奴代
2503,端,開,一,,咍,去,都代
2504,來,開,一,,咍,去,洛代
2505,清,開,一,,咍,去,倉代
2506,從,開,一,,咍,去,昨代
2507,曉,開,一,,咍,去,海愛
2508,幫,,三,,廢,去,方肺
2509,滂,,三,,廢,去,芳廢
2510,影,合,三,,廢,去,於廢
2511,並,,三,,廢,去,符廢
2512,羣,合,三,,廢,去,渠穢
2513,疑,開,三,,廢,去,魚肺
2514,章,開,三,,眞,去,章刃
2515,心,開,三,,眞,去,息晉
2516,日,開,三,,眞,去,而振
2517,以,開,三,A,眞,去,羊晉
2518,來,開,三,,眞,去,良刃
2519,幫,,三,A,眞,去,必刃
2520,澄,開,三,,眞,去,直刃
2521,常,開,三,,眞,去,時刃
2522,書,開,三,,眞,去,試刃
2523,溪,開,三,A,眞,去,去刃
2524,邪,開,三,,眞,去,徐刃
2525,疑,開,三,B,眞,去,魚覲
2526,精,開,三,,眞,去,即刃
2527,曉,開,三,B,眞,去,許覲
2528,知,開,三,,眞,去,陟刃
2529,羣,開,三,B,眞,去,渠遴
2530,初,開,三,,眞,去,初覲
2531,影,開,三,A,眞,去,於刃
2532,徹,開,三,,眞,去,丑刃
2533,滂,,三,A,眞,去,匹刃
2534,清,開,三,,眞,去,七遴
2535,見,合,三,A,眞,去,九峻
2536,章,合,三,,眞,去,之閏
2537,心,合,三,,眞,去,私閏
2538,邪,合,三,,眞,去,辭閏
2539,精,合,三,,眞,去,子峻
2540,書,合,三,,眞,去,舒閏
2541,日,合,三,,眞,去,如順
2542,船,合,三,,眞,去,食閏
2543,明,,三,,文,去,亡運
2544,云,合,三,,文,去,王問
2545,曉,合,三,,文,去,許運
2546,滂,,三,,文,去,匹問
2547,幫,,三,,文,去,方問
2548,影,合,三,,文,去,於問
2549,見,合,三,,文,去,居運
2550,羣,合,三,,文,去,渠運
2551,並,,三,,文,去,扶問
2552,曉,開,三,,欣,去,香靳
2553,見,開,三,,欣,去,居焮
2554,羣,開,三,,欣,去,巨靳
2555,影,開,三,,欣,去,於靳
2556,疑,開,三,,欣,去,吾靳
2557,疑,合,三,,元,去,魚怨
2558,影,合,三,,元,去,於願
2559,幫,,三,,元,去,方願
2560,溪,合,三,,元,去,去願
2561,明,,三,,元,去,無販
2562,並,,三,,元,去,符万
2563,滂,,三,,元,去,芳万
2564,見,開,三,,元,去,居万
2565,影,開,三,,元,去,於建
2566,曉,開,三,,元,去,許建
2567,曉,合,三,,元,去,虛願
2568,羣,開,三,,元,去,渠建
2569,初,合,三,,元,去,叉万
2570,云,合,三,,元,去,于願
2571,疑,開,三,,元,去,語堰
2572,羣,合,三,,元,去,臼万
2573,見,合,三,,元,去,居願
2574,匣,合,一,,魂,去,胡困
2575,端,合,一,,魂,去,都困
2576,心,合,一,,魂,去,蘇困
2577,溪,合,一,,魂,去,苦悶
2578,泥,合,一,,魂,去,奴困
2579,影,合,一,,魂,去,烏困
2580,明,,一,,魂,去,莫困
2581,從,合,一,,魂,去,徂悶
2582,見,合,一,,魂,去,古困
2583,滂,,一,,魂,去,普悶
2584,定,合,一,,魂,去,徒困
2585,清,合,一,,魂,去,倉困
2586,並,,一,,魂,去,蒲悶
2587,疑,合,一,,魂,去,五困
2588,來,合,一,,魂,去,盧困
2589,幫,,一,,魂,去,甫悶
2590,曉,合,一,,魂,去,呼悶
2591,精,合,一,,魂,去,子寸
2592,匣,開,一,,痕,去,胡艮
2593,見,開,一,,痕,去,古恨
2594,疑,開,一,,痕,去,五恨
2595,影,開,一,,痕,去,烏恨
2596,匣,開,一,,寒,去,侯旰
2597,透,開,一,,寒,去,他旦
2598,影,開,一,,寒,去,烏旰
2599,端,開,一,,寒,去,得按
2600,定,開,一,,寒,去,徒案
2601,見,開,一,,寒,去,古案
2602,疑,開,一,,寒,去,五旰
2603,溪,開,一,,寒,去,苦旰
2604,曉,開,一,,寒,去,呼旰
2605,來,開,一,,寒,去,郎旰
2606,泥,開,一,,寒,去,奴案
2607,清,開,一,,寒,去,蒼案
2608,心,開,一,,寒,去,蘇旰
2609,精,開,一,,寒,去,則旰
2610,從,開,一,,寒,去,徂贊
2611,匣,合,一,,寒,去,胡玩
2612,精,合,一,,寒,去,子筭
2613,影,合,一,,寒,去,烏貫
2614,見,合,一,,寒,去,古玩
2615,清,合,一,,寒,去,七亂
2616,疑,合,一,,寒,去,五換
2617,定,合,一,,寒,去,徒玩
2618,來,合,一,,寒,去,郎段
2619,端,合,一,,寒,去,丁貫
2620,透,合,一,,寒,去,通貫
2621,曉,合,一,,寒,去,火貫
2622,心,合,一,,寒,去,蘇貫
2623,明,,一,,寒,去,莫半
2624,幫,,一,,寒,去,博漫
2625,滂,,一,,寒,去,普半
2626,並,,一,,寒,去,薄半
2627,泥,合,一,,寒,去,奴亂
2628,從,合,一,,寒,去,在玩
2629,溪,合,一,,寒,去,口喚
2630,見,開,二,,刪,去,古晏
2631,疑,開,二,,刪,去,五晏
2632,影,開,二,,刪,去,烏澗
2633,生,開,二,,刪,去,所晏
2634,匣,開,二,,刪,去,下晏
2635,明,,二,,刪,去,謨晏
2636,影,合,二,,刪,去,烏患
2637,匣,合,二,,刪,去,胡慣
2638,見,合,二,,刪,去,古患
2639,生,合,二,,刪,去,生患
2640,初,合,二,,刪,去,初患
2641,疑,合,二,,刪,去,五患
2642,崇,開,二,,刪,去,士諫
2643,滂,,二,,刪,去,普患
2644,孃,合,二,,刪,去,女患
2645,初,開,二,,刪,去,初鴈
2646,徹,開,二,,刪,去,丑晏
2647,見,開,二,,山,去,古莧
2648,匣,開,二,,山,去,侯襇
2649,並,,二,,山,去,蒲莧
2650,滂,,二,,山,去,匹莧
2651,匣,合,二,,山,去,胡辨
2652,明,,二,,山,去,亡莧
2653,澄,開,二,,山,去,丈莧
2654,幫,,二,,山,去,晡幻
2655,見,合,二,,山,去,古幻
2656,心,開,四,,先,去,蘇佃
2657,清,開,四,,先,去,倉甸
2658,曉,合,四,,先,去,許縣
2659,匣,合,四,,先,去,黃練
2660,見,合,四,,先,去,古縣
2661,定,開,四,,先,去,堂練
2662,透,開,四,,先,去,他甸
2663,來,開,四,,先,去,郎甸
2664,見,開,四,,先,去,古電
2665,泥,開,四,,先,去,奴甸
2666,溪,開,四,,先,去,苦甸
2667,匣,開,四,,先,去,胡甸
2668,疑,開,四,,先,去,吾甸
2669,影,開,四,,先,去,於甸
2670,精,開,四,,先,去,作甸
2671,明,,四,,先,去,莫甸
2672,滂,,四,,先,去,普麵
2673,從,開,四,,先,去,在甸
2674,影,合,四,,先,去,烏縣
2675,端,開,四,,先,去,都甸
2676,曉,開,四,,先,去,呼甸
2677,心,開,三,,仙,去,私箭
2678,章,開,三,,仙,去,之膳
2679,常,開,三,,仙,去,時戰
2680,疑,開,三,B,仙,去,魚變
2681,溪,開,三,A,仙,去,去戰
2682,見,合,三,A,仙,去,吉掾
2683,云,合,三,B,仙,去,王眷
2684,明,,三,A,仙,去,彌箭
2685,昌,合,三,,仙,去,尺絹
2686,以,合,三,A,仙,去,以絹
2687,知,開,三,,仙,去,陟扇
2688,日,合,三,,仙,去,人絹
2689,精,開,三,,仙,去,子賤
2690,昌,開,三,,仙,去,昌戰
2691,書,開,三,,仙,去,式戰
2692,影,開,三,A,仙,去,於扇
2693,見,合,三,B,仙,去,居倦
2694,羣,合,三,B,仙,去,渠卷
2695,來,合,三,,仙,去,力卷
2696,徹,合,三,,仙,去,丑戀
2697,幫,,三,B,仙,去,彼眷
2698,生,合,三,,仙,去,所眷
2699,清,合,三,,仙,去,七絹
2700,並,,三,B,仙,去,皮變
2701,邪,合,三,,仙,去,辝戀
2702,心,合,三,,仙,去,息絹
2703,崇,合,三,,仙,去,士戀
2704,莊,合,三,,仙,去,莊眷
2705,澄,合,三,,仙,去,直戀
2706,從,開,三,,仙,去,才線
2707,邪,開,三,,仙,去,似面
2708,滂,,三,A,仙,去,匹戰
2709,常,合,三,,仙,去,時釧
2710,孃,開,三,,仙,去,女箭
2711,知,合,三,,仙,去,知戀
2712,以,開,三,A,仙,去,予線
2713,並,,三,A,仙,去,婢面
2714,澄,開,三,,仙,去,持碾
2715,來,開,三,,仙,去,連彥
2716,溪,合,三,B,仙,去,區倦
2717,章,合,三,,仙,去,之囀
2718,幫,,四,,先,去,方見
2719,心,開,四,,蕭,去,蘇弔
2720,透,開,四,,蕭,去,他弔
2721,端,開,四,,蕭,去,多嘯
2722,見,開,四,,蕭,去,古弔
2723,泥,開,四,,蕭,去,奴弔
2724,定,開,四,,蕭,去,徒弔
2725,溪,開,四,,蕭,去,苦弔
2726,來,開,四,,蕭,去,力弔
2727,疑,開,四,,蕭,去,五弔
2728,影,開,四,,蕭,去,烏叫
2729,曉,開,四,,蕭,去,火弔
2730,心,開,三,,宵,去,私妙
2731,章,開,三,,宵,去,之少
2732,以,開,三,A,宵,去,弋照
2733,影,開,三,A,宵,去,於笑
2734,澄,開,三,,宵,去,直照
2735,常,開,三,,宵,去,寔照
2736,羣,開,三,B,宵,去,渠廟
2737,滂,,三,A,宵,去,匹妙
2738,從,開,三,,宵,去,才笑
2739,明,,三,A,宵,去,彌笑
2740,清,開,三,,宵,去,七肖
2741,來,開,三,,宵,去,力照
2742,溪,開,三,B,宵,去,丘召
2743,疑,開,三,B,宵,去,牛召
2744,精,開,三,,宵,去,子肖
2745,明,,三,B,宵,去,眉召
2746,並,,三,A,宵,去,毗召
2747,書,開,三,,宵,去,失照
2748,徹,開,三,,宵,去,丑召
2749,幫,,三,B,宵,去,方廟
2750,羣,開,三,A,宵,去,巨要
2751,日,開,三,,宵,去,人要
2752,匣,開,二,,肴,去,胡教
2753,見,開,二,,肴,去,古孝
2754,曉,開,二,,肴,去,呼教
2755,知,開,二,,肴,去,都教
2756,幫,,二,,肴,去,北教
2757,溪,開,二,,肴,去,苦教
2758,明,,二,,肴,去,莫教
2759,滂,,二,,肴,去,匹皃
2760,徹,開,二,,肴,去,丑教
2761,生,開,二,,肴,去,所教
2762,澄,開,二,,肴,去,直教
2763,孃,開,二,,肴,去,奴教
2764,莊,開,二,,肴,去,側教
2765,並,,二,,肴,去,防教
2766,初,開,二,,肴,去,初教
2767,影,開,二,,肴,去,於教
2768,疑,開,二,,肴,去,五教
2769,崇,開,二,,肴,去,士稍
2770,匣,開,一,,豪,去,胡到
2771,定,開,一,,豪,去,徒到
2772,端,開,一,,豪,去,都導
2773,見,開,一,,豪,去,古到
2774,疑,開,一,,豪,去,五到
2775,明,,一,,豪,去,莫報
2776,來,開,一,,豪,去,郎到
2777,清,開,一,,豪,去,七到
2778,並,,一,,豪,去,薄報
2779,幫,,一,,豪,去,博秏
2780,從,開,一,,豪,去,在到
2781,影,開,一,,豪,去,烏到
2782,心,開,一,,豪,去,蘇到
2783,溪,開,一,,豪,去,苦到
2784,精,開,一,,豪,去,則到
2785,曉,開,一,,豪,去,呼到
2786,泥,開,一,,豪,去,那到
2787,見,開,一,,歌,去,古賀
2788,匣,開,一,,歌,去,胡箇
2789,精,開,一,,歌,去,則箇
2790,端,開,一,,歌,去,丁佐
2791,來,開,一,,歌,去,郎佐
2792,溪,開,一,,歌,去,口箇
2793,疑,開,一,,歌,去,五个
2794,定,開,一,,歌,去,唐佐
2795,泥,開,一,,歌,去,奴箇
2796,心,開,一,,歌,去,蘇箇
2797,曉,開,一,,歌,去,呼箇
2798,透,開,一,,歌,去,吐邏
2799,見,合,一,,歌,去,古臥
2800,匣,合,一,,歌,去,胡臥
2801,精,合,一,,歌,去,則臥
2802,溪,合,一,,歌,去,苦臥
2803,透,合,一,,歌,去,湯臥
2804,幫,,一,,歌,去,補過
2805,清,合,一,,歌,去,麤臥
2806,明,,一,,歌,去,摸臥
2807,泥,合,一,,歌,去,乃臥
2808,滂,,一,,歌,去,普過
2809,從,合,一,,歌,去,徂臥
2810,疑,合,一,,歌,去,吾貨
2811,清,開,一,,歌,去,千過
2812,曉,合,一,,歌,去,呼臥
2813,定,合,一,,歌,去,徒臥
2814,並,,一,,歌,去,符臥
2815,來,合,一,,歌,去,魯過
2816,端,合,一,,歌,去,都唾
2817,心,合,一,,歌,去,先臥
2818,影,開,一,,歌,去,安賀
2819,影,合,一,,歌,去,烏臥
2820,明,,二,,麻,去,莫駕
2821,見,開,二,,麻,去,古訝
2822,影,開,二,,麻,去,衣嫁
2823,曉,開,二,,麻,去,呼訝
2824,疑,開,二,,麻,去,吾駕
2825,徹,開,二,,麻,去,丑亞
2826,知,開,二,,麻,去,陟駕
2827,莊,開,二,,麻,去,側駕
2828,崇,開,二,,麻,去,鋤駕
2829,邪,開,三,,麻,去,辝夜
2830,溪,開,二,,麻,去,枯駕
2831,匣,開,二,,麻,去,胡駕
2832,從,開,三,,麻,去,慈夜
2833,以,開,三,,麻,去,羊謝
2834,昌,開,三,,麻,去,充夜
2835,心,開,三,,麻,去,司夜
2836,章,開,三,,麻,去,之夜
2837,精,開,三,,麻,去,子夜
2838,書,開,三,,麻,去,始夜
2839,船,開,三,,麻,去,神夜
2840,幫,,二,,麻,去,必駕
2841,滂,,二,,麻,去,普駕
2842,匣,合,二,,麻,去,胡化
2843,曉,合,二,,麻,去,呼霸
2844,溪,合,二,,麻,去,苦化
2845,生,合,二,,麻,去,所化
2846,並,,二,,麻,去,白駕
2847,孃,開,二,,麻,去,乃亞
2848,清,開,三,,麻,去,遷謝
2849,生,開,二,,麻,去,所嫁
2850,見,合,二,,麻,去,古罵
2851,澄,開,二,,麻,去,除駕
2852,疑,合,二,,麻,去,五化
2853,影,合,二,,麻,去,烏㕦
2854,以,開,三,,陽,去,餘亮
2855,來,開,三,,陽,去,力讓
2856,崇,開,三,,陽,去,鋤亮
2857,日,開,三,,陽,去,人㨾
2858,書,開,三,,陽,去,式亮
2859,知,開,三,,陽,去,知亮
2860,徹,開,三,,陽,去,丑亮
2861,曉,開,三,,陽,去,許亮
2862,澄,開,三,,陽,去,直亮
2863,孃,開,三,,陽,去,女亮
2864,從,開,三,,陽,去,疾亮
2865,章,開,三,,陽,去,之亮
2866,常,開,三,,陽,去,時亮
2867,莊,開,三,,陽,去,側亮
2868,影,開,三,,陽,去,於亮
2869,羣,開,三,,陽,去,其亮
2870,昌,開,三,,陽,去,尺亮
2871,初,開,三,,陽,去,初亮
2872,精,開,三,,陽,去,子亮
2873,疑,開,三,,陽,去,魚向
2874,滂,,三,,陽,去,敷亮
2875,明,,三,,陽,去,巫放
2876,曉,合,三,,陽,去,許訪
2877,見,合,三,,陽,去,居況
2878,云,合,三,,陽,去,于放
2879,幫,,三,,陽,去,甫妄
2880,心,開,三,,陽,去,息亮
2881,見,開,三,,陽,去,居亮
2882,溪,開,三,,陽,去,丘亮
2883,清,開,三,,陽,去,七亮
2884,羣,合,三,,陽,去,渠放
2885,並,,三,,陽,去,符況
2886,定,開,一,,唐,去,徒浪
2887,來,開,一,,唐,去,來宕
2888,匣,開,一,,唐,去,下浪
2889,影,開,一,,唐,去,烏浪
2890,疑,開,一,,唐,去,五浪
2891,精,開,一,,唐,去,則浪
2892,並,,一,,唐,去,蒲浪
2893,從,開,一,,唐,去,徂浪
2894,端,開,一,,唐,去,丁浪
2895,溪,開,一,,唐,去,苦浪
2896,幫,,一,,唐,去,補曠
2897,透,開,一,,唐,去,他浪
2898,溪,合,一,,唐,去,苦謗
2899,泥,開,一,,唐,去,奴浪
2900,心,開,一,,唐,去,蘇浪
2901,匣,合,一,,唐,去,乎曠
2902,見,合,一,,唐,去,古曠
2903,見,開,一,,唐,去,古浪
2904,曉,合,一,,唐,去,呼浪
2905,明,,一,,唐,去,莫浪
2906,影,合,一,,唐,去,烏浪
2907,影,開,三,,庚,去,於敬
2908,見,開,三,,庚,去,居慶
2909,羣,開,三,,庚,去,渠敬
2910,溪,開,三,,庚,去,丘敬
2911,見,開,二,,庚,去,古孟
2912,明,,三,,庚,去,眉病
2913,並,,三,,庚,去,皮命
2914,明,,二,,庚,去,莫更
2915,匣,合,二,,庚,去,戶孟
2916,幫,,三,,庚,去,陂病
2917,云,合,三,,庚,去,爲命
2918,匣,開,二,,庚,去,下更
2919,影,開,二,,庚,去,於孟
2920,初,開,三,,庚,去,楚敬
2921,知,開,二,,庚,去,猪孟
2922,徹,開,二,,庚,去,他孟
2923,幫,,二,,庚,去,北孟
2924,澄,開,二,,庚,去,除更
2925,生,開,三,,庚,去,所敬
2926,疑,開,三,,庚,去,魚敬
2927,並,,二,,庚,去,蒲孟
2928,曉,開,二,,庚,去,許更
2929,影,合,二,,庚,去,烏橫
2930,莊,開,二,,耕,去,側迸
2931,幫,,二,,耕,去,北諍
2932,並,,二,,耕,去,蒲迸
2933,影,開,二,,耕,去,鷖迸
2934,疑,開,二,,耕,去,五爭
2935,曉,合,二,,耕,去,呼迸
2936,見,開,三,A,清,去,居正
2937,清,開,三,,清,去,七政
2938,章,開,三,,清,去,之盛
2939,書,開,三,,清,去,式正
2940,澄,開,三,,清,去,直正
2941,徹,開,三,,清,去,丑鄭
2942,心,開,三,,清,去,息正
2943,來,開,三,,清,去,力政
2944,滂,,三,A,清,去,匹正
2945,曉,合,三,A,清,去,休正
2946,幫,,三,A,清,去,畀政
2947,並,,三,A,清,去,防正
2948,從,開,三,,清,去,疾政
2949,常,開,三,,清,去,承正
2950,明,,三,A,清,去,彌正
2951,溪,開,三,A,清,去,墟正
2952,曉,開,三,A,清,去,許令
2953,精,開,三,,清,去,子姓
2954,見,開,四,,青,去,古定
2955,泥,開,四,,青,去,乃定
2956,心,開,四,,青,去,蘇佞
2957,匣,開,四,,青,去,胡定
2958,定,開,四,,青,去,徒徑
2959,端,開,四,,青,去,丁定
2960,溪,開,四,,青,去,苦定
2961,透,開,四,,青,去,他定
2962,清,開,四,,青,去,千定
2963,明,,四,,青,去,莫定
2964,影,開,四,,青,去,烏定
2965,來,開,四,,青,去,郎定
2966,章,開,三,,蒸,去,諸應
2967,以,開,三,,蒸,去,以證
2968,船,開,三,,蒸,去,實證
2969,日,開,三,,蒸,去,而證
2970,影,開,三,,蒸,去,於證
2971,精,開,三,,蒸,去,子孕
2972,曉,開,三,,蒸,去,許應
2973,書,開,三,,蒸,去,詩證
2974,澄,開,三,,蒸,去,丈證
2975,來,開,三,,蒸,去,里甑
2976,並,,三,,蒸,去,皮證
2977,昌,開,三,,蒸,去,昌孕
2978,疑,開,三,,蒸,去,牛𩜁
2979,常,開,三,,蒸,去,常證
2980,徹,開,三,,蒸,去,丑證
2981,羣,開,三,,蒸,去,其𩜁
2982,端,開,一,,登,去,都鄧
2983,從,開,一,,登,去,昨亙
2984,見,開,一,,登,去,古鄧
2985,清,開,一,,登,去,千鄧
2986,定,開,一,,登,去,徒亙
2987,明,,一,,登,去,武亙
2988,幫,,一,,登,去,方隥
2989,並,,一,,登,去,父鄧
2990,來,開,一,,登,去,魯鄧
2991,精,開,一,,登,去,子鄧
2992,心,開,一,,登,去,思贈
2993,透,開,一,,登,去,台鄧
2994,云,開,三,,尤,去,于救
2995,見,開,三,,尤,去,居祐
2996,澄,開,三,,尤,去,直祐
2997,知,開,三,,尤,去,陟救
2998,書,開,三,,尤,去,舒救
2999,昌,開,三,,尤,去,尺救
3000,邪,開,三,,尤,去,似祐
3001,曉,開,三,,尤,去,許救
3002,章,開,三,,尤,去,職救
3003,羣,開,三,,尤,去,巨救
3004,生,開,三,,尤,去,所祐
3005,莊,開,三,,尤,去,側救
3006,滂,,三,,尤,去,敷救
3007,初,開,三,,尤,去,初救
3008,幫,,三,,尤,去,方副
3009,徹,開,三,,尤,去,丑救
3010,來,開,三,,尤,去,力救
3011,心,開,三,,尤,去,息救
3012,精,開,三,,尤,去,即就
3013,崇,開,三,,尤,去,鋤祐
3014,從,開,三,,尤,去,疾僦
3015,孃,開,三,,尤,去,女救
3016,並,,三,,尤,去,扶富
3017,以,開,三,,尤,去,余救
3018,常,開,三,,尤,去,承呪
3019,日,開,三,,尤,去,人又
3020,明,,三,,尤,去,亡救
3021,疑,開,三,,尤,去,牛救
3022,溪,開,三,,尤,去,丘救
3023,清,開,三,,尤,去,七溜
3024,匣,開,一,,侯,去,胡遘
3025,溪,開,一,,侯,去,苦候
3026,明,,一,,侯,去,莫候
3027,滂,,一,,侯,去,匹候
3028,定,開,一,,侯,去,徒候
3029,端,開,一,,侯,去,都豆
3030,泥,開,一,,侯,去,奴豆
3031,心,開,一,,侯,去,蘇奏
3032,精,開,一,,侯,去,則候
3033,透,開,一,,侯,去,他候
3034,影,開,一,,侯,去,烏候
3035,見,開,一,,侯,去,古候
3036,清,開,一,,侯,去,倉奏
3037,來,開,一,,侯,去,盧候
3038,曉,開,一,,侯,去,呼漏
3039,並,,一,,侯,去,蒲候
3040,疑,開,一,,侯,去,五遘
3041,從,開,一,,侯,去,才奏
3042,影,開,三,,幽,去,伊謬
3043,明,,三,,幽,去,靡幼
3044,溪,開,三,,幽,去,丘謬
3045,羣,開,三,,幽,去,巨幼
3046,清,開,三,,侵,去,七鴆
3047,精,開,三,,侵,去,子鴆
3048,日,開,三,,侵,去,汝鴆
3049,澄,開,三,,侵,去,直禁
3050,章,開,三,,侵,去,之任
3051,羣,開,三,B,侵,去,巨禁
3052,見,開,三,B,侵,去,居蔭
3053,孃,開,三,,侵,去,乃禁
3054,影,開,三,B,侵,去,於禁
3055,生,開,三,,侵,去,所禁
3056,徹,開,三,,侵,去,丑禁
3057,莊,開,三,,侵,去,莊蔭
3058,初,開,三,,侵,去,楚譖
3059,疑,開,三,B,侵,去,宜禁
3060,知,開,三,,侵,去,知鴆
3061,來,開,三,,侵,去,良鴆
3062,常,開,三,,侵,去,時鴆
3063,云,開,三,B,侵,去,于禁
3064,書,開,三,,侵,去,式禁
3065,溪,開,一,,覃,去,苦紺
3066,見,開,一,,覃,去,古暗
3067,匣,開,一,,覃,去,胡紺
3068,影,開,一,,覃,去,烏紺
3069,透,開,一,,覃,去,他紺
3070,心,開,一,,覃,去,蘇紺
3071,清,開,一,,覃,去,七紺
3072,定,開,一,,覃,去,徒紺
3073,疑,開,一,,覃,去,五紺
3074,端,開,一,,覃,去,丁紺
3075,泥,開,一,,覃,去,奴紺
3076,來,開,一,,覃,去,郎紺
3077,曉,開,一,,覃,去,呼紺
3078,精,開,一,,覃,去,作紺
3079,溪,開,一,,談,去,苦濫
3080,來,開,一,,談,去,盧𣊟
3081,透,開,一,,談,去,吐濫
3082,見,開,一,,談,去,古蹔
3083,曉,開,一,,談,去,呼濫
3084,匣,開,一,,談,去,下瞰
3085,定,開,一,,談,去,徒濫
3086,從,開,一,,談,去,藏濫
3087,端,開,一,,談,去,都濫
3088,心,開,一,,談,去,蘇暫
3089,以,開,三,A,鹽,去,以贍
3090,常,開,三,,鹽,去,時豔
3091,日,開,三,,鹽,去,而豔
3092,影,開,三,A,鹽,去,於豔
3093,幫,,三,B,鹽,去,方驗
3094,疑,開,三,B,鹽,去,魚窆
3095,書,開,三,,鹽,去,舒贍
3096,精,開,三,,鹽,去,子豔
3097,清,開,三,,鹽,去,七豔
3098,來,開,三,,鹽,去,力驗
3099,徹,開,三,,鹽,去,丑豔
3100,昌,開,三,,鹽,去,昌豔
3101,影,開,三,B,鹽,去,於驗
3102,從,開,三,,鹽,去,慈豔
3103,章,開,三,,鹽,去,章豔
3104,透,開,四,,添,去,他念
3105,泥,開,四,,添,去,奴店
3106,端,開,四,,添,去,都念
3107,心,開,四,,添,去,先念
3108,定,開,四,,添,去,徒念
3109,見,開,四,,添,去,紀念
3110,影,開,四,,添,去,於念
3111,精,開,四,,添,去,子念
3112,從,開,四,,添,去,漸念
3113,溪,開,四,,添,去,苦念
3114,來,開,四,,添,去,力店
3115,疑,開,三,,嚴,去,魚欠
3116,曉,開,三,,嚴,去,許欠
3117,溪,開,三,,嚴,去,丘釅
3118,明,,三,,凡,去,亡劒
3119,匣,開,二,,咸,去,戶韽
3120,影,開,二,,咸,去,於陷
3121,莊,開,二,,咸,去,莊陷
3122,知,開,二,,咸,去,陟陷
3123,溪,開,二,,咸,去,口陷
3124,澄,開,二,,咸,去,佇陷
3125,崇,開,二,,咸,去,仕陷
3126,見,開,二,,咸,去,公陷
3127,孃,開,二,,咸,去,尼𧸖
3128,疑,開,二,,咸,去,玉陷
3129,見,開,二,,銜,去,格懺
3130,初,開,二,,銜,去,楚鑒
3131,莊,開,二,,銜,去,子鑑
3132,生,開,二,,銜,去,所鑑
3133,曉,開,二,,銜,去,許鑑
3134,並,,二,,銜,去,蒲鑑
3135,匣,開,二,,銜,去,胡懺
3136,崇,開,二,,銜,去,士懺
3137,影,開,二,,銜,去,
3138,並,,三,,凡,去,扶泛
3139,滂,,三,,凡,去,孚梵
3140,見,開,三,,嚴,去,居欠
3141,影,開,三,,嚴,去,於劒
3142,影,開,一,,東,入,烏谷
3143,定,開,一,,東,入,徒谷
3144,見,開,一,,東,入,古祿
3145,匣,開,一,,東,入,胡谷
3146,溪,開,一,,東,入,空谷
3147,透,開,一,,東,入,他谷
3148,端,開,一,,東,入,丁木
3149,心,開,一,,東,入,桑谷
3150,來,開,一,,東,入,盧谷
3151,曉,開,一,,東,入,呼木
3152,從,開,一,,東,入,昨木
3153,清,開,一,,東,入,千木
3154,精,開,一,,東,入,作木
3155,並,,一,,東,入,蒲木
3156,滂,,一,,東,入,普木
3157,幫,,一,,東,入,博木
3158,明,,一,,東,入,莫卜
3159,幫,,三,,東,入,方六
3160,並,,三,,東,入,房六
3161,生,開,三,,東,入,所六
3162,來,開,三,,東,入,力竹
3163,澄,開,三,,東,入,直六
3164,見,開,三,,東,入,居六
3165,溪,開,三,,東,入,驅匊
3166,常,開,三,,東,入,殊六
3167,昌,開,三,,東,入,昌六
3168,以,開,三,,東,入,余六
3169,羣,開,三,,東,入,渠竹
3170,清,開,三,,東,入,七宿
3171,日,開,三,,東,入,如六
3172,章,開,三,,東,入,之六
3173,書,開,三,,東,入,式竹
3174,曉,開,三,,東,入,許竹
3175,知,開,三,,東,入,張六
3176,精,開,三,,東,入,子六
3177,初,開,三,,東,入,初六
3178,孃,開,三,,東,入,女六
3179,莊,開,三,,東,入,側六
3180,滂,,三,,東,入,芳福
3181,影,開,三,,東,入,於六
3182,心,開,三,,東,入,息逐
3183,明,,三,,東,入,莫六
3184,云,開,三,,東,入,于六
3185,徹,開,三,,東,入,丑六
3186,疑,開,三,,東,入,魚菊
3187,從,開,三,,東,入,才六
3188,影,合,一,,冬,入,烏酷
3189,定,合,一,,冬,入,徒沃
3190,端,合,一,,冬,入,冬毒
3191,溪,合,一,,冬,入,苦沃
3192,匣,合,一,,冬,入,胡沃
3193,並,,一,,冬,入,蒲沃
3194,心,合,一,,冬,入,先篤
3195,見,合,一,,冬,入,古沃
3196,明,,一,,冬,入,莫沃
3197,曉,合,一,,冬,入,火酷
3198,泥,合,一,,冬,入,內沃
3199,精,合,一,,冬,入,將毒
3200,幫,,一,,冬,入,博沃
3201,來,合,一,,冬,入,盧毒
3202,疑,合,一,,冬,入,五沃
3203,章,開,三,,鍾,入,之欲
3204,疑,開,三,,鍾,入,魚欲
3205,曉,開,三,,鍾,入,許玉
3206,見,開,三,,鍾,入,居玉
3207,羣,開,三,,鍾,入,渠玉
3208,常,開,三,,鍾,入,市玉
3209,昌,開,三,,鍾,入,尺玉
3210,日,開,三,,鍾,入,而蜀
3211,書,開,三,,鍾,入,書玉
3212,以,開,三,,鍾,入,余蜀
3213,澄,開,三,,鍾,入,直錄
3214,來,開,三,,鍾,入,力玉
3215,溪,開,三,,鍾,入,丘玉
3216,知,開,三,,鍾,入,陟玉
3217,精,開,三,,鍾,入,即玉
3218,船,開,三,,鍾,入,神蜀
3219,並,,三,,鍾,入,房玉
3220,清,開,三,,鍾,入,七玉
3221,邪,開,三,,鍾,入,似足
3222,心,開,三,,鍾,入,相玉
3223,幫,,三,,鍾,入,封曲
3224,徹,開,三,,鍾,入,丑玉
3225,見,開,二,,江,入,古岳
3226,疑,開,二,,江,入,五角
3227,崇,開,二,,江,入,士角
3228,莊,開,二,,江,入,側角
3229,生,開,二,,江,入,所角
3230,知,開,二,,江,入,竹角
3231,幫,,二,,江,入,北角
3232,明,,二,,江,入,莫角
3233,並,,二,,江,入,蒲角
3234,滂,,二,,江,入,匹角
3235,溪,開,二,,江,入,苦角
3236,澄,開,二,,江,入,直角
3237,影,開,二,,江,入,於角
3238,孃,開,二,,江,入,女角
3239,徹,開,二,,江,入,敕角
3240,來,開,二,,江,入,呂角
3241,匣,開,二,,江,入,胡覺
3242,曉,開,二,,江,入,許角
3243,初,開,二,,江,入,測角
3244,章,開,三,,眞,入,之日
3245,日,開,三,,眞,入,人質
3246,船,開,三,,眞,入,神質
3247,澄,開,三,,眞,入,直一
3248,心,開,三,,眞,入,息七
3249,影,開,三,A,眞,入,於悉
3250,清,開,三,,眞,入,親吉
3251,滂,,三,A,眞,入,譬吉
3252,見,開,三,A,眞,入,居質
3253,孃,開,三,,眞,入,尼質
3254,以,開,三,A,眞,入,夷質
3255,溪,開,三,A,眞,入,去吉
3256,曉,開,三,A,眞,入,許吉
3257,徹,開,三,,眞,入,丑栗
3258,來,開,三,,眞,入,力質
3259,知,開,三,,眞,入,陟栗
3260,從,開,三,,眞,入,秦悉
3261,初,開,三,,眞,入,初栗
3262,書,開,三,,眞,入,式質
3263,精,開,三,,眞,入,資悉
3264,明,,三,A,眞,入,彌畢
3265,幫,,三,A,眞,入,卑吉
3266,羣,開,三,B,眞,入,巨乙
3267,並,,三,A,眞,入,毗必
3268,云,合,三,B,眞,入,于筆
3269,生,合,三,,眞,入,所律
3270,昌,開,三,,眞,入,昌栗
3271,崇,開,三,,眞,入,仕叱
3272,明,,三,B,眞,入,美筆
3273,並,,三,B,眞,入,房密
3274,影,開,三,B,眞,入,於筆
3275,疑,開,三,B,眞,入,魚乙
3276,幫,,三,B,眞,入,鄙密
3277,知,合,三,,眞,入,徵筆
3278,曉,開,三,B,眞,入,羲乙
3279,見,開,三,B,眞,入,居乙
3280,曉,合,三,A,眞,入,況必
3281,船,合,三,,眞,入,食聿
3282,見,合,三,A,眞,入,居聿
3283,從,合,三,,眞,入,慈卹
3284,以,合,三,A,眞,入,餘律
3285,精,合,三,,眞,入,子聿
3286,心,合,三,,眞,入,辛聿
3287,來,合,三,,眞,入,呂卹
3288,徹,合,三,,眞,入,丑律
3289,澄,合,三,,眞,入,直律
3290,昌,合,三,,眞,入,赤律
3291,清,合,三,,眞,入,倉聿
3292,莊,合,三,,眞,入,側律
3293,莊,開,三,,臻,入,阻瑟
3294,生,開,三,,臻,入,所櫛
3295,崇,開,三,,臻,入,崱瑟
3296,明,,三,,文,入,文弗
3297,幫,,三,,文,入,分勿
3298,影,合,三,,文,入,紆物
3299,見,合,三,,文,入,九勿
3300,溪,合,三,,文,入,區勿
3301,羣,合,三,,文,入,衢物
3302,並,,三,,文,入,符弗
3303,曉,合,三,,文,入,許勿
3304,云,合,三,,文,入,王勿
3305,滂,,三,,文,入,敷勿
3306,疑,合,三,,文,入,魚勿
3307,曉,開,三,,欣,入,許訖
3308,見,開,三,,欣,入,居乞
3309,疑,開,三,,欣,入,魚迄
3310,羣,開,三,,欣,入,其迄
3311,溪,開,三,,欣,入,去訖
3312,疑,合,三,,元,入,魚厥
3313,並,,三,,元,入,房越
3314,云,合,三,,元,入,王伐
3315,見,合,三,,元,入,居月
3316,影,合,三,,元,入,於月
3317,羣,合,三,,元,入,其月
3318,溪,合,三,,元,入,去月
3319,幫,,三,,元,入,方伐
3320,明,,三,,元,入,望發
3321,曉,合,三,,元,入,許月
3322,影,開,三,,元,入,於歇
3323,曉,開,三,,元,入,許竭
3324,見,開,三,,元,入,居竭
3325,羣,開,三,,元,入,其謁
3326,滂,,三,,元,入,拂伐
3327,疑,開,三,,元,入,語訐
3328,明,,一,,魂,入,莫勃
3329,透,合,一,,魂,入,土骨
3330,見,合,一,,魂,入,古忽
3331,並,,一,,魂,入,蒲沒
3332,端,合,一,,魂,入,當沒
3333,定,合,一,,魂,入,陀骨
3334,影,合,一,,魂,入,烏沒
3335,曉,合,一,,魂,入,呼骨
3336,疑,合,一,,魂,入,五忽
3337,滂,,一,,魂,入,普沒
3338,來,合,一,,魂,入,勒沒
3339,溪,合,一,,魂,入,苦骨
3340,泥,合,一,,魂,入,內骨
3341,心,合,一,,魂,入,蘇骨
3342,清,合,一,,魂,入,倉沒
3343,從,合,一,,魂,入,昨沒
3344,匣,開,一,,痕,入,下沒
3345,匣,合,一,,魂,入,戶骨
3346,精,合,一,,魂,入,臧沒
3347,匣,開,一,,寒,入,胡葛
3348,曉,開,一,,寒,入,許葛
3349,端,開,一,,寒,入,當割
3350,透,開,一,,寒,入,他達
3351,影,開,一,,寒,入,烏葛
3352,來,開,一,,寒,入,盧達
3353,溪,開,一,,寒,入,苦曷
3354,定,開,一,,寒,入,唐割
3355,從,開,一,,寒,入,才割
3356,疑,開,一,,寒,入,五割
3357,見,開,一,,寒,入,古達
3358,心,開,一,,寒,入,桑割
3359,清,開,一,,寒,入,七曷
3360,泥,開,一,,寒,入,奴曷
3361,以,開,三,,寒,入,予割
3362,明,,一,,寒,入,莫撥
3363,疑,合,一,,寒,入,五活
3364,從,合,一,,寒,入,藏活
3365,幫,,一,,寒,入,北末
3366,精,開,一,,寒,入,姊末
3367,見,合,一,,寒,入,古活
3368,溪,合,一,,寒,入,苦栝
3369,匣,合,一,,寒,入,戶括
3370,定,合,一,,寒,入,徒活
3371,曉,合,一,,寒,入,呼括
3372,影,合,一,,寒,入,烏括
3373,精,合,一,,寒,入,子括
3374,滂,,一,,寒,入,普活
3375,透,合,一,,寒,入,他括
3376,來,合,一,,寒,入,郎括
3377,端,合,一,,寒,入,丁括
3378,清,合,一,,寒,入,倉括
3379,並,,一,,寒,入,蒲撥
3380,匣,開,二,,山,入,胡八
3381,莊,開,二,,山,入,側八
3382,並,,二,,山,入,蒲八
3383,溪,開,二,,山,入,恪八
3384,匣,合,二,,山,入,戶八
3385,幫,,二,,山,入,博拔
3386,知,合,二,,山,入,丁滑
3387,影,合,二,,山,入,烏八
3388,孃,合,二,,山,入,女滑
3389,初,開,二,,山,入,初八
3390,見,合,二,,山,入,古滑
3391,見,開,二,,山,入,古黠
3392,影,開,二,,山,入,烏黠
3393,生,開,二,,山,入,所八
3394,明,,二,,山,入,莫八
3395,曉,合,二,,山,入,呼八
3396,孃,開,二,,山,入,女黠
3397,疑,合,二,,山,入,五滑
3398,溪,合,二,,山,入,口滑
3399,滂,,二,,山,入,普八
3400,莊,合,二,,山,入,鄒滑
3401,匣,開,二,,刪,入,胡瞎
3402,影,開,二,,刪,入,乙鎋
3403,疑,開,二,,刪,入,五鎋
3404,初,開,二,,刪,入,初鎋
3405,溪,開,二,,刪,入,枯鎋
3406,曉,開,二,,刪,入,許鎋
3407,徹,開,二,,刪,入,他鎋
3408,見,合,二,,刪,入,古䫄
3409,匣,合,二,,刪,入,下刮
3410,徹,合,二,,刪,入,丑刮
3411,知,合,二,,刪,入,丁刮
3412,生,合,二,,刪,入,數刮
3413,疑,合,二,,刪,入,五刮
3414,初,合,二,,刪,入,初刮
3415,明,,二,,刪,入,莫鎋
3416,孃,合,二,,刪,入,女刮
3417,幫,,二,,刪,入,百鎋
3418,見,開,二,,刪,入,古鎋
3419,崇,開,二,,刪,入,查鎋
3420,知,開,二,,刪,入,陟鎋
3421,日,開,三,,刪,入,而轄
3422,心,開,四,,先,入,先結
3423,清,開,四,,先,入,千結
3424,見,開,四,,先,入,古屑
3425,精,開,四,,先,入,子結
3426,曉,合,四,,先,入,呼決
3427,溪,合,四,,先,入,苦穴
3428,見,合,四,,先,入,古穴
3429,匣,合,四,,先,入,胡決
3430,影,合,四,,先,入,於決
3431,定,開,四,,先,入,徒結
3432,透,開,四,,先,入,他結
3433,匣,開,四,,先,入,胡結
3434,泥,開,四,,先,入,奴結
3435,從,開,四,,先,入,昨結
3436,疑,開,四,,先,入,五結
3437,明,,四,,先,入,莫結
3438,幫,,四,,先,入,方結
3439,影,開,四,,先,入,烏結
3440,溪,開,四,,先,入,苦結
3441,曉,開,四,,先,入,虎結
3442,滂,,四,,先,入,普蔑
3443,並,,四,,先,入,蒲結
3444,端,開,四,,先,入,丁結
3445,來,開,四,,先,入,練結
3446,心,開,三,,仙,入,私列
3447,來,開,三,,仙,入,良辥
3448,知,開,三,,仙,入,陟列
3449,羣,開,三,B,仙,入,渠列
3450,日,開,三,,仙,入,如列
3451,章,開,三,,仙,入,旨熱
3452,船,開,三,,仙,入,食列
3453,常,開,三,,仙,入,常列
3454,疑,開,三,B,仙,入,魚列
3455,明,,三,A,仙,入,亡列
3456,溪,開,三,B,仙,入,丘竭
3457,幫,,三,A,仙,入,并列
3458,從,合,三,,仙,入,情雪
3459,精,合,三,,仙,入,子悅
3460,心,合,三,,仙,入,相絕
3461,徹,合,三,,仙,入,丑悅
3462,以,合,三,A,仙,入,弋雪
3463,溪,合,三,A,仙,入,傾雪
3464,影,合,三,B,仙,入,乙劣
3465,日,合,三,,仙,入,如劣
3466,書,合,三,,仙,入,失爇
3467,章,合,三,,仙,入,職悅
3468,昌,合,三,,仙,入,昌悅
3469,知,合,三,,仙,入,陟劣
3470,來,合,三,,仙,入,力輟
3471,滂,,三,A,仙,入,芳滅
3472,並,,三,B,仙,入,皮列
3473,澄,開,三,,仙,入,直列
3474,幫,,三,B,仙,入,方別
3475,生,合,三,,仙,入,所劣
3476,見,開,三,A,仙,入,居列
3477,書,開,三,,仙,入,識列
3478,孃,合,三,,仙,入,女劣
3479,曉,合,三,A,仙,入,許劣
3480,影,合,三,A,仙,入,於悅
3481,見,合,三,B,仙,入,紀劣
3482,莊,合,三,,仙,入,側劣
3483,清,合,三,,仙,入,七絕
3484,精,開,三,,仙,入,姊列
3485,生,開,三,,仙,入,山列
3486,影,開,三,B,仙,入,於列
3487,徹,開,三,,仙,入,丑列
3488,曉,開,三,B,仙,入,許列
3489,常,合,三,,仙,入,殊雪
3490,初,合,三,,仙,入,廁別
3491,邪,合,三,,仙,入,寺絕
3492,昌,開,三,,仙,入,昌列
3493,以,開,三,A,仙,入,羊列
3494,崇,開,三,,仙,入,士列
3495,以,開,三,,陽,入,以灼
3496,來,開,三,,陽,入,離灼
3497,見,開,三,,陽,入,居勺
3498,章,開,三,,陽,入,之若
3499,書,開,三,,陽,入,書藥
3500,日,開,三,,陽,入,而灼
3501,昌,開,三,,陽,入,昌約
3502,影,開,三,,陽,入,於略
3503,溪,開,三,,陽,入,去約
3504,疑,開,三,,陽,入,魚約
3505,常,開,三,,陽,入,市若
3506,徹,開,三,,陽,入,丑略
3507,心,開,三,,陽,入,息約
3508,莊,開,三,,陽,入,側略
3509,精,開,三,,陽,入,即略
3510,從,開,三,,陽,入,在爵
3511,清,開,三,,陽,入,七雀
3512,羣,開,三,,陽,入,其虐
3513,影,合,三,,陽,入,憂縛
3514,並,,三,,陽,入,符钁
3515,曉,合,三,,陽,入,許縛
3516,云,合,三,,陽,入,王縛
3517,見,合,三,,陽,入,居縛
3518,知,開,三,,陽,入,張略
3519,澄,開,三,,陽,入,直略
3520,溪,合,三,,陽,入,丘縛
3521,羣,合,三,,陽,入,具籰
3522,孃,開,三,,陽,入,女略
3523,滂,,三,,陽,入,孚縛
3524,曉,開,三,,陽,入,虛約
3525,定,開,一,,唐,入,徒落
3526,明,,一,,唐,入,慕各
3527,來,開,一,,唐,入,盧各
3528,透,開,一,,唐,入,他各
3529,精,開,一,,唐,入,則落
3530,清,開,一,,唐,入,倉各
3531,見,開,一,,唐,入,古落
3532,溪,開,一,,唐,入,苦各
3533,疑,開,一,,唐,入,五各
3534,滂,,一,,唐,入,匹各
3535,影,開,一,,唐,入,烏各
3536,並,,一,,唐,入,傍各
3537,曉,開,一,,唐,入,呵各
3538,心,開,一,,唐,入,蘇各
3539,匣,開,一,,唐,入,下各
3540,從,開,一,,唐,入,在各
3541,幫,,一,,唐,入,補各
3542,泥,開,一,,唐,入,奴各
3543,曉,合,一,,唐,入,虛郭
3544,見,合,一,,唐,入,古博
3545,影,合,一,,唐,入,烏郭
3546,匣,合,一,,唐,入,胡郭
3547,溪,合,一,,唐,入,苦郭
3548,疑,合,一,,唐,入,五郭
3549,來,合,一,,唐,入,盧穫
3550,精,合,一,,唐,入,祖郭
3551,明,,二,,庚,入,莫白
3552,知,開,二,,庚,入,陟格
3553,並,,二,,庚,入,傍陌
3554,幫,,二,,庚,入,博陌
3555,羣,開,三,,庚,入,奇逆
3556,見,開,三,,庚,入,几劇
3557,生,開,三,,庚,入,山戟
3558,初,開,三,,庚,入,測戟
3559,匣,合,二,,庚,入,胡伯
3560,莊,開,二,,庚,入,側伯
3561,崇,開,二,,庚,入,鋤陌
3562,溪,開,三,,庚,入,綺戟
3563,疑,開,二,,庚,入,五陌
3564,疑,開,三,,庚,入,宜戟
3565,溪,開,二,,庚,入,苦格
3566,影,開,二,,庚,入,烏格
3567,曉,開,三,,庚,入,許郤
3568,徹,開,二,,庚,入,丑格
3569,影,合,二,,庚,入,乙白
3570,滂,,二,,庚,入,普伯
3571,曉,開,二,,庚,入,呼格
3572,匣,開,二,,庚,入,胡格
3573,見,開,二,,庚,入,古伯
3574,曉,合,二,,庚,入,虎伯
3575,澄,開,二,,庚,入,場伯
3576,見,合,二,,庚,入,古伯
3577,孃,開,二,,庚,入,女白
3578,溪,合,二,,庚,入,丘擭
3579,並,,三,,庚,入,弼戟
3580,明,,二,,耕,入,莫獲
3581,匣,合,二,,耕,入,胡麥
3582,見,合,二,,耕,入,古獲
3583,幫,,二,,耕,入,博厄
3584,並,,二,,耕,入,蒲革
3585,崇,開,二,,耕,入,士革
3586,莊,開,二,,耕,入,側革
3587,崇,合,二,,耕,入,查獲
3588,初,開,二,,耕,入,楚革
3589,溪,開,二,,耕,入,楷革
3590,曉,合,二,,耕,入,呼麥
3591,匣,開,二,,耕,入,下革
3592,見,開,二,,耕,入,古核
3593,知,開,二,,耕,入,陟革
3594,影,開,二,,耕,入,於革
3595,生,開,二,,耕,入,山責
3596,滂,,二,,耕,入,普麥
3597,疑,開,二,,耕,入,五革
3598,來,開,二,,耕,入,力摘
3599,莊,合,二,,耕,入,簪摑
3600,生,合,二,,耕,入,砂獲
3601,羣,合,二,,耕,入,求獲
3602,孃,開,二,,耕,入,尼戹
3603,心,開,三,,清,入,思積
3604,精,開,三,,清,入,資昔
3605,影,開,三,A,清,入,伊昔
3606,以,開,三,A,清,入,羊益
3607,書,開,三,,清,入,施隻
3608,昌,開,三,,清,入,昌石
3609,常,開,三,,清,入,常隻
3610,章,開,三,,清,入,之石
3611,澄,開,三,,清,入,直炙
3612,清,開,三,,清,入,七迹
3613,邪,開,三,,清,入,祥易
3614,從,開,三,,清,入,秦昔
3615,並,,三,A,清,入,房益
3616,以,合,三,A,清,入,營隻
3617,曉,合,三,A,清,入,許役
3618,幫,,三,A,清,入,必益
3619,滂,,三,A,清,入,芳辟
3620,船,開,三,,清,入,食亦
3621,幫,,三,B,清,入,彼役
3622,知,開,三,,清,入,竹益
3623,徹,開,三,,清,入,丑亦
3624,章,合,三,,清,入,之役
3625,清,合,三,,清,入,七役
3626,心,開,四,,青,入,先擊
3627,見,開,四,,青,入,古歷
3628,滂,,四,,青,入,普擊
3629,來,開,四,,青,入,郎擊
3630,端,開,四,,青,入,都歷
3631,匣,開,四,,青,入,胡狄
3632,疑,開,四,,青,入,五歷
3633,定,開,四,,青,入,徒歷
3634,透,開,四,,青,入,他歷
3635,精,開,四,,青,入,則歷
3636,溪,開,四,,青,入,苦擊
3637,泥,開,四,,青,入,奴歷
3638,從,開,四,,青,入,前歷
3639,明,,四,,青,入,莫狄
3640,並,,四,,青,入,扶歷
3641,幫,,四,,青,入,北激
3642,溪,合,四,,青,入,苦鶪
3643,見,合,四,,青,入,古闃
3644,清,開,四,,青,入,倉歷
3645,曉,開,四,,青,入,許激
3646,曉,合,四,,青,入,呼狊
3647,章,開,三,,蒸,入,之翼
3648,澄,開,三,,蒸,入,除力
3649,來,開,三,,蒸,入,林直
3650,徹,開,三,,蒸,入,恥力
3651,知,開,三,,蒸,入,竹力
3652,船,開,三,,蒸,入,乘力
3653,心,開,三,,蒸,入,相即
3654,常,開,三,,蒸,入,常職
3655,書,開,三,,蒸,入,賞職
3656,曉,開,三,,蒸,入,許極
3657,崇,開,三,,蒸,入,士力
3658,羣,開,三,,蒸,入,渠力
3659,孃,開,三,,蒸,入,女力
3660,初,開,三,,蒸,入,初力
3661,影,開,三,,蒸,入,於力
3662,生,開,三,,蒸,入,所力
3663,溪,開,三,,蒸,入,丘力
3664,見,開,三,,蒸,入,紀力
3665,以,開,三,,蒸,入,與職
3666,精,開,三,,蒸,入,子力
3667,幫,,三,,蒸,入,彼側
3668,云,合,三,,蒸,入,雨逼
3669,曉,合,三,,蒸,入,況逼
3670,滂,,三,,蒸,入,芳逼
3671,莊,開,三,,蒸,入,阻力
3672,並,,三,,蒸,入,符逼
3673,疑,開,三,,蒸,入,魚力
3674,從,開,三,,蒸,入,秦力
3675,明,,三,,蒸,入,亡逼
3676,昌,開,三,,蒸,入,昌力
3677,端,開,一,,登,入,多則
3678,精,開,一,,登,入,子德
3679,來,開,一,,登,入,盧則
3680,透,開,一,,登,入,他德
3681,溪,開,一,,登,入,苦得
3682,定,開,一,,登,入,徒得
3683,曉,開,一,,登,入,呼北
3684,明,,一,,登,入,莫北
3685,從,開,一,,登,入,昨則
3686,心,開,一,,登,入,蘇則
3687,幫,,一,,登,入,博墨
3688,並,,一,,登,入,蒲北
3689,匣,合,一,,登,入,胡國
3690,見,合,一,,登,入,古或
3691,影,開,一,,登,入,愛黑
3692,匣,開,一,,登,入,胡得
3693,泥,開,一,,登,入,奴勒
3694,見,開,一,,登,入,古得
3695,清,開,一,,登,入,七則
3696,滂,,一,,登,入,匹北
3697,曉,合,一,,登,入,呼或
3698,清,開,三,,侵,入,七入
3699,常,開,三,,侵,入,是執
3700,章,開,三,,侵,入,之入
3701,邪,開,三,,侵,入,似入
3702,從,開,三,,侵,入,秦入
3703,日,開,三,,侵,入,人執
3704,影,開,三,A,侵,入,伊入
3705,書,開,三,,侵,入,失入
3706,精,開,三,,侵,入,子入
3707,羣,開,三,B,侵,入,其立
3708,澄,開,三,,侵,入,直立
3709,知,開,三,,侵,入,陟立
3710,來,開,三,,侵,入,力入
3711,見,開,三,B,侵,入,居立
3712,疑,開,三,B,侵,入,魚及
3713,溪,開,三,B,侵,入,去急
3714,心,開,三,,侵,入,先立
3715,生,開,三,,侵,入,色立
3716,曉,開,三,B,侵,入,許及
3717,莊,開,三,,侵,入,阻立
3718,影,開,三,B,侵,入,於汲
3719,徹,開,三,,侵,入,丑入
3720,云,開,三,B,侵,入,爲立
3721,以,開,三,A,侵,入,羊入
3722,孃,開,三,,侵,入,尼立
3723,崇,開,三,,侵,入,仕戢
3724,並,,三,B,侵,入,皮及
3725,幫,,三,B,侵,入,彼及
3726,初,開,三,,侵,入,初戢
3727,昌,開,三,,侵,入,昌汁
3728,匣,開,一,,覃,入,侯閤
3729,見,開,一,,覃,入,古沓
3730,端,開,一,,覃,入,都合
3731,心,開,一,,覃,入,蘇合
3732,定,開,一,,覃,入,徒合
3733,透,開,一,,覃,入,他合
3734,從,開,一,,覃,入,徂合
3735,精,開,一,,覃,入,子荅
3736,來,開,一,,覃,入,盧合
3737,泥,開,一,,覃,入,奴荅
3738,溪,開,一,,覃,入,口荅
3739,影,開,一,,覃,入,烏合
3740,曉,開,一,,覃,入,呼合
3741,疑,開,一,,覃,入,五合
3742,清,開,一,,覃,入,七合
3743,匣,開,一,,談,入,胡臘
3744,來,開,一,,談,入,盧盍
3745,端,開,一,,談,入,都榼
3746,透,開,一,,談,入,吐盍
3747,曉,開,一,,談,入,呼盍
3748,泥,開,一,,談,入,奴盍
3749,定,開,一,,談,入,徒盍
3750,心,開,一,,談,入,私盍
3751,疑,開,一,,談,入,五盍
3752,從,開,一,,談,入,才盍
3753,見,開,一,,談,入,古盍
3754,溪,開,一,,談,入,苦盍
3755,影,開,一,,談,入,安盍
3756,清,開,一,,談,入,倉雜
3757,章,開,三,,談,入,章盍
3758,以,開,三,A,鹽,入,與涉
3759,精,開,三,,鹽,入,即葉
3760,書,開,三,,鹽,入,書涉
3761,常,開,三,,鹽,入,時攝
3762,來,開,三,,鹽,入,良涉
3763,從,開,三,,鹽,入,疾葉
3764,澄,開,三,,鹽,入,直葉
3765,影,開,三,B,鹽,入,於輒
3766,孃,開,三,,鹽,入,尼輒
3767,昌,開,三,,鹽,入,叱涉
3768,日,開,三,,鹽,入,而涉
3769,章,開,三,,鹽,入,之涉
3770,清,開,三,,鹽,入,七接
3771,徹,開,三,,鹽,入,丑輒
3772,羣,開,三,B,鹽,入,其輒
3773,知,開,三,,鹽,入,陟葉
3774,云,開,三,B,鹽,入,筠輒
3775,溪,開,三,A,鹽,入,去涉
3776,生,開,三,,鹽,入,山輒
3777,見,開,三,B,鹽,入,居輒
3778,影,開,三,A,鹽,入,於葉
3779,透,開,四,,添,入,他協
3780,匣,開,四,,添,入,胡頰
3781,見,開,四,,添,入,古協
3782,溪,開,四,,添,入,苦協
3783,定,開,四,,添,入,徒協
3784,泥,開,四,,添,入,奴協
3785,心,開,四,,添,入,蘇協
3786,來,開,四,,添,入,盧協
3787,端,開,四,,添,入,丁愜
3788,從,開,四,,添,入,在協
3789,精,開,四,,添,入,子協
3790,曉,開,四,,添,入,呼牒
3791,匣,開,二,,咸,入,侯夾
3792,溪,開,二,,咸,入,苦洽
3793,崇,開,二,,咸,入,士洽
3794,見,開,二,,咸,入,古洽
3795,莊,開,二,,咸,入,側洽
3796,初,開,二,,咸,入,楚洽
3797,孃,開,二,,咸,入,女洽
3798,曉,開,二,,咸,入,呼洽
3799,生,開,二,,咸,入,山洽
3800,知,開,二,,咸,入,竹洽
3801,影,開,二,,咸,入,烏洽
3802,疑,開,二,,咸,入,五夾
3803,徹,開,二,,咸,入,丑㘝
3804,匣,開,二,,銜,入,胡甲
3805,澄,開,二,,銜,入,丈甲
3806,影,開,二,,銜,入,烏甲
3807,見,開,二,,銜,入,古狎
3808,生,開,二,,銜,入,所甲
3809,曉,開,二,,銜,入,呼甲
3810,疑,開,三,,嚴,入,魚怯
3811,曉,開,三,,嚴,入,虛業
3812,溪,開,三,,嚴,入,去劫
3813,見,開,三,,嚴,入,居怯
3814,影,開,三,,嚴,入,於業
3815,以,開,三,,嚴,入,余業
3816,羣,開,三,,嚴,入,巨業
3817,並,,三,,凡,入,房法
3818,幫,,三,,凡,入,方乏
3819,滂,,三,,凡,入,孚法
3820,孃,開,三,,嚴,入,女法
3821,徹,開,三,,嚴,入,丑法
