字頭,轉號,韻圖開合(修正後),韻圖母位置,韻圖聲,韻圖韻,韻圖等
籠,1,,舌齒音第一位,平,東,一
洪,1,,喉音第三位,平,東,一
烘,1,,喉音第二位,平,東,一
翁,1,,喉音第一位,平,東,一
𣞷,1,,齒音第四位,平,東,一
叢,1,,齒音第三位,平,東,一
悤,1,,齒音第二位,平,東,一
葼,1,,齒音第一位,平,東,一
㟅,1,,牙音第四位,平,東,一
空,1,,牙音第二位,平,東,一
公,1,,牙音第一位,平,東,一
同,1,,舌音第三位,平,東,一
通,1,,舌音第二位,平,東,一
東,1,,舌音第一位,平,東,一
蒙,1,,脣音第四位,平,東,一
蓬,1,,脣音第三位,平,東,一
崇,1,,齒音第三位,平,東,二
戎,1,,舌齒音第二位,平,東,三
隆,1,,舌齒音第一位,平,東,三
肜,1,,喉音第四位,平,東,三
雄,1,,喉音第三位,平,東,三
充,1,,齒音第二位,平,東,三
終,1,,齒音第一位,平,東,三
𧲤,1,,牙音第四位,平,東,三
窮,1,,牙音第三位,平,東,三
穹,1,,牙音第二位,平,東,三
弓,1,,牙音第一位,平,東,三
蟲,1,,舌音第三位,平,東,三
忡,1,,舌音第二位,平,東,三
中,1,,舌音第一位,平,東,三
瞢,1,,脣音第四位,平,東,三
馮,1,,脣音第三位,平,東,三
豐,1,,脣音第二位,平,東,三
風,1,,脣音第一位,平,東,三
融,1,,喉音第四位,平,東,四
嵩,1,,齒音第四位,平,東,四
䏊,1,,舌齒音第一位,上,董,一
𢦅,1,,喉音第三位,上,董,一
嗊,1,,喉音第二位,上,董,一
蓊,1,,喉音第一位,上,董,一
㪌,1,,齒音第四位,上,董,一
總,1,,齒音第一位,上,董,一
孔,1,,牙音第二位,上,董,一
𨑊,1,,舌音第四位,上,董,一
動,1,,舌音第三位,上,董,一
桶,1,,舌音第二位,上,董,一
董,1,,舌音第一位,上,董,一
蠓,1,,脣音第四位,上,董,一
菶,1,,脣音第三位,上,董,一
琫,1,,脣音第一位,上,董,一
弄,1,,舌齒音第一位,去,送,一
閧,1,,喉音第三位,去,送,一
烘,1,,喉音第二位,去,送,一
甕,1,,喉音第一位,去,送,一
送,1,,齒音第四位,去,送,一
𣀒,1,,齒音第三位,去,送,一
謥,1,,齒音第二位,去,送,一
糉,1,,齒音第一位,去,送,一
控,1,,牙音第二位,去,送,一
貢,1,,牙音第一位,去,送,一
齈,1,,舌音第四位,去,送,一
洞,1,,舌音第三位,去,送,一
痛,1,,舌音第二位,去,送,一
凍,1,,舌音第一位,去,送,一
夢,1,,脣音第四位,去,送,一
摓,1,,脣音第三位,去,送,一
㓽,1,,齒音第三位,去,送,二
𧽒,1,,喉音第二位,去,送,三
銃,1,,齒音第二位,去,送,三
眾,1,,齒音第一位,去,送,三
焪,1,,牙音第二位,去,送,三
仲,1,,舌音第三位,去,送,三
中,1,,舌音第一位,去,送,三
𢄐,1,,脣音第四位,去,送,三
鳳,1,,脣音第三位,去,送,三
賵,1,,脣音第二位,去,送,三
諷,1,,脣音第一位,去,送,三
趥,1,,齒音第二位,去,送,四
祿,1,,舌齒音第一位,入,屋,一
縠,1,,喉音第三位,入,屋,一
熇,1,,喉音第二位,入,屋,一
屋,1,,喉音第一位,入,屋,一
速,1,,齒音第四位,入,屋,一
族,1,,齒音第三位,入,屋,一
瘯,1,,齒音第二位,入,屋,一
鏃,1,,齒音第一位,入,屋,一
哭,1,,牙音第二位,入,屋,一
穀,1,,牙音第一位,入,屋,一
獨,1,,舌音第三位,入,屋,一
禿,1,,舌音第二位,入,屋,一
豰,1,,舌音第一位,入,屋,一
木,1,,脣音第四位,入,屋,一
暴,1,,脣音第三位,入,屋,一
扑,1,,脣音第二位,入,屋,一
卜,1,,脣音第一位,入,屋,一
縮,1,,齒音第四位,入,屋,二
珿,1,,齒音第二位,入,屋,二
縬,1,,齒音第一位,入,屋,二
肉,1,,舌齒音第二位,入,屋,三
六,1,,舌齒音第一位,入,屋,三
囿,1,,喉音第四位,入,屋,三
畜,1,,喉音第二位,入,屋,三
郁,1,,喉音第一位,入,屋,三
塾,1,,齒音第五位,入,屋,三
叔,1,,齒音第四位,入,屋,三
俶,1,,齒音第二位,入,屋,三
粥,1,,齒音第一位,入,屋,三
砡,1,,牙音第四位,入,屋,三
驧,1,,牙音第三位,入,屋,三
麴,1,,牙音第二位,入,屋,三
菊,1,,牙音第一位,入,屋,三
朒,1,,舌音第四位,入,屋,三
逐,1,,舌音第三位,入,屋,三
蓄,1,,舌音第二位,入,屋,三
竹,1,,舌音第一位,入,屋,三
目,1,,脣音第四位,入,屋,三
伏,1,,脣音第三位,入,屋,三
蝮,1,,脣音第二位,入,屋,三
福,1,,脣音第一位,入,屋,三
育,1,,喉音第四位,入,屋,四
肅,1,,齒音第四位,入,屋,四
𣤶,1,,齒音第三位,入,屋,四
鼀,1,,齒音第二位,入,屋,四
蹙,1,,齒音第一位,入,屋,四
䃧,2,,舌齒音第一位,平,冬,一
䃔,2,,喉音第三位,平,冬,一
鬆,2,,齒音第四位,平,冬,一
賨,2,,齒音第三位,平,冬,一
驄,2,,齒音第二位,平,冬,一
宗,2,,齒音第一位,平,冬,一
攻,2,,牙音第一位,平,冬,一
農,2,,舌音第四位,平,冬,一
彤,2,,舌音第三位,平,冬,一
炵,2,,舌音第二位,平,冬,一
冬,2,,舌音第一位,平,冬,一
茸,2,,舌齒音第二位,平,鍾,三
龍,2,,舌齒音第一位,平,鍾,三
容,2,,喉音第四位,平,鍾,三
匈,2,,喉音第二位,平,鍾,三
邕,2,,喉音第一位,平,鍾,三
鱅,2,,齒音第五位,平,鍾,三
舂,2,,齒音第四位,平,鍾,三
𧘂,2,,齒音第二位,平,鍾,三
鍾,2,,齒音第一位,平,鍾,三
顒,2,,牙音第四位,平,鍾,三
蛩,2,,牙音第三位,平,鍾,三
銎,2,,牙音第二位,平,鍾,三
恭,2,,牙音第一位,平,鍾,三
醲,2,,舌音第四位,平,鍾,三
重,2,,舌音第三位,平,鍾,三
傭,2,,舌音第二位,平,鍾,三
逢,2,,脣音第三位,平,鍾,三
峯,2,,脣音第二位,平,鍾,三
封,2,,脣音第一位,平,鍾,三
庸,2,,喉音第四位,平,鍾,四
松,2,,齒音第五位,平,鍾,四
淞,2,,齒音第四位,平,鍾,四
從,2,,齒音第三位,平,鍾,四
樅,2,,齒音第二位,平,鍾,四
縱,2,,齒音第一位,平,鍾,四
宂,2,,舌齒音第二位,上,腫,三
隴,2,,舌齒音第一位,上,腫,三
擁,2,,喉音第一位,上,腫,三
尰,2,,齒音第五位,上,腫,三
𨿿,2,,齒音第二位,上,腫,三
腫,2,,齒音第一位,上,腫,三
拲,2,,牙音第三位,上,腫,三
恐,2,,牙音第二位,上,腫,三
拱,2,,牙音第一位,上,腫,三
重,2,,舌音第三位,上,腫,三
寵,2,,舌音第二位,上,腫,三
冢,2,,舌音第一位,上,腫,三
奉,2,,脣音第三位,上,腫,三
捧,2,,脣音第二位,上,腫,三
覂,2,,脣音第一位,上,腫,三
甬,2,,喉音第四位,上,腫,四
悚,2,,齒音第四位,上,腫,四
𢛒,2,,齒音第二位,上,腫,四
䙕,2,,齒音第一位,上,腫,四
䃔,2,,喉音第三位,去,宋,一
宋,2,,齒音第四位,去,宋,一
綜,2,,齒音第一位,去,宋,一
統,2,,舌音第二位,去,宋,一
湩,2,,舌音第一位,去,宋,一
雺,2,,脣音第四位,去,宋,一
䩸,2,,舌齒音第二位,去,用,三
贚,2,,舌齒音第一位,去,用,三
種,2,,齒音第一位,去,用,三
共,2,,牙音第三位,去,用,三
恐,2,,牙音第二位,去,用,三
供,2,,牙音第一位,去,用,三
𢫨,2,,舌音第四位,去,用,三
重,2,,舌音第三位,去,用,三
蹱,2,,舌音第二位,去,用,三
俸,2,,脣音第三位,去,用,三
葑,2,,脣音第一位,去,用,三
用,2,,喉音第四位,去,用,四
頌,2,,齒音第五位,去,用,四
從,2,,齒音第三位,去,用,四
縱,2,,齒音第一位,去,用,四
濼,2,,舌齒音第一位,入,沃,一
鵠,2,,喉音第三位,入,沃,一
熇,2,,喉音第二位,入,沃,一
沃,2,,喉音第一位,入,沃,一
洬,2,,齒音第四位,入,沃,一
傶,2,,齒音第一位,入,沃,一
𤛹,2,,牙音第四位,入,沃,一
酷,2,,牙音第二位,入,沃,一
梏,2,,牙音第一位,入,沃,一
褥,2,,舌音第四位,入,沃,一
毒,2,,舌音第三位,入,沃,一
篤,2,,舌音第一位,入,沃,一
瑁,2,,脣音第四位,入,沃,一
僕,2,,脣音第三位,入,沃,一
蓴,2,,脣音第二位,入,沃,一
襮,2,,脣音第一位,入,沃,一
𤉐,2,,齒音第三位,入,燭,二
㑛,2,,齒音第二位,入,燭,二
辱,2,,舌齒音第二位,入,燭,三
錄,2,,舌齒音第一位,入,燭,三
欲,2,,喉音第四位,入,燭,三
旭,2,,喉音第二位,入,燭,三
郁,2,,喉音第一位,入,燭,三
蜀,2,,齒音第五位,入,燭,三
束,2,,齒音第四位,入,燭,三
贖,2,,齒音第三位,入,燭,三
觸,2,,齒音第二位,入,燭,三
燭,2,,齒音第一位,入,燭,三
玉,2,,牙音第四位,入,燭,三
局,2,,牙音第三位,入,燭,三
曲,2,,牙音第二位,入,燭,三
輂,2,,牙音第一位,入,燭,三
躅,2,,舌音第三位,入,燭,三
瘃,2,,舌音第一位,入,燭,三
媦,2,,脣音第四位,入,燭,三
幞,2,,脣音第三位,入,燭,三
䪁,2,,脣音第一位,入,燭,三
續,2,,齒音第五位,入,燭,四
粟,2,,齒音第四位,入,燭,四
促,2,,齒音第二位,入,燭,四
足,2,,齒音第一位,入,燭,四
瀧,3,,舌齒音第一位,平,江,二
降,3,,喉音第三位,平,江,二
舡,3,,喉音第二位,平,江,二
胦,3,,喉音第一位,平,江,二
雙,3,,齒音第四位,平,江,二
淙,3,,齒音第三位,平,江,二
牕,3,,齒音第二位,平,江,二
㟅,3,,牙音第四位,平,江,二
腔,3,,牙音第二位,平,江,二
江,3,,牙音第一位,平,江,二
𦗳,3,,舌音第四位,平,江,二
幢,3,,舌音第三位,平,江,二
憃,3,,舌音第二位,平,江,二
樁,3,,舌音第一位,平,江,二
厖,3,,脣音第四位,平,江,二
龐,3,,脣音第三位,平,江,二
胮,3,,脣音第二位,平,江,二
邦,3,,脣音第一位,平,江,二
項,3,,喉音第三位,上,講,二
傋,3,,喉音第二位,上,講,二
慃,3,,喉音第一位,上,講,二
講,3,,牙音第一位,上,講,二
𠈵,3,,脣音第四位,上,講,二
㭋,3,,脣音第三位,上,講,二
𦂌,3,,脣音第一位,上,講,二
巷,3,,喉音第三位,去,絳,二
淙,3,,齒音第四位,去,絳,二
漴,3,,齒音第三位,去,絳,二
䎫,3,,齒音第二位,去,絳,二
絳,3,,牙音第一位,去,絳,二
䡴,3,,舌音第三位,去,絳,二
𥈄,3,,舌音第二位,去,絳,二
戇,3,,舌音第一位,去,絳,二
䏵,3,,脣音第四位,去,絳,二
肨,3,,脣音第二位,去,絳,二
犖,3,,舌齒音第一位,入,覺,二
學,3,,喉音第三位,入,覺,二
渥,3,,喉音第一位,入,覺,二
朔,3,,齒音第四位,入,覺,二
浞,3,,齒音第三位,入,覺,二
娖,3,,齒音第二位,入,覺,二
捉,3,,齒音第一位,入,覺,二
岳,3,,牙音第四位,入,覺,二
㱿,3,,牙音第二位,入,覺,二
覺,3,,牙音第一位,入,覺,二
搦,3,,舌音第四位,入,覺,二
濁,3,,舌音第三位,入,覺,二
逴,3,,舌音第二位,入,覺,二
斲,3,,舌音第一位,入,覺,二
邈,3,,脣音第四位,入,覺,二
雹,3,,脣音第三位,入,覺,二
璞,3,,脣音第二位,入,覺,二
剝,3,,脣音第一位,入,覺,二
釃,4,開,齒音第四位,平,支,二
齹,4,開,齒音第三位,平,支,二
差,4,開,齒音第二位,平,支,二
齜,4,開,齒音第一位,平,支,二
兒,4,開,舌齒音第二位,平,支,三
離,4,開,舌齒音第一位,平,支,三
犧,4,開,喉音第二位,平,支,三
猗,4,開,喉音第一位,平,支,三
匙,4,開,齒音第五位,平,支,三
施,4,開,齒音第四位,平,支,三
疵,4,開,齒音第三位,平,支,三
眵,4,開,齒音第二位,平,支,三
支,4,開,齒音第一位,平,支,三
宜,4,開,牙音第四位,平,支,三
奇,4,開,牙音第三位,平,支,三
㩻,4,開,牙音第二位,平,支,三
羈,4,開,牙音第一位,平,支,三
馳,4,開,舌音第三位,平,支,三
摛,4,開,舌音第二位,平,支,三
知,4,開,舌音第一位,平,支,三
縻,4,開,脣音第四位,平,支,三
皮,4,開,脣音第三位,平,支,三
鈹,4,開,脣音第二位,平,支,三
陂,4,開,脣音第一位,平,支,三
移,4,開,喉音第四位,平,支,四
斯,4,開,齒音第四位,平,支,四
雌,4,開,齒音第二位,平,支,四
貲,4,開,齒音第一位,平,支,四
祇,4,開,牙音第三位,平,支,四
彌,4,開,脣音第四位,平,支,四
陴,4,開,脣音第三位,平,支,四
披,4,開,脣音第二位,平,支,四
卑,4,開,脣音第一位,平,支,四
躧,4,開,齒音第四位,上,紙,二
㧗,4,開,齒音第一位,上,紙,二
爾,4,開,舌齒音第二位,上,紙,三
邐,4,開,舌齒音第一位,上,紙,三
倚,4,開,喉音第一位,上,紙,三
氏,4,開,齒音第五位,上,紙,三
弛,4,開,齒音第四位,上,紙,三
舐,4,開,齒音第三位,上,紙,三
侈,4,開,齒音第二位,上,紙,三
紙,4,開,齒音第一位,上,紙,三
螘,4,開,牙音第四位,上,紙,三
技,4,開,牙音第三位,上,紙,三
綺,4,開,牙音第二位,上,紙,三
掎,4,開,牙音第一位,上,紙,三
抳,4,開,舌音第四位,上,紙,三
豸,4,開,舌音第三位,上,紙,三
褫,4,開,舌音第二位,上,紙,三
㨖,4,開,舌音第一位,上,紙,三
靡,4,開,脣音第四位,上,紙,三
被,4,開,脣音第三位,上,紙,三
㱟,4,開,脣音第二位,上,紙,三
彼,4,開,脣音第一位,上,紙,三
酏,4,開,喉音第四位,上,紙,四
徙,4,開,齒音第四位,上,紙,四
此,4,開,齒音第二位,上,紙,四
紫,4,開,齒音第一位,上,紙,四
企,4,開,牙音第二位,上,紙,四
踦,4,開,牙音第一位,上,紙,四
弭,4,開,脣音第四位,上,紙,四
婢,4,開,脣音第三位,上,紙,四
諀,4,開,脣音第二位,上,紙,四
俾,4,開,脣音第一位,上,紙,四
屣,4,開,齒音第四位,去,寘,二
柴,4,開,齒音第一位,去,寘,二
詈,4,開,舌齒音第一位,去,寘,三
戲,4,開,喉音第二位,去,寘,三
倚,4,開,喉音第一位,去,寘,三
豉,4,開,齒音第五位,去,寘,三
翅,4,開,齒音第四位,去,寘,三
卶,4,開,齒音第二位,去,寘,三
寘,4,開,齒音第一位,去,寘,三
義,4,開,牙音第四位,去,寘,三
芰,4,開,牙音第三位,去,寘,三
㞆,4,開,牙音第二位,去,寘,三
寄,4,開,牙音第一位,去,寘,三
智,4,開,舌音第一位,去,寘,三
髲,4,開,脣音第三位,去,寘,三
帔,4,開,脣音第二位,去,寘,三
賁,4,開,脣音第一位,去,寘,三
易,4,開,喉音第四位,去,寘,四
賜,4,開,齒音第四位,去,寘,四
漬,4,開,齒音第三位,去,寘,四
刺,4,開,齒音第二位,去,寘,四
積,4,開,齒音第一位,去,寘,四
企,4,開,牙音第二位,去,寘,四
馶,4,開,牙音第一位,去,寘,四
痿,5,合,舌齒音第二位,平,支,三
羸,5,合,舌齒音第一位,平,支,三
爲,5,合,喉音第四位,平,支,三
麾,5,合,喉音第二位,平,支,三
逶,5,合,喉音第一位,平,支,三
垂,5,合,齒音第五位,平,支,三
吹,5,合,齒音第二位,平,支,三
䮔,5,合,齒音第一位,平,支,三
危,5,合,牙音第四位,平,支,三
䞚,5,合,牙音第三位,平,支,三
虧,5,合,牙音第二位,平,支,三
嬀,5,合,牙音第一位,平,支,三
鬌,5,合,舌音第三位,平,支,三
腄,5,合,舌音第一位,平,支,三
蠵,5,合,喉音第四位,平,支,四
隳,5,合,喉音第二位,平,支,四
隨,5,合,齒音第五位,平,支,四
眭,5,合,齒音第四位,平,支,四
劑,5,合,齒音第一位,平,支,四
闚,5,合,牙音第二位,平,支,四
規,5,合,牙音第一位,平,支,四
錘,5,合,舌音第三位,平,支,四
蘂,5,合,舌齒音第二位,上,紙,三
累,5,合,舌齒音第一位,上,紙,三
蔿,5,合,喉音第四位,上,紙,三
毀,5,合,喉音第二位,上,紙,三
委,5,合,喉音第一位,上,紙,三
菙,5,合,齒音第五位,上,紙,三
揣,5,合,齒音第二位,上,紙,三
捶,5,合,齒音第一位,上,紙,三
硊,5,合,牙音第四位,上,紙,三
跪,5,合,牙音第三位,上,紙,三
詭,5,合,牙音第一位,上,紙,三
䓈,5,合,喉音第四位,上,紙,四
𣿂,5,合,齒音第五位,上,紙,四
髓,5,合,齒音第四位,上,紙,四
惢,5,合,齒音第三位,上,紙,四
觜,5,合,齒音第一位,上,紙,四
跬,5,合,牙音第二位,上,紙,四
䄲,5,合,舌齒音第二位,去,寘,三
累,5,合,舌齒音第一位,去,寘,三
爲,5,合,喉音第四位,去,寘,三
毀,5,合,喉音第二位,去,寘,三
餧,5,合,喉音第一位,去,寘,三
睡,5,合,齒音第五位,去,寘,三
吹,5,合,齒音第二位,去,寘,三
惴,5,合,齒音第一位,去,寘,三
僞,5,合,牙音第四位,去,寘,三
䞈,5,合,牙音第一位,去,寘,三
諉,5,合,舌音第四位,去,寘,三
縋,5,合,舌音第三位,去,寘,三
娷,5,合,舌音第一位,去,寘,三
瓗,5,合,喉音第四位,去,寘,四
孈,5,合,喉音第二位,去,寘,四
恚,5,合,喉音第一位,去,寘,四
䅗,5,合,齒音第四位,去,寘,四
觖,5,合,牙音第二位,去,寘,四
瞡,5,合,牙音第一位,去,寘,四
師,6,開,齒音第四位,平,脂,二
棃,6,開,舌齒音第一位,平,脂,三
尸,6,開,齒音第四位,平,脂,三
鴟,6,開,齒音第二位,平,脂,三
脂,6,開,齒音第一位,平,脂,三
狋,6,開,牙音第四位,平,脂,三
耆,6,開,牙音第三位,平,脂,三
飢,6,開,牙音第一位,平,脂,三
尼,6,開,舌音第四位,平,脂,三
墀,6,開,舌音第三位,平,脂,三
絺,6,開,舌音第二位,平,脂,三
胝,6,開,舌音第一位,平,脂,三
眉,6,開,脣音第四位,平,脂,三
邳,6,開,脣音第三位,平,脂,三
丕,6,開,脣音第二位,平,脂,三
悲,6,開,脣音第一位,平,脂,三
姨,6,開,喉音第四位,平,脂,四
夷,6,開,喉音第二位,平,脂,四
伊,6,開,喉音第一位,平,脂,四
私,6,開,齒音第四位,平,脂,四
茨,6,開,齒音第三位,平,脂,四
郪,6,開,齒音第二位,平,脂,四
咨,6,開,齒音第一位,平,脂,四
毗,6,開,脣音第三位,平,脂,四
紕,6,開,脣音第二位,平,脂,四
履,6,開,舌齒音第一位,上,旨,三
㰻,6,開,喉音第一位,上,旨,三
視,6,開,齒音第五位,上,旨,三
矢,6,開,齒音第四位,上,旨,三
旨,6,開,齒音第一位,上,旨,三
跽,6,開,牙音第三位,上,旨,三
几,6,開,牙音第一位,上,旨,三
秜,6,開,舌音第四位,上,旨,三
雉,6,開,舌音第三位,上,旨,三
𡳭,6,開,舌音第二位,上,旨,三
黹,6,開,舌音第一位,上,旨,三
美,6,開,脣音第四位,上,旨,三
否,6,開,脣音第三位,上,旨,三
嚭,6,開,脣音第二位,上,旨,三
鄙,6,開,脣音第一位,上,旨,三
兕,6,開,齒音第五位,上,旨,四
死,6,開,齒音第四位,上,旨,四
姊,6,開,齒音第一位,上,旨,四
牝,6,開,脣音第三位,上,旨,四
匕,6,開,脣音第一位,上,旨,四
二,6,開,舌齒音第二位,去,至,三
利,6,開,舌齒音第一位,去,至,三
齂,6,開,喉音第二位,去,至,三
懿,6,開,喉音第一位,去,至,三
嗜,6,開,齒音第五位,去,至,三
屍,6,開,齒音第四位,去,至,三
示,6,開,齒音第三位,去,至,三
痓,6,開,齒音第二位,去,至,三
至,6,開,齒音第一位,去,至,三
劓,6,開,牙音第四位,去,至,三
臮,6,開,牙音第三位,去,至,三
器,6,開,牙音第二位,去,至,三
冀,6,開,牙音第一位,去,至,三
膩,6,開,舌音第四位,去,至,三
緻,6,開,舌音第三位,去,至,三
致,6,開,舌音第一位,去,至,三
郿,6,開,脣音第四位,去,至,三
備,6,開,脣音第三位,去,至,三
濞,6,開,脣音第二位,去,至,三
祕,6,開,脣音第一位,去,至,三
肄,6,開,喉音第四位,去,至,四
系,6,開,喉音第三位,去,至,四
呬,6,開,喉音第二位,去,至,四
四,6,開,齒音第四位,去,至,四
自,6,開,齒音第三位,去,至,四
次,6,開,齒音第二位,去,至,四
恣,6,開,齒音第一位,去,至,四
弃,6,開,牙音第二位,去,至,四
地,6,開,舌音第三位,去,至,四
寐,6,開,脣音第四位,去,至,四
鼻,6,開,脣音第三位,去,至,四
屁,6,開,脣音第二位,去,至,四
痹,6,開,脣音第一位,去,至,四
衰,7,合,齒音第四位,平,脂,二
蕤,7,合,舌齒音第二位,平,脂,三
㶟,7,合,舌齒音第一位,平,脂,三
誰,7,合,齒音第五位,平,脂,三
推,7,合,齒音第二位,平,脂,三
錐,7,合,齒音第一位,平,脂,三
逵,7,合,牙音第三位,平,脂,三
巋,7,合,牙音第二位,平,脂,三
龜,7,合,牙音第一位,平,脂,三
鎚,7,合,舌音第三位,平,脂,三
追,7,合,舌音第一位,平,脂,三
惟,7,合,喉音第四位,平,脂,四
綏,7,合,齒音第四位,平,脂,四
嗺,7,合,齒音第一位,平,脂,四
葵,7,合,牙音第三位,平,脂,四
蕊,7,合,舌齒音第二位,上,旨,三
壘,7,合,舌齒音第一位,上,旨,三
洧,7,合,喉音第四位,上,旨,三
𦗑,7,合,喉音第二位,上,旨,三
水,7,合,齒音第四位,上,旨,三
沝,7,合,齒音第一位,上,旨,三
䣀,7,合,牙音第三位,上,旨,三
巋,7,合,牙音第二位,上,旨,三
軌,7,合,牙音第一位,上,旨,三
唯,7,合,喉音第四位,上,旨,四
㠑,7,合,齒音第三位,上,旨,四
趡,7,合,齒音第二位,上,旨,四
濢,7,合,齒音第一位,上,旨,四
揆,7,合,牙音第三位,上,旨,四
癸,7,合,牙音第一位,上,旨,四
類,7,合,舌齒音第一位,去,至,三
位,7,合,喉音第四位,去,至,三
㽷,7,合,齒音第四位,去,至,三
出,7,合,齒音第二位,去,至,三
匱,7,合,牙音第三位,去,至,三
喟,7,合,牙音第二位,去,至,三
媿,7,合,牙音第一位,去,至,三
墜,7,合,舌音第三位,去,至,三
轛,7,合,舌音第一位,去,至,三
遺,7,合,喉音第四位,去,至,四
侐,7,合,喉音第二位,去,至,四
遂,7,合,齒音第五位,去,至,四
邃,7,合,齒音第四位,去,至,四
萃,7,合,齒音第三位,去,至,四
翠,7,合,齒音第二位,去,至,四
醉,7,合,齒音第一位,去,至,四
悸,7,合,牙音第三位,去,至,四
季,7,合,牙音第一位,去,至,四
茬,8,,齒音第三位,平,之,二
菑,8,,齒音第一位,平,之,二
而,8,,舌齒音第二位,平,之,三
釐,8,,舌齒音第一位,平,之,三
僖,8,,喉音第二位,平,之,三
醫,8,,喉音第一位,平,之,三
時,8,,齒音第五位,平,之,三
詩,8,,齒音第四位,平,之,三
蚩,8,,齒音第二位,平,之,三
之,8,,齒音第一位,平,之,三
疑,8,,牙音第四位,平,之,三
其,8,,牙音第三位,平,之,三
欺,8,,牙音第二位,平,之,三
姬,8,,牙音第一位,平,之,三
治,8,,舌音第三位,平,之,三
癡,8,,舌音第二位,平,之,三
飴,8,,喉音第四位,平,之,四
詞,8,,齒音第五位,平,之,四
思,8,,齒音第四位,平,之,四
慈,8,,齒音第三位,平,之,四
兹,8,,齒音第一位,平,之,四
抾,8,,牙音第二位,平,之,四
俟,8,,齒音第五位,上,止,二
史,8,,齒音第四位,上,止,二
士,8,,齒音第三位,上,止,二
㓼,8,,齒音第二位,上,止,二
滓,8,,齒音第一位,上,止,二
耳,8,,舌齒音第二位,上,止,三
里,8,,舌齒音第一位,上,止,三
以,8,,喉音第四位,上,止,三
喜,8,,喉音第二位,上,止,三
譩,8,,喉音第一位,上,止,三
市,8,,齒音第五位,上,止,三
始,8,,齒音第四位,上,止,三
齒,8,,齒音第二位,上,止,三
止,8,,齒音第一位,上,止,三
擬,8,,牙音第四位,上,止,三
起,8,,牙音第二位,上,止,三
紀,8,,牙音第一位,上,止,三
伱,8,,舌音第四位,上,止,三
峙,8,,舌音第三位,上,止,三
恥,8,,舌音第二位,上,止,三
徵,8,,舌音第一位,上,止,三
似,8,,齒音第五位,上,止,四
枲,8,,齒音第四位,上,止,四
子,8,,齒音第一位,上,止,四
駛,8,,齒音第四位,去,志,二
事,8,,齒音第三位,去,志,二
廁,8,,齒音第二位,去,志,二
胾,8,,齒音第一位,去,志,二
餌,8,,舌齒音第二位,去,志,三
吏,8,,舌齒音第一位,去,志,三
憙,8,,喉音第二位,去,志,三
意,8,,喉音第一位,去,志,三
侍,8,,齒音第五位,去,志,三
試,8,,齒音第四位,去,志,三
熾,8,,齒音第二位,去,志,三
志,8,,齒音第一位,去,志,三
䰯,8,,牙音第四位,去,志,三
忌,8,,牙音第三位,去,志,三
亟,8,,牙音第二位,去,志,三
記,8,,牙音第一位,去,志,三
值,8,,舌音第三位,去,志,三
眙,8,,舌音第二位,去,志,三
置,8,,舌音第一位,去,志,三
異,8,,喉音第四位,去,志,四
寺,8,,齒音第五位,去,志,四
笥,8,,齒音第四位,去,志,四
字,8,,齒音第三位,去,志,四
蛓,8,,齒音第二位,去,志,四
恣,8,,齒音第一位,去,志,四
希,9,開,喉音第二位,平,微,三
依,9,開,喉音第一位,平,微,三
沂,9,開,牙音第四位,平,微,三
祈,9,開,牙音第三位,平,微,三
機,9,開,牙音第一位,平,微,三
豨,9,開,喉音第二位,上,尾,三
扆,9,開,喉音第一位,上,尾,三
顗,9,開,牙音第四位,上,尾,三
豈,9,開,牙音第二位,上,尾,三
蟣,9,開,牙音第一位,上,尾,三
欷,9,開,喉音第二位,去,未,三
毅,9,開,牙音第四位,去,未,三
䤒,9,開,牙音第三位,去,未,三
氣,9,開,牙音第二位,去,未,三
既,9,開,牙音第一位,去,未,三
刈,9,開,牙音第四位,去,廢,三
計,9,開,牙音第一位,去,廢,三
廢,9,開,脣音第一位,去,廢,三
韋,10,合,喉音第四位,平,微,三
威,10,合,喉音第一位,平,微,三
巍,10,合,牙音第四位,平,微,三
頎,10,合,牙音第三位,平,微,三
蘬,10,合,牙音第二位,平,微,三
歸,10,合,牙音第一位,平,微,三
微,10,合,脣音第四位,平,微,三
肥,10,合,脣音第三位,平,微,三
菲,10,合,脣音第二位,平,微,三
非,10,合,脣音第一位,平,微,三
韙,10,合,喉音第四位,上,尾,三
虺,10,合,喉音第二位,上,尾,三
磈,10,合,喉音第一位,上,尾,三
鬼,10,合,牙音第一位,上,尾,三
尾,10,合,脣音第四位,上,尾,三
膹,10,合,脣音第三位,上,尾,三
斐,10,合,脣音第二位,上,尾,三
匪,10,合,脣音第一位,上,尾,三
胃,10,合,喉音第四位,去,未,三
諱,10,合,喉音第二位,去,未,三
尉,10,合,喉音第一位,去,未,三
魏,10,合,牙音第四位,去,未,三
鞼,10,合,牙音第三位,去,未,三
𥽂,10,合,牙音第二位,去,未,三
貴,10,合,牙音第一位,去,未,三
未,10,合,脣音第四位,去,未,三
痱,10,合,脣音第三位,去,未,三
費,10,合,脣音第二位,去,未,三
沸,10,合,脣音第一位,去,未,三
喙,10,合,喉音第二位,去,廢,三
穢,10,合,喉音第一位,去,廢,三
䂕,10,合,牙音第四位,去,廢,三
𤜂,10,合,牙音第三位,去,廢,三
𥏙,10,合,牙音第二位,去,廢,三
吠,10,合,脣音第三位,去,廢,三
廢,10,合,脣音第一位,去,廢,三
疎,11,,齒音第四位,平,魚,二
鉏,11,,齒音第三位,平,魚,二
初,11,,齒音第二位,平,魚,二
𦵔,11,,齒音第一位,平,魚,二
如,11,,舌齒音第二位,平,魚,三
臚,11,,舌齒音第一位,平,魚,三
余,11,,喉音第四位,平,魚,三
虛,11,,喉音第二位,平,魚,三
於,11,,喉音第一位,平,魚,三
蜍,11,,齒音第五位,平,魚,三
書,11,,齒音第四位,平,魚,三
諸,11,,齒音第一位,平,魚,三
魚,11,,牙音第四位,平,魚,三
渠,11,,牙音第三位,平,魚,三
墟,11,,牙音第二位,平,魚,三
居,11,,牙音第一位,平,魚,三
袽,11,,舌音第四位,平,魚,三
除,11,,舌音第三位,平,魚,三
攄,11,,舌音第二位,平,魚,三
豬,11,,舌音第一位,平,魚,三
徐,11,,齒音第五位,平,魚,四
胥,11,,齒音第四位,平,魚,四
疽,11,,齒音第二位,平,魚,四
苴,11,,齒音第一位,平,魚,四
所,11,,齒音第四位,上,語,二
齟,11,,齒音第三位,上,語,二
楚,11,,齒音第二位,上,語,二
阻,11,,齒音第一位,上,語,二
汝,11,,舌齒音第二位,上,語,三
吕,11,,舌齒音第一位,上,語,三
許,11,,喉音第二位,上,語,三
𢮁,11,,喉音第一位,上,語,三
野,11,,齒音第五位,上,語,三
暑,11,,齒音第四位,上,語,三
紓,11,,齒音第三位,上,語,三
杵,11,,齒音第二位,上,語,三
䰞,11,,齒音第一位,上,語,三
語,11,,牙音第四位,上,語,三
巨,11,,牙音第三位,上,語,三
去,11,,牙音第二位,上,語,三
舉,11,,牙音第一位,上,語,三
女,11,,舌音第四位,上,語,三
佇,11,,舌音第三位,上,語,三
禇,11,,舌音第二位,上,語,三
貯,11,,舌音第一位,上,語,三
與,11,,喉音第四位,上,語,四
敘,11,,齒音第五位,上,語,四
諝,11,,齒音第四位,上,語,四
咀,11,,齒音第三位,上,語,四
𤿚,11,,齒音第二位,上,語,四
苴,11,,齒音第一位,上,語,四
疏,11,,齒音第四位,去,御,二
助,11,,齒音第三位,去,御,二
儊,11,,齒音第二位,去,御,二
詛,11,,齒音第一位,去,御,二
洳,11,,舌齒音第二位,去,御,三
慮,11,,舌齒音第一位,去,御,三
噓,11,,喉音第二位,去,御,三
飫,11,,喉音第一位,去,御,三
署,11,,齒音第五位,去,御,三
恕,11,,齒音第四位,去,御,三
處,11,,齒音第二位,去,御,三
翥,11,,齒音第一位,去,御,三
御,11,,牙音第四位,去,御,三
遽,11,,牙音第三位,去,御,三
去,11,,牙音第二位,去,御,三
據,11,,牙音第一位,去,御,三
女,11,,舌音第四位,去,御,三
箸,11,,舌音第三位,去,御,三
絮,11,,舌音第二位,去,御,三
著,11,,舌音第一位,去,御,三
豫,11,,喉音第四位,去,御,四
屐,11,,齒音第五位,去,御,四
絮,11,,齒音第四位,去,御,四
覷,11,,齒音第二位,去,御,四
怚,11,,齒音第一位,去,御,四
盧,12,,舌齒音第一位,平,模,一
胡,12,,喉音第三位,平,模,一
呼,12,,喉音第二位,平,模,一
烏,12,,喉音第一位,平,模,一
蘓,12,,齒音第四位,平,模,一
徂,12,,齒音第三位,平,模,一
麤,12,,齒音第二位,平,模,一
租,12,,齒音第一位,平,模,一
吾,12,,牙音第四位,平,模,一
枯,12,,牙音第二位,平,模,一
孤,12,,牙音第一位,平,模,一
奴,12,,舌音第四位,平,模,一
徒,12,,舌音第三位,平,模,一
㻌,12,,舌音第二位,平,模,一
都,12,,舌音第一位,平,模,一
模,12,,脣音第四位,平,模,一
蒲,12,,脣音第三位,平,模,一
鋪,12,,脣音第二位,平,模,一
逋,12,,脣音第一位,平,模,一
毹,12,,齒音第四位,平,虞,二
雛,12,,齒音第三位,平,虞,二
芻,12,,齒音第二位,平,虞,二
㑳,12,,齒音第一位,平,虞,二
儒,12,,舌齒音第二位,平,虞,三
慺,12,,舌齒音第一位,平,虞,三
于,12,,喉音第四位,平,虞,三
訏,12,,喉音第二位,平,虞,三
紆,12,,喉音第一位,平,虞,三
殊,12,,齒音第五位,平,虞,三
輸,12,,齒音第四位,平,虞,三
樞,12,,齒音第二位,平,虞,三
朱,12,,齒音第一位,平,虞,三
虞,12,,牙音第四位,平,虞,三
劬,12,,牙音第三位,平,虞,三
區,12,,牙音第二位,平,虞,三
拘,12,,牙音第一位,平,虞,三
廚,12,,舌音第三位,平,虞,三
貙,12,,舌音第二位,平,虞,三
株,12,,舌音第一位,平,虞,三
無,12,,脣音第四位,平,虞,三
符,12,,脣音第三位,平,虞,三
敷,12,,脣音第二位,平,虞,三
膚,12,,脣音第一位,平,虞,三
逾,12,,喉音第四位,平,虞,四
須,12,,齒音第四位,平,虞,四
趨,12,,齒音第二位,平,虞,四
諏,12,,齒音第一位,平,虞,四
魯,12,,舌齒音第一位,上,姥,一
戶,12,,喉音第三位,上,姥,一
虎,12,,喉音第二位,上,姥,一
隖,12,,喉音第一位,上,姥,一
粗,12,,齒音第三位,上,姥,一
蔖,12,,齒音第二位,上,姥,一
祖,12,,齒音第一位,上,姥,一
五,12,,牙音第四位,上,姥,一
苦,12,,牙音第二位,上,姥,一
古,12,,牙音第一位,上,姥,一
努,12,,舌音第四位,上,姥,一
杜,12,,舌音第三位,上,姥,一
土,12,,舌音第二位,上,姥,一
覩,12,,舌音第一位,上,姥,一
姥,12,,脣音第四位,上,姥,一
簿,12,,脣音第三位,上,姥,一
普,12,,脣音第二位,上,姥,一
補,12,,脣音第一位,上,姥,一
數,12,,齒音第四位,上,麌,二
䝒,12,,齒音第三位,上,麌,二
乳,12,,舌齒音第二位,上,麌,三
縷,12,,舌齒音第一位,上,麌,三
羽,12,,喉音第四位,上,麌,三
詡,12,,喉音第二位,上,麌,三
傴,12,,喉音第一位,上,麌,三
豎,12,,齒音第五位,上,麌,三
主,12,,齒音第一位,上,麌,三
麌,12,,牙音第四位,上,麌,三
寠,12,,牙音第三位,上,麌,三
齲,12,,牙音第二位,上,麌,三
矩,12,,牙音第一位,上,麌,三
柱,12,,舌音第三位,上,麌,三
拄,12,,舌音第一位,上,麌,三
武,12,,脣音第四位,上,麌,三
父,12,,脣音第三位,上,麌,三
撫,12,,脣音第二位,上,麌,三
甫,12,,脣音第一位,上,麌,三
庾,12,,喉音第四位,上,麌,四
𦄼,12,,齒音第四位,上,麌,四
聚,12,,齒音第三位,上,麌,四
取,12,,齒音第二位,上,麌,四
路,12,,舌齒音第一位,去,暮,一
護,12,,喉音第三位,去,暮,一
謼,12,,喉音第二位,去,暮,一
汙,12,,喉音第一位,去,暮,一
訴,12,,齒音第四位,去,暮,一
祚,12,,齒音第三位,去,暮,一
庴,12,,齒音第二位,去,暮,一
做,12,,齒音第一位,去,暮,一
誤,12,,牙音第四位,去,暮,一
絝,12,,牙音第二位,去,暮,一
顧,12,,牙音第一位,去,暮,一
笯,12,,舌音第四位,去,暮,一
渡,12,,舌音第三位,去,暮,一
菟,12,,舌音第二位,去,暮,一
妬,12,,舌音第一位,去,暮,一
暮,12,,脣音第四位,去,暮,一
捕,12,,脣音第三位,去,暮,一
怖,12,,脣音第二位,去,暮,一
布,12,,脣音第一位,去,暮,一
捒,12,,齒音第四位,去,遇,二
菆,12,,齒音第二位,去,遇,二
孺,12,,舌齒音第二位,去,遇,三
屢,12,,舌齒音第一位,去,遇,三
芋,12,,喉音第四位,去,遇,三
呴,12,,喉音第二位,去,遇,三
嫗,12,,喉音第一位,去,遇,三
樹,12,,齒音第五位,去,遇,三
戍,12,,齒音第四位,去,遇,三
注,12,,齒音第一位,去,遇,三
遇,12,,牙音第四位,去,遇,三
懼,12,,牙音第三位,去,遇,三
驅,12,,牙音第二位,去,遇,三
住,12,,舌音第三位,去,遇,三
𨳳,12,,舌音第二位,去,遇,三
註,12,,舌音第一位,去,遇,三
務,12,,脣音第四位,去,遇,三
附,12,,脣音第三位,去,遇,三
赴,12,,脣音第二位,去,遇,三
付,12,,脣音第一位,去,遇,三
裕,12,,喉音第四位,去,遇,四
尠,12,,齒音第四位,去,遇,四
聚,12,,齒音第三位,去,遇,四
娶,12,,齒音第二位,去,遇,四
緅,12,,齒音第一位,去,遇,四
來,13,開,舌齒音第一位,平,咍,一
咍,13,開,喉音第二位,平,咍,一
哀,13,開,喉音第一位,平,咍,一
鰓,13,開,齒音第四位,平,咍,一
裁,13,開,齒音第三位,平,咍,一
猜,13,開,齒音第二位,平,咍,一
哉,13,開,齒音第一位,平,咍,一
皚,13,開,牙音第四位,平,咍,一
開,13,開,牙音第二位,平,咍,一
該,13,開,牙音第一位,平,咍,一
能,13,開,舌音第四位,平,咍,一
臺,13,開,舌音第三位,平,咍,一
胎,13,開,舌音第二位,平,咍,一
𪒴,13,開,舌音第一位,平,咍,一
𤗏,13,開,脣音第三位,平,咍,一
𡜊,13,開,脣音第二位,平,咍,一
唻,13,開,舌齒音第一位,平,皆,二
諧,13,開,喉音第三位,平,皆,二
𢓬,13,開,喉音第二位,平,皆,二
𢰇,13,開,喉音第一位,平,皆,二
崽,13,開,齒音第四位,平,皆,二
豺,13,開,齒音第三位,平,皆,二
差,13,開,齒音第二位,平,皆,二
齋,13,開,齒音第一位,平,皆,二
𩂢,13,開,牙音第四位,平,皆,二
揩,13,開,牙音第二位,平,皆,二
皆,13,開,牙音第一位,平,皆,二
搱,13,開,舌音第四位,平,皆,二
搋,13,開,舌音第二位,平,皆,二
𪘨,13,開,舌音第一位,平,皆,二
埋,13,開,脣音第四位,平,皆,二
排,13,開,脣音第三位,平,皆,二
㹗,13,開,齒音第二位,平,咍,三
臡,13,開,舌齒音第二位,平,齊,四
黎,13,開,舌齒音第一位,平,齊,四
兮,13,開,喉音第三位,平,齊,四
醯,13,開,喉音第二位,平,齊,四
鷖,13,開,喉音第一位,平,齊,四
西,13,開,齒音第四位,平,齊,四
齊,13,開,齒音第三位,平,齊,四
妻,13,開,齒音第二位,平,齊,四
齎,13,開,齒音第一位,平,齊,四
倪,13,開,牙音第四位,平,齊,四
谿,13,開,牙音第二位,平,齊,四
雞,13,開,牙音第一位,平,齊,四
泥,13,開,舌音第四位,平,齊,四
題,13,開,舌音第三位,平,齊,四
梯,13,開,舌音第二位,平,齊,四
氐,13,開,舌音第一位,平,齊,四
迷,13,開,脣音第四位,平,齊,四
鼙,13,開,脣音第三位,平,齊,四
批,13,開,脣音第二位,平,齊,四
篦,13,開,脣音第一位,平,齊,四
疓,13,開,舌齒音第二位,上,海,一
𨦂,13,開,舌齒音第一位,上,海,一
佁,13,開,喉音第四位,上,海,一
亥,13,開,喉音第三位,上,海,一
海,13,開,喉音第二位,上,海,一
欸,13,開,喉音第一位,上,海,一
在,13,開,齒音第三位,上,海,一
采,13,開,齒音第二位,上,海,一
宰,13,開,齒音第一位,上,海,一
愷,13,開,牙音第二位,上,海,一
改,13,開,牙音第一位,上,海,一
乃,13,開,舌音第四位,上,海,一
駘,13,開,舌音第三位,上,海,一
㘆,13,開,舌音第二位,上,海,一
等,13,開,舌音第一位,上,海,一
䆀,13,開,脣音第四位,上,海,一
蓓,13,開,脣音第三位,上,海,一
啡,13,開,脣音第二位,上,海,一
俖,13,開,脣音第一位,上,海,一
獺,13,開,舌齒音第一位,上,駭,二
駭,13,開,喉音第三位,上,駭,二
騃,13,開,牙音第四位,上,駭,二
楷,13,開,牙音第二位,上,駭,二
鍇,13,開,牙音第一位,上,駭,二
矲,13,開,脣音第三位,上,駭,二
灑,13,開,齒音第五位,上,海,三
茝,13,開,齒音第二位,上,海,三
禮,13,開,舌齒音第一位,上,薺,四
徯,13,開,喉音第三位,上,薺,四
𠯋,13,開,喉音第一位,上,薺,四
洗,13,開,齒音第四位,上,薺,四
薺,13,開,齒音第三位,上,薺,四
泚,13,開,齒音第二位,上,薺,四
濟,13,開,齒音第一位,上,薺,四
掜,13,開,牙音第四位,上,薺,四
啓,13,開,牙音第二位,上,薺,四
禰,13,開,舌音第四位,上,薺,四
弟,13,開,舌音第三位,上,薺,四
體,13,開,舌音第二位,上,薺,四
邸,13,開,舌音第一位,上,薺,四
米,13,開,脣音第四位,上,薺,四
陛,13,開,脣音第三位,上,薺,四
䫌,13,開,脣音第二位,上,薺,四
㪏,13,開,脣音第一位,上,薺,四
賚,13,開,舌齒音第一位,去,代,一
瀣,13,開,喉音第三位,去,代,一
儗,13,開,喉音第二位,去,代,一
愛,13,開,喉音第一位,去,代,一
賽,13,開,齒音第四位,去,代,一
載,13,開,齒音第三位,去,代,一
菜,13,開,齒音第二位,去,代,一
載,13,開,齒音第一位,去,代,一
礙,13,開,牙音第四位,去,代,一
隑,13,開,牙音第三位,去,代,一
慨,13,開,牙音第二位,去,代,一
溉,13,開,牙音第一位,去,代,一
耐,13,開,舌音第四位,去,代,一
代,13,開,舌音第三位,去,代,一
貸,13,開,舌音第二位,去,代,一
戴,13,開,舌音第一位,去,代,一
䆀,13,開,脣音第四位,去,代,一
𢘥,13,開,脣音第二位,去,代,一
械,13,開,喉音第三位,去,怪,二
譮,13,開,喉音第二位,去,怪,二
噫,13,開,喉音第一位,去,怪,二
瘥,13,開,齒音第二位,去,怪,二
瘵,13,開,齒音第一位,去,怪,二
𦗐,13,開,牙音第四位,去,怪,二
烗,13,開,牙音第二位,去,怪,二
誡,13,開,牙音第一位,去,怪,二
褹,13,開,舌音第四位,去,怪,二
拜,13,開,脣音第一位,去,怪,二
例,13,開,舌齒音第一位,去,祭,三
䋵,13,開,喉音第二位,去,祭,三
逝,13,開,齒音第五位,去,祭,三
丗,13,開,齒音第四位,去,祭,三
掣,13,開,齒音第二位,去,祭,三
制,13,開,齒音第一位,去,祭,三
㓷,13,開,牙音第四位,去,祭,三
偈,13,開,牙音第三位,去,祭,三
憩,13,開,牙音第二位,去,祭,三
猘,13,開,牙音第一位,去,祭,三
滯,13,開,舌音第三位,去,祭,三
跇,13,開,舌音第二位,去,祭,三
㿃,13,開,舌音第一位,去,祭,三
麗,13,開,舌齒音第一位,去,霽,四
蒵,13,開,喉音第三位,去,霽,四
翳,13,開,喉音第一位,去,霽,四
細,13,開,齒音第四位,去,霽,四
嚌,13,開,齒音第三位,去,霽,四
砌,13,開,齒音第二位,去,霽,四
霽,13,開,齒音第一位,去,霽,四
詣,13,開,牙音第四位,去,霽,四
契,13,開,牙音第二位,去,霽,四
計,13,開,牙音第一位,去,霽,四
泥,13,開,舌音第四位,去,霽,四
第,13,開,舌音第三位,去,霽,四
替,13,開,舌音第二位,去,霽,四
帝,13,開,舌音第一位,去,霽,四
謎,13,開,脣音第四位,去,霽,四
薜,13,開,脣音第三位,去,霽,四
媲,13,開,脣音第二位,去,霽,四
閉,13,開,脣音第一位,去,霽,四
㕢,13,開,喉音第三位,去,夬,二
䜕,13,開,喉音第二位,去,夬,二
喝,13,開,喉音第一位,去,夬,二
𠱡,13,開,齒音第四位,去,夬,二
寨,13,開,齒音第三位,去,夬,二
啐,13,開,齒音第二位,去,夬,二
犗,13,開,牙音第一位,去,夬,二
𦤧,13,開,舌音第三位,去,夬,二
𦽳,13,開,舌音第二位,去,夬,二
雷,14,合,舌齒音第一位,平,灰,一
回,14,合,喉音第三位,平,灰,一
灰,14,合,喉音第二位,平,灰,一
隈,14,合,喉音第一位,平,灰,一
𤗯,14,合,齒音第四位,平,灰,一
摧,14,合,齒音第三位,平,灰,一
崔,14,合,齒音第二位,平,灰,一
嗺,14,合,齒音第一位,平,灰,一
鮠,14,合,牙音第四位,平,灰,一
恢,14,合,牙音第二位,平,灰,一
傀,14,合,牙音第一位,平,灰,一
㮃,14,合,舌音第四位,平,灰,一
頹,14,合,舌音第三位,平,灰,一
𨌴,14,合,舌音第二位,平,灰,一
磓,14,合,舌音第一位,平,灰,一
枚,14,合,脣音第四位,平,灰,一
裴,14,合,脣音第三位,平,灰,一
肧,14,合,脣音第二位,平,灰,一
杯,14,合,脣音第一位,平,灰,一
䐯,14,合,舌齒音第一位,平,皆,二
懷,14,合,喉音第三位,平,皆,二
虺,14,合,喉音第二位,平,皆,二
膗,14,合,齒音第三位,平,皆,二
匯,14,合,牙音第二位,平,皆,二
乖,14,合,牙音第一位,平,皆,二
尵,14,合,舌音第三位,平,皆,二
攜,14,合,喉音第三位,平,齊,四
睳,14,合,喉音第二位,平,齊,四
烓,14,合,喉音第一位,平,齊,四
睽,14,合,牙音第二位,平,齊,四
圭,14,合,牙音第一位,平,齊,四
礧,14,合,舌齒音第一位,上,賄,一
倄,14,合,喉音第四位,上,賄,一
瘣,14,合,喉音第三位,上,賄,一
賄,14,合,喉音第二位,上,賄,一
猥,14,合,喉音第一位,上,賄,一
罪,14,合,齒音第三位,上,賄,一
皠,14,合,齒音第二位,上,賄,一
嶊,14,合,齒音第一位,上,賄,一
頠,14,合,牙音第四位,上,賄,一
䫥,14,合,牙音第二位,上,賄,一
餧,14,合,舌音第四位,上,賄,一
鐓,14,合,舌音第三位,上,賄,一
骽,14,合,舌音第二位,上,賄,一
𦞙,14,合,舌音第一位,上,賄,一
浼,14,合,脣音第四位,上,賄,一
琲,14,合,脣音第三位,上,賄,一
𩬳,14,合,舌音第一位,上,駭,二
纇,14,合,舌齒音第一位,去,隊,一
潰,14,合,喉音第三位,去,隊,一
誨,14,合,喉音第二位,去,隊,一
𩲄,14,合,喉音第一位,去,隊,一
碎,14,合,齒音第四位,去,隊,一
倅,14,合,齒音第二位,去,隊,一
晬,14,合,齒音第一位,去,隊,一
磑,14,合,牙音第四位,去,隊,一
鞼,14,合,牙音第三位,去,隊,一
塊,14,合,牙音第二位,去,隊,一
憒,14,合,牙音第一位,去,隊,一
內,14,合,舌音第四位,去,隊,一
隊,14,合,舌音第三位,去,隊,一
退,14,合,舌音第二位,去,隊,一
對,14,合,舌音第一位,去,隊,一
妹,14,合,脣音第四位,去,隊,一
佩,14,合,脣音第三位,去,隊,一
配,14,合,脣音第二位,去,隊,一
背,14,合,脣音第一位,去,隊,一
壞,14,合,喉音第三位,去,怪,二
𧱳,14,合,喉音第二位,去,怪,二
聵,14,合,牙音第四位,去,怪,二
蒯,14,合,牙音第二位,去,怪,二
怪,14,合,牙音第一位,去,怪,二
䀛,14,合,脣音第四位,去,怪,二
憊,14,合,脣音第三位,去,怪,二
湃,14,合,脣音第二位,去,怪,二
拜,14,合,脣音第一位,去,怪,二
芮,14,合,舌齒音第二位,去,祭,三
衛,14,合,喉音第四位,去,祭,三
稅,14,合,齒音第四位,去,祭,三
毳,14,合,齒音第二位,去,祭,三
贅,14,合,齒音第一位,去,祭,三
𥏙,14,合,牙音第二位,去,祭,三
劌,14,合,牙音第一位,去,祭,三
綴,14,合,舌音第一位,去,祭,三
慧,14,合,喉音第三位,去,霽,四
嘒,14,合,喉音第二位,去,霽,四
桂,14,合,牙音第一位,去,霽,四
話,14,合,喉音第三位,去,夬,二
咶,14,合,喉音第二位,去,夬,二
䵳,14,合,喉音第一位,去,夬,二
嘬,14,合,齒音第二位,去,夬,二
快,14,合,牙音第二位,去,夬,二
夬,14,合,牙音第一位,去,夬,二
邁,14,合,脣音第四位,去,夬,二
敗,14,合,脣音第三位,去,夬,二
敗,14,合,脣音第一位,去,夬,二
膎,15,開,喉音第三位,平,佳,二
㗨,15,開,喉音第二位,平,佳,二
娃,15,開,喉音第一位,平,佳,二
崽,15,開,齒音第四位,平,佳,二
柴,15,開,齒音第三位,平,佳,二
釵,15,開,齒音第二位,平,佳,二
崖,15,開,牙音第四位,平,佳,二
𠇗,15,開,牙音第二位,平,佳,二
佳,15,開,牙音第一位,平,佳,二
䍲,15,開,舌音第四位,平,佳,二
扠,15,開,舌音第二位,平,佳,二
䁲,15,開,脣音第四位,平,佳,二
牌,15,開,脣音第三位,平,佳,二
蟹,15,開,喉音第三位,上,蟹,二
矮,15,開,喉音第一位,上,蟹,二
箉,15,開,牙音第三位,上,蟹,二
𦫼,15,開,牙音第二位,上,蟹,二
解,15,開,牙音第一位,上,蟹,二
嬭,15,開,舌音第四位,上,蟹,二
廌,15,開,舌音第三位,上,蟹,二
買,15,開,脣音第四位,上,蟹,二
罷,15,開,脣音第三位,上,蟹,二
擺,15,開,脣音第一位,上,蟹,二
賴,15,開,舌齒音第一位,去,泰,一
害,15,開,喉音第三位,去,泰,一
餀,15,開,喉音第二位,去,泰,一
藹,15,開,喉音第一位,去,泰,一
蔡,15,開,齒音第二位,去,泰,一
艾,15,開,牙音第四位,去,泰,一
磕,15,開,牙音第二位,去,泰,一
蓋,15,開,牙音第一位,去,泰,一
柰,15,開,舌音第四位,去,泰,一
大,15,開,舌音第三位,去,泰,一
太,15,開,舌音第二位,去,泰,一
帶,15,開,舌音第一位,去,泰,一
眜,15,開,脣音第四位,去,泰,一
旆,15,開,脣音第三位,去,泰,一
霈,15,開,脣音第二位,去,泰,一
貝,15,開,脣音第一位,去,泰,一
邂,15,開,喉音第三位,去,卦,二
謑,15,開,喉音第二位,去,卦,二
隘,15,開,喉音第一位,去,卦,二
曬,15,開,齒音第四位,去,卦,二
㾹,15,開,齒音第三位,去,卦,二
差,15,開,齒音第二位,去,卦,二
債,15,開,齒音第一位,去,卦,二
睚,15,開,牙音第四位,去,卦,二
𡢖,15,開,牙音第二位,去,卦,二
懈,15,開,牙音第一位,去,卦,二
㠔,15,開,脣音第一位,去,卦,二
曳,15,開,喉音第四位,去,祭,四
䋵,15,開,喉音第一位,去,祭,四
藝,15,開,牙音第四位,去,祭,四
袂,15,開,脣音第四位,去,祭,四
𡚁,15,開,脣音第三位,去,祭,四
潎,15,開,脣音第二位,去,祭,四
蔽,15,開,脣音第一位,去,祭,四
鼃,16,合,喉音第三位,平,佳,二
竵,16,合,喉音第二位,平,佳,二
蛙,16,合,喉音第一位,平,佳,二
喎,16,合,牙音第二位,平,佳,二
媧,16,合,牙音第一位,平,佳,二
夥,16,合,喉音第三位,上,蟹,二
扮,16,合,喉音第二位,上,蟹,二
㢊,16,合,喉音第一位,上,蟹,二
𠁥,16,合,牙音第一位,上,蟹,二
酹,16,合,舌齒音第一位,去,泰,一
㦣,16,合,喉音第四位,去,泰,一
會,16,合,喉音第三位,去,泰,一
𧬨,16,合,喉音第二位,去,泰,一
懀,16,合,喉音第一位,去,泰,一
𥕸,16,合,齒音第四位,去,泰,一
蕞,16,合,齒音第三位,去,泰,一
襊,16,合,齒音第二位,去,泰,一
最,16,合,齒音第一位,去,泰,一
外,16,合,牙音第四位,去,泰,一
𥢶,16,合,牙音第二位,去,泰,一
儈,16,合,牙音第一位,去,泰,一
兌,16,合,舌音第三位,去,泰,一
娧,16,合,舌音第二位,去,泰,一
祋,16,合,舌音第一位,去,泰,一
卦,16,合,牙音第一位,去,卦,二
膪,16,合,舌音第一位,去,卦,二
賣,16,合,脣音第四位,去,卦,二
稗,16,合,脣音第三位,去,卦,二
派,16,合,脣音第二位,去,卦,二
庍,16,合,脣音第一位,去,卦,二
銳,16,合,喉音第四位,去,祭,四
篲,16,合,齒音第五位,去,祭,四
歲,16,合,齒音第四位,去,祭,四
膬,16,合,齒音第二位,去,祭,四
蕝,16,合,齒音第一位,去,祭,四
瀱,16,合,牙音第一位,去,祭,四
痕,17,開,喉音第三位,平,痕,一
恩,17,開,喉音第一位,平,痕,一
垠,17,開,牙音第四位,平,痕,一
根,17,開,牙音第一位,平,痕,一
吞,17,開,舌音第二位,平,痕,一
莘,17,開,齒音第四位,平,臻,二
𦿒,17,開,齒音第三位,平,臻,二
臻,17,開,齒音第一位,平,臻,二
人,17,開,舌齒音第二位,平,眞,三
鄰,17,開,舌齒音第一位,平,眞,三
囩,17,開,喉音第四位,平,眞,三
𪔗,17,開,喉音第一位,平,眞,三
辰,17,開,齒音第五位,平,眞,三
申,17,開,齒音第四位,平,眞,三
神,17,開,齒音第三位,平,眞,三
瞋,17,開,齒音第二位,平,眞,三
真,17,開,齒音第一位,平,眞,三
銀,17,開,牙音第四位,平,眞,三
𥎊,17,開,牙音第三位,平,眞,三
巾,17,開,牙音第一位,平,眞,三
紉,17,開,舌音第四位,平,眞,三
陳,17,開,舌音第三位,平,眞,三
𤣆,17,開,舌音第二位,平,眞,三
珍,17,開,舌音第一位,平,眞,三
珉,17,開,脣音第四位,平,眞,三
貧,17,開,脣音第三位,平,眞,三
彬,17,開,脣音第一位,平,眞,三
寅,17,開,喉音第四位,平,眞,四
礥,17,開,喉音第三位,平,眞,四
因,17,開,喉音第一位,平,眞,四
辛,17,開,齒音第四位,平,眞,四
秦,17,開,齒音第三位,平,眞,四
親,17,開,齒音第二位,平,眞,四
津,17,開,齒音第一位,平,眞,四
民,17,開,脣音第四位,平,眞,四
頻,17,開,脣音第三位,平,眞,四
繽,17,開,脣音第二位,平,眞,四
賓,17,開,脣音第一位,平,眞,四
很,17,開,喉音第三位,上,很,一
䅰,17,開,喉音第一位,上,很,一
𩝗,17,開,牙音第三位,上,很,一
墾,17,開,牙音第二位,上,很,一
䫀,17,開,牙音第一位,上,很,一
䘆,17,開,喉音第二位,上,軫,二
濜,17,開,齒音第三位,上,軫,二
齔,17,開,齒音第二位,上,軫,二
忍,17,開,舌齒音第二位,上,軫,三
嶙,17,開,舌齒音第一位,上,軫,三
隕,17,開,喉音第四位,上,軫,三
胗,17,開,喉音第二位,上,軫,三
腎,17,開,齒音第五位,上,軫,三
矧,17,開,齒音第四位,上,軫,三
軫,17,開,齒音第一位,上,軫,三
釿,17,開,牙音第四位,上,軫,三
螼,17,開,牙音第二位,上,軫,三
𢀿,17,開,牙音第一位,上,軫,三
紖,17,開,舌音第三位,上,軫,三
辴,17,開,舌音第二位,上,軫,三
屒,17,開,舌音第一位,上,軫,三
愍,17,開,脣音第四位,上,軫,三
引,17,開,喉音第四位,上,軫,四
盡,17,開,齒音第三位,上,軫,四
笉,17,開,齒音第二位,上,軫,四
㯸,17,開,齒音第一位,上,軫,四
緊,17,開,牙音第一位,上,軫,四
泯,17,開,脣音第四位,上,軫,四
牝,17,開,脣音第三位,上,軫,四
恨,17,開,喉音第三位,去,恨,一
䭡,17,開,喉音第一位,去,恨,一
艮,17,開,牙音第一位,去,恨,一
櫬,17,開,齒音第二位,去,震,二
刃,17,開,舌齒音第二位,去,震,三
遴,17,開,舌齒音第一位,去,震,三
慎,17,開,齒音第五位,去,震,三
眒,17,開,齒音第四位,去,震,三
震,17,開,齒音第一位,去,震,三
憖,17,開,牙音第四位,去,震,三
僅,17,開,牙音第三位,去,震,三
菣,17,開,牙音第二位,去,震,三
㧆,17,開,牙音第一位,去,震,三
陣,17,開,舌音第三位,去,震,三
疢,17,開,舌音第二位,去,震,三
鎮,17,開,舌音第一位,去,震,三
酳,17,開,喉音第四位,去,震,四
衅,17,開,喉音第二位,去,震,四
印,17,開,喉音第一位,去,震,四
賮,17,開,齒音第五位,去,震,四
信,17,開,齒音第四位,去,震,四
親,17,開,齒音第二位,去,震,四
𣈆,17,開,齒音第一位,去,震,四
螼,17,開,牙音第二位,去,震,四
呁,17,開,牙音第一位,去,震,四
儐,17,開,脣音第一位,去,震,四
麧,17,開,喉音第三位,入,麧,一
䅱,17,開,牙音第二位,入,麧,一
𥝬,17,開,牙音第一位,入,麧,一
瑟,17,開,齒音第四位,入,櫛,二
𪗨,17,開,齒音第三位,入,櫛,二
櫛,17,開,齒音第一位,入,櫛,二
日,17,開,舌齒音第二位,入,質,三
栗,17,開,舌齒音第一位,入,質,三
䫻,17,開,喉音第四位,入,質,三
肸,17,開,喉音第二位,入,質,三
乙,17,開,喉音第一位,入,質,三
失,17,開,齒音第四位,入,質,三
實,17,開,齒音第三位,入,質,三
叱,17,開,齒音第二位,入,質,三
質,17,開,齒音第一位,入,質,三
耴,17,開,牙音第四位,入,質,三
姞,17,開,牙音第三位,入,質,三
暨,17,開,牙音第一位,入,質,三
暱,17,開,舌音第四位,入,質,三
秩,17,開,舌音第三位,入,質,三
抶,17,開,舌音第二位,入,質,三
窒,17,開,舌音第一位,入,質,三
密,17,開,脣音第四位,入,質,三
弼,17,開,脣音第三位,入,質,三
筆,17,開,脣音第一位,入,質,三
逸,17,開,喉音第四位,入,質,四
欯,17,開,喉音第二位,入,質,四
一,17,開,喉音第一位,入,質,四
悉,17,開,齒音第四位,入,質,四
疾,17,開,齒音第三位,入,質,四
七,17,開,齒音第二位,入,質,四
堲,17,開,齒音第一位,入,質,四
佶,17,開,牙音第三位,入,質,四
詰,17,開,牙音第二位,入,質,四
吉,17,開,牙音第一位,入,質,四
昵,17,開,舌音第四位,入,質,四
姪,17,開,舌音第三位,入,質,四
蛭,17,開,舌音第一位,入,質,四
蜜,17,開,脣音第四位,入,質,四
邲,17,開,脣音第三位,入,質,四
匹,17,開,脣音第二位,入,質,四
必,17,開,脣音第一位,入,質,四
論,18,合,舌齒音第一位,平,䰟,一
䰟,18,合,喉音第三位,平,䰟,一
昏,18,合,喉音第二位,平,䰟,一
温,18,合,喉音第一位,平,䰟,一
孫,18,合,齒音第四位,平,䰟,一
存,18,合,齒音第三位,平,䰟,一
村,18,合,齒音第二位,平,䰟,一
尊,18,合,齒音第一位,平,䰟,一
㑮,18,合,牙音第四位,平,䰟,一
坤,18,合,牙音第二位,平,䰟,一
昆,18,合,牙音第一位,平,䰟,一
黁,18,合,舌音第四位,平,䰟,一
屯,18,合,舌音第三位,平,䰟,一
暾,18,合,舌音第二位,平,䰟,一
敦,18,合,舌音第一位,平,䰟,一
門,18,合,脣音第四位,平,䰟,一
盆,18,合,脣音第三位,平,䰟,一
歕,18,合,脣音第二位,平,䰟,一
奔,18,合,脣音第一位,平,䰟,一
犉,18,合,舌齒音第二位,平,諄,三
淪,18,合,舌齒音第一位,平,諄,三
筠,18,合,喉音第四位,平,諄,三
贇,18,合,喉音第一位,平,諄,三
純,18,合,齒音第五位,平,諄,三
媋,18,合,齒音第四位,平,諄,三
脣,18,合,齒音第三位,平,諄,三
春,18,合,齒音第二位,平,諄,三
諄,18,合,齒音第一位,平,諄,三
囷,18,合,牙音第二位,平,諄,三
麏,18,合,牙音第一位,平,諄,三
䣩,18,合,舌音第三位,平,諄,三
椿,18,合,舌音第二位,平,諄,三
迍,18,合,舌音第一位,平,諄,三
𥖀,18,合,脣音第二位,平,諄,三
勻,18,合,喉音第四位,平,諄,四
奫,18,合,喉音第一位,平,諄,四
旬,18,合,齒音第五位,平,諄,四
荀,18,合,齒音第四位,平,諄,四
鷷,18,合,齒音第三位,平,諄,四
逡,18,合,齒音第二位,平,諄,四
遵,18,合,齒音第一位,平,諄,四
憌,18,合,牙音第三位,平,諄,四
均,18,合,牙音第一位,平,諄,四
𢘵,18,合,舌齒音第一位,上,混,一
混,18,合,喉音第三位,上,混,一
𦃕,18,合,喉音第二位,上,混,一
穩,18,合,喉音第一位,上,混,一
損,18,合,齒音第四位,上,混,一
鱒,18,合,齒音第三位,上,混,一
忖,18,合,齒音第二位,上,混,一
𠟃,18,合,齒音第一位,上,混,一
閫,18,合,牙音第二位,上,混,一
𩩌,18,合,牙音第一位,上,混,一
㶧,18,合,舌音第四位,上,混,一
囤,18,合,舌音第三位,上,混,一
畽,18,合,舌音第二位,上,混,一
懣,18,合,脣音第四位,上,混,一
獖,18,合,脣音第三位,上,混,一
翉,18,合,脣音第二位,上,混,一
本,18,合,脣音第一位,上,混,一
耣,18,合,舌齒音第一位,上,準,三
賰,18,合,齒音第四位,上,準,三
盾,18,合,齒音第三位,上,準,三
蠢,18,合,齒音第二位,上,準,三
準,18,合,齒音第一位,上,準,三
窘,18,合,牙音第三位,上,準,三
稇,18,合,牙音第二位,上,準,三
偆,18,合,舌音第二位,上,準,三
蝡,18,合,舌齒音第二位,上,準,四
尹,18,合,喉音第四位,上,準,四
楯,18,合,齒音第五位,上,準,四
筍,18,合,齒音第四位,上,準,四
論,18,合,舌齒音第一位,去,慁,一
慁,18,合,喉音第三位,去,慁,一
惛,18,合,喉音第二位,去,慁,一
搵,18,合,喉音第一位,去,慁,一
巽,18,合,齒音第四位,去,慁,一
鐏,18,合,齒音第三位,去,慁,一
寸,18,合,齒音第二位,去,慁,一
焌,18,合,齒音第一位,去,慁,一
顐,18,合,牙音第四位,去,慁,一
困,18,合,牙音第二位,去,慁,一
睔,18,合,牙音第一位,去,慁,一
嫩,18,合,舌音第四位,去,慁,一
鈍,18,合,舌音第三位,去,慁,一
頓,18,合,舌音第一位,去,慁,一
悶,18,合,脣音第四位,去,慁,一
坌,18,合,脣音第三位,去,慁,一
噴,18,合,脣音第二位,去,慁,一
奔,18,合,脣音第一位,去,慁,一
閏,18,合,舌齒音第二位,去,稕,三
順,18,合,齒音第五位,去,稕,三
舜,18,合,齒音第四位,去,稕,三
稕,18,合,齒音第一位,去,稕,三
殉,18,合,齒音第五位,去,稕,四
峻,18,合,齒音第四位,去,稕,四
雋,18,合,齒音第一位,去,稕,四
呁,18,合,牙音第一位,去,稕,四
𠀽,18,合,舌齒音第一位,入,沒,一
搰,18,合,喉音第三位,入,沒,一
忽,18,合,喉音第二位,入,沒,一
𩑦,18,合,喉音第一位,入,沒,一
窣,18,合,齒音第四位,入,沒,一
捽,18,合,齒音第三位,入,沒,一
猝,18,合,齒音第二位,入,沒,一
卒,18,合,齒音第一位,入,沒,一
兀,18,合,牙音第四位,入,沒,一
窟,18,合,牙音第二位,入,沒,一
骨,18,合,牙音第一位,入,沒,一
訥,18,合,舌音第四位,入,沒,一
突,18,合,舌音第三位,入,沒,一
宊,18,合,舌音第二位,入,沒,一
咄,18,合,舌音第一位,入,沒,一
沒,18,合,脣音第四位,入,沒,一
勃,18,合,脣音第三位,入,沒,一
䪬,18,合,脣音第二位,入,沒,一
率,18,合,齒音第四位,入,術,二
𠭴,18,合,齒音第一位,入,術,二
律,18,合,舌齒音第一位,入,術,三
術,18,合,齒音第三位,入,術,三
出,18,合,齒音第二位,入,術,三
欪,18,合,齒音第一位,入,術,三
屈,18,合,牙音第三位,入,術,三
术,18,合,舌音第三位,入,術,三
黜,18,合,舌音第二位,入,術,三
㤕,18,合,舌音第一位,入,術,三
聿,18,合,喉音第四位,入,術,四
獝,18,合,喉音第二位,入,術,四
恤,18,合,齒音第四位,入,術,四
崒,18,合,齒音第三位,入,術,四
焌,18,合,齒音第二位,入,術,四
卒,18,合,齒音第一位,入,術,四
橘,18,合,牙音第一位,入,術,四
欣,19,開,喉音第二位,平,欣,三
殷,19,開,喉音第一位,平,欣,三
䖐,19,開,牙音第四位,平,欣,三
勤,19,開,牙音第三位,平,欣,三
斤,19,開,牙音第一位,平,欣,三
䘆,19,開,喉音第二位,上,隱,三
隱,19,開,喉音第一位,上,隱,三
听,19,開,牙音第四位,上,隱,三
近,19,開,牙音第三位,上,隱,三
赾,19,開,牙音第二位,上,隱,三
謹,19,開,牙音第一位,上,隱,三
焮,19,開,喉音第二位,去,焮,三
㒚,19,開,喉音第一位,去,焮,三
垽,19,開,牙音第四位,去,焮,三
近,19,開,牙音第三位,去,焮,三
靳,19,開,牙音第一位,去,焮,三
迄,19,開,喉音第二位,入,迄,三
疙,19,開,牙音第四位,入,迄,三
䞘,19,開,牙音第三位,入,迄,三
乞,19,開,牙音第二位,入,迄,三
訖,19,開,牙音第一位,入,迄,三
雲,20,合,喉音第四位,平,文,三
熏,20,合,喉音第二位,平,文,三
熅,20,合,喉音第一位,平,文,三
群,20,合,牙音第三位,平,文,三
君,20,合,牙音第一位,平,文,三
文,20,合,脣音第四位,平,文,三
汾,20,合,脣音第三位,平,文,三
芬,20,合,脣音第二位,平,文,三
分,20,合,脣音第一位,平,文,三
抎,20,合,喉音第四位,上,吻,三
惲,20,合,喉音第一位,上,吻,三
齳,20,合,牙音第四位,上,吻,三
𧼐,20,合,牙音第二位,上,吻,三
攟,20,合,牙音第一位,上,吻,三
吻,20,合,脣音第四位,上,吻,三
憤,20,合,脣音第三位,上,吻,三
忿,20,合,脣音第二位,上,吻,三
粉,20,合,脣音第一位,上,吻,三
運,20,合,喉音第四位,去,問,三
訓,20,合,喉音第二位,去,問,三
醞,20,合,喉音第一位,去,問,三
郡,20,合,牙音第三位,去,問,三
攈,20,合,牙音第一位,去,問,三
問,20,合,脣音第四位,去,問,三
分,20,合,脣音第三位,去,問,三
糞,20,合,脣音第一位,去,問,三
䬑,20,合,喉音第四位,入,物,三
䬍,20,合,喉音第二位,入,物,三
鬱,20,合,喉音第一位,入,物,三
崛,20,合,牙音第四位,入,物,三
倔,20,合,牙音第三位,入,物,三
屈,20,合,牙音第二位,入,物,三
𠀔,20,合,牙音第一位,入,物,三
物,20,合,脣音第四位,入,物,三
佛,20,合,脣音第三位,入,物,三
拂,20,合,脣音第二位,入,物,三
弗,20,合,脣音第一位,入,物,三
斕,21,開,舌齒音第一位,平,山,二
閑,21,開,喉音第三位,平,山,二
羴,21,開,喉音第二位,平,山,二
黰,21,開,喉音第一位,平,山,二
山,21,開,齒音第四位,平,山,二
虥,21,開,齒音第三位,平,山,二
㺗,21,開,齒音第二位,平,山,二
詽,21,開,牙音第四位,平,山,二
慳,21,開,牙音第二位,平,山,二
閒,21,開,牙音第一位,平,山,二
嘫,21,開,舌音第四位,平,山,二
𤣆,21,開,舌音第三位,平,山,二
譠,21,開,舌音第一位,平,山,二
斒,21,開,脣音第一位,平,山,二
軒,21,開,喉音第二位,平,元,三
蔫,21,開,喉音第一位,平,元,三
言,21,開,牙音第四位,平,元,三
𥴤,21,開,牙音第三位,平,元,三
攑,21,開,牙音第二位,平,元,三
犍,21,開,牙音第一位,平,元,三
延,21,開,喉音第四位,平,仙,四
涎,21,開,齒音第五位,平,仙,四
仙,21,開,齒音第四位,平,仙,四
錢,21,開,齒音第三位,平,仙,四
遷,21,開,齒音第二位,平,仙,四
煎,21,開,齒音第一位,平,仙,四
甄,21,開,牙音第一位,平,仙,四
綿,21,開,脣音第四位,平,仙,四
楩,21,開,脣音第三位,平,仙,四
篇,21,開,脣音第二位,平,仙,四
鞭,21,開,脣音第一位,平,仙,四
限,21,開,喉音第三位,上,產,二
產,21,開,齒音第四位,上,產,二
棧,21,開,齒音第三位,上,產,二
剗,21,開,齒音第二位,上,產,二
醆,21,開,齒音第一位,上,產,二
眼,21,開,牙音第四位,上,產,二
齦,21,開,牙音第二位,上,產,二
簡,21,開,牙音第一位,上,產,二
𥇅,21,開,脣音第四位,上,產,二
阪,21,開,脣音第三位,上,產,二
昄,21,開,脣音第二位,上,產,二
版,21,開,脣音第一位,上,產,二
幰,21,開,喉音第二位,上,阮,三
堰,21,開,喉音第一位,上,阮,三
言,21,開,牙音第四位,上,阮,三
寋,21,開,牙音第三位,上,阮,三
𧥛,21,開,牙音第二位,上,阮,三
犍,21,開,牙音第一位,上,阮,三
演,21,開,喉音第四位,上,獮,四
𦆀,21,開,齒音第五位,上,獮,四
獮,21,開,齒音第四位,上,獮,四
踐,21,開,齒音第三位,上,獮,四
淺,21,開,齒音第二位,上,獮,四
翦,21,開,齒音第一位,上,獮,四
遣,21,開,牙音第二位,上,獮,四
蹇,21,開,牙音第一位,上,獮,四
緬,21,開,脣音第四位,上,獮,四
楩,21,開,脣音第三位,上,獮,四
褊,21,開,脣音第一位,上,獮,四
莧,21,開,喉音第三位,去,襇,二
襇,21,開,牙音第一位,去,襇,二
袒,21,開,舌音第三位,去,襇,二
蔄,21,開,脣音第四位,去,襇,二
瓣,21,開,脣音第三位,去,襇,二
盻,21,開,脣音第二位,去,襇,二
扮,21,開,脣音第一位,去,襇,二
憲,21,開,喉音第二位,去,願,三
堰,21,開,喉音第一位,去,願,三
健,21,開,牙音第三位,去,願,三
建,21,開,牙音第一位,去,願,三
衍,21,開,喉音第四位,去,線,四
羨,21,開,齒音第五位,去,線,四
線,21,開,齒音第四位,去,線,四
賤,21,開,齒音第三位,去,線,四
箭,21,開,齒音第一位,去,線,四
巘,21,開,牙音第四位,去,線,四
譴,21,開,牙音第二位,去,線,四
面,21,開,脣音第四位,去,線,四
便,21,開,脣音第三位,去,線,四
騗,21,開,脣音第二位,去,線,四
徧,21,開,脣音第一位,去,線,四
𩭿,21,開,舌齒音第二位,入,鎋,二
鎋,21,開,喉音第三位,入,鎋,二
瞎,21,開,喉音第二位,入,鎋,二
𪆰,21,開,喉音第一位,入,鎋,二
殺,21,開,齒音第四位,入,鎋,二
剎,21,開,齒音第二位,入,鎋,二
𨰉,21,開,齒音第一位,入,鎋,二
聐,21,開,牙音第四位,入,鎋,二
楬,21,開,牙音第二位,入,鎋,二
𪈟,21,開,牙音第一位,入,鎋,二
𤷈,21,開,舌音第四位,入,鎋,二
獺,21,開,舌音第二位,入,鎋,二
哳,21,開,舌音第一位,入,鎋,二
礣,21,開,脣音第四位,入,鎋,二
捌,21,開,脣音第一位,入,鎋,二
歇,21,開,喉音第二位,入,月,三
揭,21,開,牙音第三位,入,月,三
𥴭,21,開,牙音第二位,入,月,三
訐,21,開,牙音第一位,入,月,三
熱,21,開,舌齒音第二位,入,薛,四
列,21,開,舌齒音第一位,入,薛,四
抴,21,開,喉音第四位,入,薛,四
焆,21,開,喉音第一位,入,薛,四
薛,21,開,齒音第四位,入,薛,四
竊,21,開,齒音第二位,入,薛,四
蠽,21,開,齒音第一位,入,薛,四
孑,21,開,牙音第一位,入,薛,四
滅,21,開,脣音第四位,入,薛,四
蹩,21,開,脣音第三位,入,薛,四
瞥,21,開,脣音第二位,入,薛,四
鷩,21,開,脣音第一位,入,薛,四
𡰠,22,合,舌齒音第一位,平,山,二
湲,22,合,喉音第三位,平,山,二
𡣬,22,合,喉音第一位,平,山,二
拴,22,合,齒音第四位,平,山,二
恮,22,合,齒音第二位,平,山,二
頑,22,合,牙音第四位,平,山,二
𡰝,22,合,牙音第三位,平,山,二
鰥,22,合,牙音第一位,平,山,二
窀,22,合,舌音第三位,平,山,二
袁,22,合,喉音第四位,平,元,三
鴛,22,合,喉音第一位,平,元,三
元,22,合,牙音第四位,平,元,三
樠,22,合,脣音第四位,平,元,三
煩,22,合,脣音第三位,平,元,三
翻,22,合,脣音第二位,平,元,三
蕃,22,合,脣音第一位,平,元,三
㳂,22,合,喉音第四位,平,仙,四
翾,22,合,喉音第二位,平,仙,四
娟,22,合,喉音第一位,平,仙,四
旋,22,合,齒音第五位,平,仙,四
宣,22,合,齒音第四位,平,仙,四
全,22,合,齒音第三位,平,仙,四
詮,22,合,齒音第二位,平,仙,四
鐫,22,合,齒音第一位,平,仙,四
𡰞,22,合,舌音第一位,平,仙,四
遠,22,合,喉音第四位,上,阮,三
暅,22,合,喉音第二位,上,阮,三
婉,22,合,喉音第一位,上,阮,三
阮,22,合,牙音第四位,上,阮,三
𧯦,22,合,牙音第三位,上,阮,三
䅚,22,合,牙音第二位,上,阮,三
卷,22,合,牙音第一位,上,阮,三
晚,22,合,脣音第四位,上,阮,三
飯,22,合,脣音第三位,上,阮,三
反,22,合,脣音第一位,上,阮,三
輭,22,合,舌齒音第二位,上,獮,四
兗,22,合,喉音第四位,上,獮,四
蠉,22,合,喉音第二位,上,獮,四
選,22,合,齒音第四位,上,獮,四
雋,22,合,齒音第三位,上,獮,四
臇,22,合,齒音第一位,上,獮,四
㜏,22,合,牙音第三位,上,獮,四
幻,22,合,喉音第三位,去,襇,二
鰥,22,合,牙音第一位,去,襇,二
遠,22,合,喉音第四位,去,願,三
楦,22,合,喉音第二位,去,願,三
怨,22,合,喉音第一位,去,願,三
願,22,合,牙音第四位,去,願,三
圈,22,合,牙音第三位,去,願,三
券,22,合,牙音第二位,去,願,三
卛,22,合,牙音第一位,去,願,三
万,22,合,脣音第四位,去,願,三
𩚳,22,合,脣音第三位,去,願,三
嬎,22,合,脣音第二位,去,願,三
販,22,合,脣音第一位,去,願,三
掾,22,合,喉音第四位,去,線,四
旋,22,合,齒音第五位,去,線,四
選,22,合,齒音第四位,去,線,四
絹,22,合,牙音第一位,去,線,四
頢,22,合,喉音第三位,入,鎋,二
刷,22,合,齒音第四位,入,鎋,二
䵵,22,合,齒音第二位,入,鎋,二
茁,22,合,齒音第一位,入,鎋,二
刖,22,合,牙音第四位,入,鎋,二
刮,22,合,牙音第一位,入,鎋,二
妠,22,合,舌音第四位,入,鎋,二
䫄,22,合,舌音第二位,入,鎋,二
䫎,22,合,舌音第一位,入,鎋,二
越,22,合,喉音第四位,入,月,三
䬂,22,合,喉音第二位,入,月,三
𡡕,22,合,喉音第一位,入,月,三
月,22,合,牙音第四位,入,月,三
𦪘,22,合,牙音第三位,入,月,三
闕,22,合,牙音第二位,入,月,三
厥,22,合,牙音第一位,入,月,三
爡,22,合,舌音第二位,入,月,三
韤,22,合,脣音第四位,入,月,三
伐,22,合,脣音第三位,入,月,三
㤄,22,合,脣音第二位,入,月,三
髮,22,合,脣音第一位,入,月,三
劣,22,合,舌齒音第一位,入,薛,四
悅,22,合,喉音第四位,入,薛,四
𥄎,22,合,喉音第二位,入,薛,四
妜,22,合,喉音第一位,入,薛,四
㿱,22,合,齒音第五位,入,薛,四
雪,22,合,齒音第四位,入,薛,四
絕,22,合,齒音第三位,入,薛,四
膬,22,合,齒音第二位,入,薛,四
蕝,22,合,齒音第一位,入,薛,四
缺,22,合,牙音第二位,入,薛,四
蘭,23,開,舌齒音第一位,平,寒,一
寒,23,開,喉音第三位,平,寒,一
頇,23,開,喉音第二位,平,寒,一
安,23,開,喉音第一位,平,寒,一
珊,23,開,齒音第四位,平,寒,一
殘,23,開,齒音第三位,平,寒,一
餐,23,開,齒音第二位,平,寒,一
豻,23,開,牙音第四位,平,寒,一
看,23,開,牙音第二位,平,寒,一
干,23,開,牙音第一位,平,寒,一
難,23,開,舌音第四位,平,寒,一
壇,23,開,舌音第三位,平,寒,一
灘,23,開,舌音第二位,平,寒,一
單,23,開,舌音第一位,平,寒,一
刪,23,開,齒音第四位,平,刪,二
潺,23,開,齒音第三位,平,刪,二
顏,23,開,牙音第四位,平,刪,二
馯,23,開,牙音第二位,平,刪,二
姦,23,開,牙音第一位,平,刪,二
然,23,開,舌齒音第二位,平,仙,三
連,23,開,舌齒音第一位,平,仙,三
漹,23,開,喉音第四位,平,仙,三
嘕,23,開,喉音第二位,平,仙,三
焉,23,開,喉音第一位,平,仙,三
鋋,23,開,齒音第五位,平,仙,三
羶,23,開,齒音第四位,平,仙,三
燀,23,開,齒音第二位,平,仙,三
饘,23,開,齒音第一位,平,仙,三
妍,23,開,牙音第四位,平,仙,三
乾,23,開,牙音第三位,平,仙,三
愆,23,開,牙音第二位,平,仙,三
甄,23,開,牙音第一位,平,仙,三
纏,23,開,舌音第三位,平,仙,三
脠,23,開,舌音第二位,平,仙,三
邅,23,開,舌音第一位,平,仙,三
蓮,23,開,舌齒音第一位,平,先,四
賢,23,開,喉音第三位,平,先,四
祆,23,開,喉音第二位,平,先,四
煙,23,開,喉音第一位,平,先,四
先,23,開,齒音第四位,平,先,四
前,23,開,齒音第三位,平,先,四
千,23,開,齒音第二位,平,先,四
箋,23,開,齒音第一位,平,先,四
研,23,開,牙音第四位,平,先,四
牽,23,開,牙音第二位,平,先,四
堅,23,開,牙音第一位,平,先,四
年,23,開,舌音第四位,平,先,四
田,23,開,舌音第三位,平,先,四
天,23,開,舌音第二位,平,先,四
顛,23,開,舌音第一位,平,先,四
眠,23,開,脣音第四位,平,先,四
蹁,23,開,脣音第三位,平,先,四
邊,23,開,脣音第一位,平,先,四
嬾,23,開,舌齒音第一位,上,旱,一
旱,23,開,喉音第三位,上,旱,一
罕,23,開,喉音第二位,上,旱,一
繖,23,開,齒音第四位,上,旱,一
瓚,23,開,齒音第三位,上,旱,一
䰖,23,開,齒音第一位,上,旱,一
侃,23,開,牙音第二位,上,旱,一
笴,23,開,牙音第一位,上,旱,一
攤,23,開,舌音第四位,上,旱,一
但,23,開,舌音第三位,上,旱,一
坦,23,開,舌音第二位,上,旱,一
亶,23,開,舌音第一位,上,旱,一
潸,23,開,齒音第四位,上,潸,二
𪘪,23,開,齒音第三位,上,潸,二
㹽,23,開,齒音第二位,上,潸,二
䩆,23,開,齒音第一位,上,潸,二
𪗙,23,開,牙音第四位,上,潸,二
赧,23,開,舌音第四位,上,潸,二
蹨,23,開,舌齒音第二位,上,獮,三
輦,23,開,舌齒音第一位,上,獮,三
㫃,23,開,喉音第一位,上,獮,三
善,23,開,齒音第五位,上,獮,三
㒄,23,開,齒音第四位,上,獮,三
闡,23,開,齒音第二位,上,獮,三
𦗢,23,開,齒音第一位,上,獮,三
齴,23,開,牙音第四位,上,獮,三
件,23,開,牙音第三位,上,獮,三
蹇,23,開,牙音第一位,上,獮,三
趁,23,開,舌音第四位,上,獮,三
邅,23,開,舌音第三位,上,獮,三
搌,23,開,舌音第二位,上,獮,三
展,23,開,舌音第一位,上,獮,三
免,23,開,脣音第四位,上,獮,三
辨,23,開,脣音第三位,上,獮,三
鴘,23,開,脣音第二位,上,獮,三
辡,23,開,脣音第一位,上,獮,三
峴,23,開,喉音第三位,上,銑,四
顯,23,開,喉音第二位,上,銑,四
蝘,23,開,喉音第一位,上,銑,四
銑,23,開,齒音第四位,上,銑,四
戩,23,開,齒音第一位,上,銑,四
齞,23,開,牙音第四位,上,銑,四
𥧬,23,開,牙音第二位,上,銑,四
繭,23,開,牙音第一位,上,銑,四
撚,23,開,舌音第四位,上,銑,四
殄,23,開,舌音第三位,上,銑,四
腆,23,開,舌音第二位,上,銑,四
典,23,開,舌音第一位,上,銑,四
辯,23,開,脣音第三位,上,銑,四
編,23,開,脣音第一位,上,銑,四
爛,23,開,舌齒音第一位,去,翰,一
翰,23,開,喉音第三位,去,翰,一
漢,23,開,喉音第二位,去,翰,一
按,23,開,喉音第一位,去,翰,一
散,23,開,齒音第四位,去,翰,一
㜺,23,開,齒音第三位,去,翰,一
粲,23,開,齒音第二位,去,翰,一
贊,23,開,齒音第一位,去,翰,一
岸,23,開,牙音第四位,去,翰,一
侃,23,開,牙音第二位,去,翰,一
旰,23,開,牙音第一位,去,翰,一
難,23,開,舌音第四位,去,翰,一
憚,23,開,舌音第三位,去,翰,一
炭,23,開,舌音第二位,去,翰,一
旦,23,開,舌音第一位,去,翰,一
骭,23,開,喉音第三位,去,諫,二
晏,23,開,喉音第一位,去,諫,二
訕,23,開,齒音第四位,去,諫,二
輚,23,開,齒音第三位,去,諫,二
鏟,23,開,齒音第二位,去,諫,二
鴈,23,開,牙音第四位,去,諫,二
諫,23,開,牙音第一位,去,諫,二
㬄,23,開,舌音第二位,去,諫,二
綖,23,開,舌齒音第二位,去,線,三
𤹨,23,開,舌齒音第一位,去,線,三
羨,23,開,喉音第四位,去,線,三
躽,23,開,喉音第一位,去,線,三
繕,23,開,齒音第五位,去,線,三
扇,23,開,齒音第四位,去,線,三
硟,23,開,齒音第二位,去,線,三
戰,23,開,齒音第一位,去,線,三
彥,23,開,牙音第四位,去,線,三
輾,23,開,舌音第四位,去,線,三
邅,23,開,舌音第三位,去,線,三
練,23,開,舌齒音第一位,去,霰,四
見,23,開,喉音第三位,去,霰,四
𩎌,23,開,喉音第二位,去,霰,四
宴,23,開,喉音第一位,去,霰,四
霰,23,開,齒音第四位,去,霰,四
荐,23,開,齒音第三位,去,霰,四
蒨,23,開,齒音第二位,去,霰,四
薦,23,開,齒音第一位,去,霰,四
硯,23,開,牙音第四位,去,霰,四
俔,23,開,牙音第二位,去,霰,四
見,23,開,牙音第一位,去,霰,四
晛,23,開,舌音第四位,去,霰,四
電,23,開,舌音第三位,去,霰,四
瑱,23,開,舌音第二位,去,霰,四
殿,23,開,舌音第一位,去,霰,四
麵,23,開,脣音第四位,去,霰,四
辨,23,開,脣音第三位,去,霰,四
片,23,開,脣音第二位,去,霰,四
徧,23,開,脣音第一位,去,霰,四
剌,23,開,舌齒音第一位,入,曷,一
曷,23,開,喉音第三位,入,曷,一
䫘,23,開,喉音第二位,入,曷,一
遏,23,開,喉音第一位,入,曷,一
躠,23,開,齒音第四位,入,曷,一
巀,23,開,齒音第三位,入,曷,一
攃,23,開,齒音第二位,入,曷,一
嶭,23,開,牙音第四位,入,曷,一
渴,23,開,牙音第二位,入,曷,一
葛,23,開,牙音第一位,入,曷,一
捺,23,開,舌音第四位,入,曷,一
達,23,開,舌音第三位,入,曷,一
闥,23,開,舌音第二位,入,曷,一
怛,23,開,舌音第一位,入,曷,一
䔾,23,開,脣音第四位,入,曷,一
黠,23,開,喉音第三位,入,黠,二
傄,23,開,喉音第二位,入,黠,二
軋,23,開,喉音第一位,入,黠,二
殺,23,開,齒音第四位,入,黠,二
察,23,開,齒音第二位,入,黠,二
札,23,開,齒音第一位,入,黠,二
𧦼,23,開,牙音第二位,入,黠,二
戛,23,開,牙音第一位,入,黠,二
痆,23,開,舌音第四位,入,黠,二
薘,23,開,舌音第三位,入,黠,二
呾,23,開,舌音第一位,入,黠,二
㑻,23,開,脣音第四位,入,黠,二
拔,23,開,脣音第三位,入,黠,二
八,23,開,脣音第一位,入,黠,二
熱,23,開,舌齒音第二位,入,薛,三
烈,23,開,舌齒音第一位,入,薛,三
娎,23,開,喉音第二位,入,薛,三
焆,23,開,喉音第一位,入,薛,三
折,23,開,齒音第五位,入,薛,三
設,23,開,齒音第四位,入,薛,三
舌,23,開,齒音第三位,入,薛,三
掣,23,開,齒音第二位,入,薛,三
折,23,開,齒音第一位,入,薛,三
孽,23,開,牙音第四位,入,薛,三
傑,23,開,牙音第三位,入,薛,三
朅,23,開,牙音第二位,入,薛,三
揭,23,開,牙音第一位,入,薛,三
轍,23,開,舌音第三位,入,薛,三
徹,23,開,舌音第二位,入,薛,三
哲,23,開,舌音第一位,入,薛,三
別,23,開,脣音第三位,入,薛,三
鼈,23,開,脣音第一位,入,薛,三
𥸸,23,開,舌齒音第一位,入,屑,四
纈,23,開,喉音第三位,入,屑,四
㚛,23,開,喉音第二位,入,屑,四
噎,23,開,喉音第一位,入,屑,四
屑,23,開,齒音第四位,入,屑,四
𢧵,23,開,齒音第三位,入,屑,四
切,23,開,齒音第二位,入,屑,四
節,23,開,齒音第一位,入,屑,四
齧,23,開,牙音第四位,入,屑,四
揳,23,開,牙音第二位,入,屑,四
結,23,開,牙音第一位,入,屑,四
涅,23,開,舌音第四位,入,屑,四
姪,23,開,舌音第三位,入,屑,四
鐵,23,開,舌音第二位,入,屑,四
窒,23,開,舌音第一位,入,屑,四
蔑,23,開,脣音第四位,入,屑,四
蹩,23,開,脣音第三位,入,屑,四
瞥,23,開,脣音第二位,入,屑,四
鷩,23,開,脣音第一位,入,屑,四
鑾,24,合,舌齒音第一位,平,桓,一
桓,24,合,喉音第三位,平,桓,一
歡,24,合,喉音第二位,平,桓,一
剜,24,合,喉音第一位,平,桓,一
酸,24,合,齒音第四位,平,桓,一
欑,24,合,齒音第三位,平,桓,一
鑽,24,合,齒音第一位,平,桓,一
岏,24,合,牙音第四位,平,桓,一
寬,24,合,牙音第二位,平,桓,一
官,24,合,牙音第一位,平,桓,一
團,24,合,舌音第三位,平,桓,一
湍,24,合,舌音第二位,平,桓,一
端,24,合,舌音第一位,平,桓,一
瞞,24,合,脣音第四位,平,桓,一
槃,24,合,脣音第三位,平,桓,一
潘,24,合,脣音第二位,平,桓,一
𤳖,24,合,脣音第一位,平,桓,一
還,24,合,喉音第三位,平,刪,二
彎,24,合,喉音第一位,平,刪,二
𤜼,24,合,齒音第三位,平,刪,二
跧,24,合,齒音第一位,平,刪,二
𤸷,24,合,牙音第四位,平,刪,二
關,24,合,牙音第一位,平,刪,二
奻,24,合,舌音第四位,平,刪,二
蠻,24,合,脣音第四位,平,刪,二
攀,24,合,脣音第二位,平,刪,二
班,24,合,脣音第一位,平,刪,二
堧,24,合,舌齒音第二位,平,仙,三
攣,24,合,舌齒音第一位,平,仙,三
員,24,合,喉音第四位,平,仙,三
嬛,24,合,喉音第二位,平,仙,三
遄,24,合,齒音第五位,平,仙,三
船,24,合,齒音第三位,平,仙,三
穿,24,合,齒音第二位,平,仙,三
專,24,合,齒音第一位,平,仙,三
權,24,合,牙音第三位,平,仙,三
棬,24,合,牙音第二位,平,仙,三
勬,24,合,牙音第一位,平,仙,三
玄,24,合,喉音第三位,平,先,四
儇,24,合,喉音第二位,平,先,四
淵,24,合,喉音第一位,平,先,四
涓,24,合,牙音第一位,平,先,四
邊,24,合,脣音第一位,平,先,四
𡖉,24,合,舌齒音第一位,上,緩,一
緩,24,合,喉音第三位,上,緩,一
𤀣,24,合,喉音第二位,上,緩,一
椀,24,合,喉音第一位,上,緩,一
算,24,合,齒音第四位,上,緩,一
鄼,24,合,齒音第三位,上,緩,一
纂,24,合,齒音第一位,上,緩,一
輐,24,合,牙音第四位,上,緩,一
款,24,合,牙音第二位,上,緩,一
管,24,合,牙音第一位,上,緩,一
暖,24,合,舌音第四位,上,緩,一
斷,24,合,舌音第三位,上,緩,一
疃,24,合,舌音第二位,上,緩,一
短,24,合,舌音第一位,上,緩,一
滿,24,合,脣音第四位,上,緩,一
伴,24,合,脣音第三位,上,緩,一
坢,24,合,脣音第二位,上,緩,一
粄,24,合,脣音第一位,上,緩,一
睆,24,合,喉音第三位,上,潸,二
綰,24,合,喉音第一位,上,潸,二
撰,24,合,齒音第三位,上,潸,二
羼,24,合,齒音第二位,上,潸,二
矕,24,合,脣音第四位,上,潸,二
阪,24,合,脣音第三位,上,潸,二
眅,24,合,脣音第二位,上,潸,二
版,24,合,脣音第一位,上,潸,二
腝,24,合,舌齒音第二位,上,獮,三
臠,24,合,舌齒音第一位,上,獮,三
宛,24,合,喉音第一位,上,獮,三
膞,24,合,齒音第四位,上,獮,三
舛,24,合,齒音第二位,上,獮,三
剸,24,合,齒音第一位,上,獮,三
圈,24,合,牙音第三位,上,獮,三
卷,24,合,牙音第一位,上,獮,三
篆,24,合,舌音第三位,上,獮,三
轉,24,合,舌音第一位,上,獮,三
泫,24,合,喉音第三位,上,銑,四
蜎,24,合,喉音第一位,上,銑,四
旋,24,合,齒音第四位,上,銑,四
犬,24,合,牙音第二位,上,銑,四
畎,24,合,牙音第一位,上,銑,四
亂,24,合,舌齒音第一位,去,換,一
換,24,合,喉音第三位,去,換,一
喚,24,合,喉音第二位,去,換,一
惋,24,合,喉音第一位,去,換,一
筭,24,合,齒音第四位,去,換,一
攢,24,合,齒音第三位,去,換,一
竄,24,合,齒音第二位,去,換,一
䂎,24,合,齒音第一位,去,換,一
玩,24,合,牙音第四位,去,換,一
䥗,24,合,牙音第二位,去,換,一
貫,24,合,牙音第一位,去,換,一
偄,24,合,舌音第四位,去,換,一
段,24,合,舌音第三位,去,換,一
彖,24,合,舌音第二位,去,換,一
鍛,24,合,舌音第一位,去,換,一
縵,24,合,脣音第四位,去,換,一
叛,24,合,脣音第三位,去,換,一
判,24,合,脣音第二位,去,換,一
半,24,合,脣音第一位,去,換,一
患,24,合,喉音第三位,去,諫,二
綰,24,合,喉音第一位,去,諫,二
㝈,24,合,齒音第四位,去,諫,二
饌,24,合,齒音第三位,去,諫,二
篡,24,合,齒音第二位,去,諫,二
薍,24,合,牙音第四位,去,諫,二
䟒,24,合,牙音第三位,去,諫,二
慣,24,合,牙音第一位,去,諫,二
奻,24,合,舌音第四位,去,諫,二
慢,24,合,脣音第四位,去,諫,二
襻,24,合,脣音第二位,去,諫,二
𤲬,24,合,舌齒音第二位,去,線,三
戀,24,合,舌齒音第一位,去,線,三
瑗,24,合,喉音第四位,去,線,三
縣,24,合,喉音第三位,去,線,三
𢮨,24,合,齒音第五位,去,線,三
釧,24,合,齒音第二位,去,線,三
剸,24,合,齒音第一位,去,線,三
倦,24,合,牙音第三位,去,線,三
䄐,24,合,牙音第二位,去,線,三
眷,24,合,牙音第一位,去,線,三
傳,24,合,舌音第三位,去,線,三
猭,24,合,舌音第二位,去,線,三
囀,24,合,舌音第一位,去,線,三
卞,24,合,脣音第三位,去,線,三
變,24,合,脣音第一位,去,線,三
絢,24,合,喉音第二位,去,霰,四
䬼,24,合,喉音第一位,去,霰,四
睊,24,合,牙音第一位,去,霰,四
捋,24,合,舌齒音第一位,入,末,一
活,24,合,喉音第三位,入,末,一
豁,24,合,喉音第二位,入,末,一
斡,24,合,喉音第一位,入,末,一
𠞯,24,合,齒音第四位,入,末,一
柮,24,合,齒音第三位,入,末,一
撮,24,合,齒音第二位,入,末,一
繓,24,合,齒音第一位,入,末,一
枂,24,合,牙音第四位,入,末,一
闊,24,合,牙音第二位,入,末,一
括,24,合,牙音第一位,入,末,一
奪,24,合,舌音第三位,入,末,一
侻,24,合,舌音第二位,入,末,一
掇,24,合,舌音第一位,入,末,一
末,24,合,脣音第四位,入,末,一
跋,24,合,脣音第三位,入,末,一
潑,24,合,脣音第二位,入,末,一
撥,24,合,脣音第一位,入,末,一
滑,24,合,喉音第三位,入,黠,二
𠋚,24,合,喉音第二位,入,黠,二
刷,24,合,齒音第四位,入,黠,二
茁,24,合,齒音第一位,入,黠,二
𦤙,24,合,牙音第四位,入,黠,二
䯇,24,合,牙音第二位,入,黠,二
劀,24,合,牙音第一位,入,黠,二
豽,24,合,舌音第四位,入,黠,二
窡,24,合,舌音第一位,入,黠,二
㑻,24,合,脣音第四位,入,黠,二
拔,24,合,脣音第三位,入,黠,二
汃,24,合,脣音第二位,入,黠,二
八,24,合,脣音第一位,入,黠,二
𬋖,24,合,舌齒音第二位,入,薛,三
劣,24,合,舌齒音第一位,入,薛,三
噦,24,合,喉音第一位,入,薛,三
說,24,合,齒音第四位,入,薛,三
歠,24,合,齒音第二位,入,薛,三
拙,24,合,齒音第一位,入,薛,三
蹶,24,合,牙音第一位,入,薛,三
吶,24,合,舌音第四位,入,薛,三
𤿫,24,合,舌音第二位,入,薛,三
輟,24,合,舌音第一位,入,薛,三
穴,24,合,喉音第三位,入,屑,四
血,24,合,喉音第二位,入,屑,四
抉,24,合,喉音第一位,入,屑,四
闋,24,合,牙音第二位,入,屑,四
玦,24,合,牙音第一位,入,屑,四
勞,25,,舌齒音第一位,平,豪,一
豪,25,,喉音第三位,平,豪,一
蒿,25,,喉音第二位,平,豪,一
䥝,25,,喉音第一位,平,豪,一
騷,25,,齒音第四位,平,豪,一
曹,25,,齒音第三位,平,豪,一
操,25,,齒音第二位,平,豪,一
糟,25,,齒音第一位,平,豪,一
敖,25,,牙音第四位,平,豪,一
尻,25,,牙音第二位,平,豪,一
高,25,,牙音第一位,平,豪,一
猱,25,,舌音第四位,平,豪,一
陶,25,,舌音第三位,平,豪,一
饕,25,,舌音第二位,平,豪,一
刀,25,,舌音第一位,平,豪,一
毛,25,,脣音第四位,平,豪,一
袍,25,,脣音第三位,平,豪,一
㯱,25,,脣音第二位,平,豪,一
襃,25,,脣音第一位,平,豪,一
顟,25,,舌齒音第一位,平,肴,二
肴,25,,喉音第三位,平,肴,二
虓,25,,喉音第二位,平,肴,二
䫜,25,,喉音第一位,平,肴,二
梢,25,,齒音第四位,平,肴,二
巢,25,,齒音第三位,平,肴,二
䜈,25,,齒音第二位,平,肴,二
𦗔,25,,齒音第一位,平,肴,二
聱,25,,牙音第四位,平,肴,二
敲,25,,牙音第二位,平,肴,二
交,25,,牙音第一位,平,肴,二
鐃,25,,舌音第四位,平,肴,二
䄻,25,,舌音第三位,平,肴,二
䫸,25,,舌音第二位,平,肴,二
啁,25,,舌音第一位,平,肴,二
茅,25,,脣音第四位,平,肴,二
庖,25,,脣音第三位,平,肴,二
胞,25,,脣音第二位,平,肴,二
包,25,,脣音第一位,平,肴,二
饒,25,,舌齒音第二位,平,宵,三
僚,25,,舌齒音第一位,平,宵,三
鴞,25,,喉音第四位,平,宵,三
囂,25,,喉音第二位,平,宵,三
妖,25,,喉音第一位,平,宵,三
韶,25,,齒音第五位,平,宵,三
燒,25,,齒音第四位,平,宵,三
弨,25,,齒音第二位,平,宵,三
昭,25,,齒音第一位,平,宵,三
堯,25,,牙音第四位,平,宵,三
喬,25,,牙音第三位,平,宵,三
蹻,25,,牙音第二位,平,宵,三
驕,25,,牙音第一位,平,宵,三
晁,25,,舌音第三位,平,宵,三
超,25,,舌音第二位,平,宵,三
朝,25,,舌音第一位,平,宵,三
苗,25,,脣音第四位,平,宵,三
藨,25,,脣音第二位,平,宵,三
鑣,25,,脣音第一位,平,宵,三
聊,25,,舌齒音第一位,平,蕭,四
膮,25,,喉音第二位,平,蕭,四
幺,25,,喉音第一位,平,蕭,四
蕭,25,,齒音第四位,平,蕭,四
嶢,25,,牙音第四位,平,蕭,四
鄡,25,,牙音第二位,平,蕭,四
驍,25,,牙音第一位,平,蕭,四
迢,25,,舌音第三位,平,蕭,四
挑,25,,舌音第二位,平,蕭,四
貂,25,,舌音第一位,平,蕭,四
老,25,,舌齒音第一位,上,晧,一
晧,25,,喉音第三位,上,晧,一
好,25,,喉音第二位,上,晧,一
襖,25,,喉音第一位,上,晧,一
㛮,25,,齒音第四位,上,晧,一
皁,25,,齒音第三位,上,晧,一
草,25,,齒音第二位,上,晧,一
早,25,,齒音第一位,上,晧,一
𦽀,25,,牙音第四位,上,晧,一
考,25,,牙音第二位,上,晧,一
暠,25,,牙音第一位,上,晧,一
腦,25,,舌音第四位,上,晧,一
道,25,,舌音第三位,上,晧,一
討,25,,舌音第二位,上,晧,一
倒,25,,舌音第一位,上,晧,一
蓩,25,,脣音第四位,上,晧,一
抱,25,,脣音第三位,上,晧,一
犥,25,,脣音第二位,上,晧,一
寶,25,,脣音第一位,上,晧,一
澩,25,,喉音第三位,上,巧,二
拗,25,,喉音第一位,上,巧,二
䰫,25,,齒音第三位,上,巧,二
煼,25,,齒音第二位,上,巧,二
爪,25,,齒音第一位,上,巧,二
齩,25,,牙音第四位,上,巧,二
巧,25,,牙音第二位,上,巧,二
絞,25,,牙音第一位,上,巧,二
㺒,25,,舌音第四位,上,巧,二
䝤,25,,舌音第一位,上,巧,二
卯,25,,脣音第四位,上,巧,二
鮑,25,,脣音第三位,上,巧,二
飽,25,,脣音第一位,上,巧,二
擾,25,,舌齒音第二位,上,小,三
繚,25,,舌齒音第一位,上,小,三
殀,25,,喉音第一位,上,小,三
紹,25,,齒音第五位,上,小,三
少,25,,齒音第四位,上,小,三
𪍑,25,,齒音第二位,上,小,三
沼,25,,齒音第一位,上,小,三
𩯘,25,,牙音第三位,上,小,三
矯,25,,牙音第一位,上,小,三
趙,25,,舌音第三位,上,小,三
巐,25,,舌音第二位,上,小,三
藨,25,,脣音第三位,上,小,三
麃,25,,脣音第二位,上,小,三
表,25,,脣音第一位,上,小,三
了,25,,舌齒音第一位,上,篠,四
皛,25,,喉音第三位,上,篠,四
曉,25,,喉音第二位,上,篠,四
杳,25,,喉音第一位,上,篠,四
篠,25,,齒音第四位,上,篠,四
湫,25,,齒音第一位,上,篠,四
磽,25,,牙音第二位,上,篠,四
皎,25,,牙音第一位,上,篠,四
嬲,25,,舌音第四位,上,篠,四
窕,25,,舌音第三位,上,篠,四
朓,25,,舌音第二位,上,篠,四
鳥,25,,舌音第一位,上,篠,四
嫪,25,,舌齒音第一位,去,号,一
號,25,,喉音第三位,去,号,一
秏,25,,喉音第二位,去,号,一
奧,25,,喉音第一位,去,号,一
喿,25,,齒音第四位,去,号,一
漕,25,,齒音第三位,去,号,一
操,25,,齒音第二位,去,号,一
竈,25,,齒音第一位,去,号,一
傲,25,,牙音第四位,去,号,一
𩝝,25,,牙音第二位,去,号,一
誥,25,,牙音第一位,去,号,一
腝,25,,舌音第四位,去,号,一
導,25,,舌音第三位,去,号,一
到,25,,舌音第一位,去,号,一
帽,25,,脣音第四位,去,号,一
暴,25,,脣音第三位,去,号,一
報,25,,脣音第一位,去,号,一
效,25,,喉音第三位,去,效,二
孝,25,,喉音第二位,去,效,二
稍,25,,齒音第四位,去,效,二
巢,25,,齒音第三位,去,效,二
抄,25,,齒音第二位,去,效,二
抓,25,,齒音第一位,去,效,二
樂,25,,牙音第四位,去,效,二
敲,25,,牙音第二位,去,效,二
教,25,,牙音第一位,去,效,二
橈,25,,舌音第四位,去,效,二
棹,25,,舌音第三位,去,效,二
趠,25,,舌音第二位,去,效,二
罩,25,,舌音第一位,去,效,二
𧳖,25,,脣音第四位,去,效,二
𦫗,25,,脣音第三位,去,效,二
奅,25,,脣音第二位,去,效,二
豹,25,,脣音第一位,去,效,二
饒,25,,舌齒音第二位,去,笑,三
療,25,,舌齒音第一位,去,笑,三
邵,25,,齒音第五位,去,笑,三
少,25,,齒音第四位,去,笑,三
照,25,,齒音第一位,去,笑,三
嶠,25,,牙音第三位,去,笑,三
驕,25,,牙音第一位,去,笑,三
召,25,,舌音第三位,去,笑,三
脁,25,,舌音第二位,去,笑,三
廟,25,,脣音第四位,去,笑,三
𩕐,25,,舌齒音第一位,去,嘯,四
㱇,25,,喉音第二位,去,嘯,四
窔,25,,喉音第一位,去,嘯,四
嘯,25,,齒音第四位,去,嘯,四
顤,25,,牙音第四位,去,嘯,四
竅,25,,牙音第二位,去,嘯,四
呌,25,,牙音第一位,去,嘯,四
尿,25,,舌音第四位,去,嘯,四
藋,25,,舌音第三位,去,嘯,四
糶,25,,舌音第二位,去,嘯,四
弔,25,,舌音第一位,去,嘯,四
遙,26,,喉音第四位,平,霄,四
葽,26,,喉音第一位,平,霄,四
霄,26,,齒音第四位,平,霄,四
樵,26,,齒音第三位,平,霄,四
鍫,26,,齒音第二位,平,霄,四
焦,26,,齒音第一位,平,霄,四
翹,26,,牙音第三位,平,霄,四
蹻,26,,牙音第二位,平,霄,四
蜱,26,,脣音第四位,平,霄,四
瓢,26,,脣音第三位,平,霄,四
漂,26,,脣音第二位,平,霄,四
飆,26,,脣音第一位,平,霄,四
鷕,26,,喉音第四位,上,小,四
闄,26,,喉音第一位,上,小,四
小,26,,齒音第四位,上,小,四
𤃭,26,,齒音第三位,上,小,四
悄,26,,齒音第二位,上,小,四
剿,26,,齒音第一位,上,小,四
𥃧,26,,牙音第一位,上,小,四
眇,26,,脣音第四位,上,小,四
摽,26,,脣音第三位,上,小,四
縹,26,,脣音第二位,上,小,四
褾,26,,脣音第一位,上,小,四
燿,26,,喉音第四位,去,𥬇,四
要,26,,喉音第一位,去,𥬇,四
𥬇,26,,齒音第四位,去,𥬇,四
噍,26,,齒音第三位,去,𥬇,四
陗,26,,齒音第二位,去,𥬇,四
醮,26,,齒音第一位,去,𥬇,四
趬,26,,牙音第四位,去,𥬇,四
翹,26,,牙音第三位,去,𥬇,四
𧇠,26,,牙音第二位,去,𥬇,四
妙,26,,脣音第四位,去,𥬇,四
驃,26,,脣音第三位,去,𥬇,四
剽,26,,脣音第二位,去,𥬇,四
羅,27,開,舌齒音第一位,平,歌,一
何,27,開,喉音第三位,平,歌,一
訶,27,開,喉音第二位,平,歌,一
阿,27,開,喉音第一位,平,歌,一
娑,27,開,齒音第四位,平,歌,一
醝,27,開,齒音第三位,平,歌,一
蹉,27,開,齒音第二位,平,歌,一
莪,27,開,牙音第四位,平,歌,一
珂,27,開,牙音第二位,平,歌,一
歌,27,開,牙音第一位,平,歌,一
那,27,開,舌音第四位,平,歌,一
駝,27,開,舌音第三位,平,歌,一
他,27,開,舌音第二位,平,歌,一
多,27,開,舌音第一位,平,歌,一
砢,27,開,舌齒音第一位,上,哿,一
荷,27,開,喉音第三位,上,哿,一
㰤,27,開,喉音第二位,上,哿,一
𨵌,27,開,喉音第一位,上,哿,一
縒,27,開,齒音第四位,上,哿,一
瑳,27,開,齒音第二位,上,哿,一
左,27,開,齒音第一位,上,哿,一
我,27,開,牙音第四位,上,哿,一
可,27,開,牙音第二位,上,哿,一
哿,27,開,牙音第一位,上,哿,一
橠,27,開,舌音第四位,上,哿,一
爹,27,開,舌音第三位,上,哿,一
癉,27,開,舌音第一位,上,哿,一
邏,27,開,舌齒音第一位,去,箇,一
賀,27,開,喉音第三位,去,箇,一
呵,27,開,喉音第二位,去,箇,一
些,27,開,齒音第四位,去,箇,一
磋,27,開,齒音第二位,去,箇,一
佐,27,開,齒音第一位,去,箇,一
餓,27,開,牙音第四位,去,箇,一
坷,27,開,牙音第二位,去,箇,一
箇,27,開,牙音第一位,去,箇,一
奈,27,開,舌音第四位,去,箇,一
馱,27,開,舌音第三位,去,箇,一
拖,27,開,舌音第二位,去,箇,一
跢,27,開,舌音第一位,去,箇,一
𩼊,28,合,舌齒音第一位,平,戈,一
和,28,合,喉音第三位,平,戈,一
倭,28,合,喉音第一位,平,戈,一
莎,28,合,齒音第四位,平,戈,一
矬,28,合,齒音第三位,平,戈,一
遳,28,合,齒音第二位,平,戈,一
侳,28,合,齒音第一位,平,戈,一
訛,28,合,牙音第四位,平,戈,一
科,28,合,牙音第二位,平,戈,一
戈,28,合,牙音第一位,平,戈,一
捼,28,合,舌音第四位,平,戈,一
㸰,28,合,舌音第三位,平,戈,一
詑,28,合,舌音第二位,平,戈,一
𨹃,28,合,舌音第一位,平,戈,一
摩,28,合,脣音第四位,平,戈,一
婆,28,合,脣音第三位,平,戈,一
頗,28,合,脣音第二位,平,戈,一
波,28,合,脣音第一位,平,戈,一
靴,28,合,喉音第二位,平,戈,三
𦚢,28,合,喉音第一位,平,戈,三
瘸,28,合,牙音第三位,平,戈,三
𩩆,28,合,牙音第二位,平,戈,三
躶,28,合,舌齒音第一位,上,果,一
禍,28,合,喉音第三位,上,果,一
火,28,合,喉音第二位,上,果,一
婐,28,合,喉音第一位,上,果,一
鎖,28,合,齒音第四位,上,果,一
坐,28,合,齒音第三位,上,果,一
脞,28,合,齒音第二位,上,果,一
硰,28,合,齒音第一位,上,果,一
𡜮,28,合,牙音第四位,上,果,一
顆,28,合,牙音第二位,上,果,一
果,28,合,牙音第一位,上,果,一
㛂,28,合,舌音第四位,上,果,一
妥,28,合,舌音第二位,上,果,一
朶,28,合,舌音第一位,上,果,一
麼,28,合,脣音第四位,上,果,一
爸,28,合,脣音第三位,上,果,一
叵,28,合,脣音第二位,上,果,一
跛,28,合,脣音第一位,上,果,一
𡰠,28,合,舌齒音第一位,去,過,一
和,28,合,喉音第三位,去,過,一
貨,28,合,喉音第二位,去,過,一
涴,28,合,喉音第一位,去,過,一
䐝,28,合,齒音第四位,去,過,一
座,28,合,齒音第三位,去,過,一
剉,28,合,齒音第二位,去,過,一
挫,28,合,齒音第一位,去,過,一
臥,28,合,牙音第四位,去,過,一
課,28,合,牙音第二位,去,過,一
過,28,合,牙音第一位,去,過,一
愞,28,合,舌音第四位,去,過,一
惰,28,合,舌音第三位,去,過,一
唾,28,合,舌音第二位,去,過,一
桗,28,合,舌音第一位,去,過,一
磨,28,合,脣音第四位,去,過,一
縛,28,合,脣音第三位,去,過,一
破,28,合,脣音第二位,去,過,一
播,28,合,脣音第一位,去,過,一
遐,29,開,喉音第三位,平,麻,二
煆,29,開,喉音第二位,平,麻,二
鵶,29,開,喉音第一位,平,麻,二
鯊,29,開,齒音第四位,平,麻,二
楂,29,開,齒音第三位,平,麻,二
叉,29,開,齒音第二位,平,麻,二
樝,29,開,齒音第一位,平,麻,二
牙,29,開,牙音第四位,平,麻,二
䶗,29,開,牙音第二位,平,麻,二
嘉,29,開,牙音第一位,平,麻,二
拏,29,開,舌音第四位,平,麻,二
茶,29,開,舌音第三位,平,麻,二
侘,29,開,舌音第二位,平,麻,二
奓,29,開,舌音第一位,平,麻,二
麻,29,開,脣音第四位,平,麻,二
爬,29,開,脣音第三位,平,麻,二
葩,29,開,脣音第二位,平,麻,二
巴,29,開,脣音第一位,平,麻,二
若,29,開,舌齒音第二位,平,麻,三
儸,29,開,舌齒音第一位,平,麻,三
闍,29,開,齒音第五位,平,麻,三
奢,29,開,齒音第四位,平,麻,三
蛇,29,開,齒音第三位,平,麻,三
車,29,開,齒音第二位,平,麻,三
遮,29,開,齒音第一位,平,麻,三
耶,29,開,喉音第四位,平,麻,四
邪,29,開,齒音第五位,平,麻,四
些,29,開,齒音第四位,平,麻,四
㚗,29,開,齒音第三位,平,麻,四
嗟,29,開,齒音第一位,平,麻,四
爹,29,開,舌音第一位,平,麻,四
䖃,29,開,舌齒音第一位,上,馬,二
下,29,開,喉音第三位,上,馬,二
㗿,29,開,喉音第二位,上,馬,二
啞,29,開,喉音第一位,上,馬,二
灑,29,開,齒音第四位,上,馬,二
槎,29,開,齒音第三位,上,馬,二
鮓,29,開,齒音第一位,上,馬,二
雅,29,開,牙音第四位,上,馬,二
跒,29,開,牙音第二位,上,馬,二
賈,29,開,牙音第一位,上,馬,二
䋈,29,開,舌音第四位,上,馬,二
奼,29,開,舌音第二位,上,馬,二
觰,29,開,舌音第一位,上,馬,二
馬,29,開,脣音第四位,上,馬,二
跁,29,開,脣音第三位,上,馬,二
把,29,開,脣音第一位,上,馬,二
若,29,開,舌齒音第二位,上,馬,三
社,29,開,齒音第五位,上,馬,三
捨,29,開,齒音第四位,上,馬,三
者,29,開,齒音第一位,上,馬,三
野,29,開,喉音第四位,上,馬,四
灺,29,開,齒音第五位,上,馬,四
寫,29,開,齒音第四位,上,馬,四
抯,29,開,齒音第三位,上,馬,四
且,29,開,齒音第二位,上,馬,四
姐,29,開,齒音第一位,上,馬,四
暇,29,開,喉音第三位,去,禡,二
嚇,29,開,喉音第二位,去,禡,二
亞,29,開,喉音第一位,去,禡,二
嗄,29,開,齒音第四位,去,禡,二
乍,29,開,齒音第三位,去,禡,二
詐,29,開,齒音第一位,去,禡,二
迓,29,開,牙音第四位,去,禡,二
髂,29,開,牙音第二位,去,禡,二
駕,29,開,牙音第一位,去,禡,二
䏧,29,開,舌音第四位,去,禡,二
䖳,29,開,舌音第三位,去,禡,二
詫,29,開,舌音第二位,去,禡,二
吒,29,開,舌音第一位,去,禡,二
禡,29,開,脣音第四位,去,禡,二
𥝧,29,開,脣音第三位,去,禡,二
怕,29,開,脣音第二位,去,禡,二
霸,29,開,脣音第一位,去,禡,二
偌,29,開,舌齒音第二位,去,禡,三
舍,29,開,齒音第四位,去,禡,三
射,29,開,齒音第三位,去,禡,三
䞣,29,開,齒音第二位,去,禡,三
柘,29,開,齒音第一位,去,禡,三
夜,29,開,喉音第四位,去,禡,四
謝,29,開,齒音第五位,去,禡,四
蝑,29,開,齒音第四位,去,禡,四
褯,29,開,齒音第三位,去,禡,四
笡,29,開,齒音第二位,去,禡,四
唶,29,開,齒音第一位,去,禡,四
㰤,29,開,牙音第二位,去,禡,四
華,30,合,喉音第三位,平,麻,二
花,30,合,喉音第二位,平,麻,二
窊,30,合,喉音第一位,平,麻,二
髽,30,合,齒音第一位,平,麻,二
𣢉,30,合,牙音第四位,平,麻,二
誇,30,合,牙音第二位,平,麻,二
瓜,30,合,牙音第一位,平,麻,二
檛,30,合,舌音第一位,平,麻,二
踝,30,合,喉音第三位,上,馬,二
搲,30,合,喉音第一位,上,馬,二
葰,30,合,齒音第三位,上,馬,二
䂳,30,合,齒音第二位,上,馬,二
𡎬,30,合,齒音第一位,上,馬,二
瓦,30,合,牙音第四位,上,馬,二
髁,30,合,牙音第二位,上,馬,二
寡,30,合,牙音第一位,上,馬,二
觰,30,合,舌音第一位,上,馬,二
㕦,30,合,喉音第三位,去,禡,二
化,30,合,喉音第二位,去,禡,二
攨,30,合,喉音第一位,去,禡,二
誜,30,合,齒音第四位,去,禡,二
瓦,30,合,牙音第四位,去,禡,二
跨,30,合,牙音第二位,去,禡,二
坬,30,合,牙音第一位,去,禡,二
郎,31,開,舌齒音第一位,平,唐,一
航,31,開,喉音第三位,平,唐,一
忼,31,開,喉音第二位,平,唐,一
鴦,31,開,喉音第一位,平,唐,一
桑,31,開,齒音第四位,平,唐,一
藏,31,開,齒音第三位,平,唐,一
倉,31,開,齒音第二位,平,唐,一
臧,31,開,齒音第一位,平,唐,一
卬,31,開,牙音第四位,平,唐,一
穅,31,開,牙音第二位,平,唐,一
剛,31,開,牙音第一位,平,唐,一
囊,31,開,舌音第四位,平,唐,一
唐,31,開,舌音第三位,平,唐,一
湯,31,開,舌音第二位,平,唐,一
當,31,開,舌音第一位,平,唐,一
茫,31,開,脣音第四位,平,唐,一
傍,31,開,脣音第三位,平,唐,一
滂,31,開,脣音第二位,平,唐,一
幫,31,開,脣音第一位,平,唐,一
霜,31,開,齒音第四位,平,陽,二
牀,31,開,齒音第三位,平,陽,二
瘡,31,開,齒音第二位,平,陽,二
莊,31,開,齒音第一位,平,陽,二
穰,31,開,舌齒音第二位,平,陽,三
良,31,開,舌齒音第一位,平,陽,三
羊,31,開,喉音第四位,平,陽,三
香,31,開,喉音第二位,平,陽,三
央,31,開,喉音第一位,平,陽,三
常,31,開,齒音第五位,平,陽,三
啇,31,開,齒音第四位,平,陽,三
昌,31,開,齒音第二位,平,陽,三
章,31,開,齒音第一位,平,陽,三
強,31,開,牙音第三位,平,陽,三
羌,31,開,牙音第二位,平,陽,三
薑,31,開,牙音第一位,平,陽,三
孃,31,開,舌音第四位,平,陽,三
長,31,開,舌音第三位,平,陽,三
倀,31,開,舌音第二位,平,陽,三
張,31,開,舌音第一位,平,陽,三
亡,31,開,脣音第四位,平,陽,三
房,31,開,脣音第三位,平,陽,三
芳,31,開,脣音第二位,平,陽,三
方,31,開,脣音第一位,平,陽,三
陽,31,開,喉音第四位,平,陽,四
詳,31,開,齒音第五位,平,陽,四
相,31,開,齒音第四位,平,陽,四
牆,31,開,齒音第三位,平,陽,四
鏘,31,開,齒音第二位,平,陽,四
將,31,開,齒音第一位,平,陽,四
朗,31,開,舌齒音第一位,上,蕩,一
沆,31,開,喉音第三位,上,蕩,一
汻,31,開,喉音第二位,上,蕩,一
坱,31,開,喉音第一位,上,蕩,一
顙,31,開,齒音第四位,上,蕩,一
蒼,31,開,齒音第二位,上,蕩,一
駔,31,開,齒音第一位,上,蕩,一
䭹,31,開,牙音第四位,上,蕩,一
慷,31,開,牙音第二位,上,蕩,一
䴚,31,開,牙音第一位,上,蕩,一
曩,31,開,舌音第四位,上,蕩,一
蕩,31,開,舌音第三位,上,蕩,一
儻,31,開,舌音第二位,上,蕩,一
黨,31,開,舌音第一位,上,蕩,一
莽,31,開,脣音第四位,上,蕩,一
髈,31,開,脣音第二位,上,蕩,一
榜,31,開,脣音第一位,上,蕩,一
𤕤,31,開,齒音第四位,上,養,二
磢,31,開,齒音第二位,上,養,二
壤,31,開,舌齒音第二位,上,養,三
兩,31,開,舌齒音第一位,上,養,三
響,31,開,喉音第二位,上,養,三
鞅,31,開,喉音第一位,上,養,三
上,31,開,齒音第五位,上,養,三
賞,31,開,齒音第四位,上,養,三
敞,31,開,齒音第二位,上,養,三
掌,31,開,齒音第一位,上,養,三
仰,31,開,牙音第四位,上,養,三
勥,31,開,牙音第三位,上,養,三
繈,31,開,牙音第一位,上,養,三
丈,31,開,舌音第三位,上,養,三
昶,31,開,舌音第二位,上,養,三
長,31,開,舌音第一位,上,養,三
罔,31,開,脣音第四位,上,養,三
髣,31,開,脣音第二位,上,養,三
昉,31,開,脣音第一位,上,養,三
養,31,開,喉音第四位,上,養,四
像,31,開,齒音第五位,上,養,四
想,31,開,齒音第四位,上,養,四
搶,31,開,齒音第二位,上,養,四
獎,31,開,齒音第一位,上,養,四
浪,31,開,舌齒音第一位,去,宕,一
吭,31,開,喉音第三位,去,宕,一
盎,31,開,喉音第一位,去,宕,一
䘮,31,開,齒音第四位,去,宕,一
藏,31,開,齒音第三位,去,宕,一
䅮,31,開,齒音第二位,去,宕,一
葬,31,開,齒音第一位,去,宕,一
枊,31,開,牙音第四位,去,宕,一
抗,31,開,牙音第二位,去,宕,一
鋼,31,開,牙音第一位,去,宕,一
儾,31,開,舌音第四位,去,宕,一
宕,31,開,舌音第三位,去,宕,一
儻,31,開,舌音第二位,去,宕,一
譡,31,開,舌音第一位,去,宕,一
漭,31,開,脣音第四位,去,宕,一
傍,31,開,脣音第三位,去,宕,一
螃,31,開,脣音第一位,去,宕,一
狀,31,開,齒音第三位,去,漾,二
刱,31,開,齒音第二位,去,漾,二
壯,31,開,齒音第一位,去,漾,二
讓,31,開,舌齒音第二位,去,漾,三
亮,31,開,舌齒音第一位,去,漾,三
向,31,開,喉音第二位,去,漾,三
怏,31,開,喉音第一位,去,漾,三
尚,31,開,齒音第五位,去,漾,三
餉,31,開,齒音第四位,去,漾,三
唱,31,開,齒音第二位,去,漾,三
障,31,開,齒音第一位,去,漾,三
𨋕,31,開,牙音第四位,去,漾,三
強,31,開,牙音第三位,去,漾,三
唴,31,開,牙音第二位,去,漾,三
殭,31,開,牙音第一位,去,漾,三
釀,31,開,舌音第四位,去,漾,三
仗,31,開,舌音第三位,去,漾,三
暢,31,開,舌音第二位,去,漾,三
帳,31,開,舌音第一位,去,漾,三
妄,31,開,脣音第四位,去,漾,三
防,31,開,脣音第三位,去,漾,三
訪,31,開,脣音第二位,去,漾,三
放,31,開,脣音第一位,去,漾,三
漾,31,開,喉音第四位,去,漾,四
相,31,開,齒音第四位,去,漾,四
匠,31,開,齒音第三位,去,漾,四
蹡,31,開,齒音第二位,去,漾,四
醬,31,開,齒音第一位,去,漾,四
落,31,開,舌齒音第一位,入,鐸,一
涸,31,開,喉音第三位,入,鐸,一
臛,31,開,喉音第二位,入,鐸,一
惡,31,開,喉音第一位,入,鐸,一
索,31,開,齒音第四位,入,鐸,一
昨,31,開,齒音第三位,入,鐸,一
錯,31,開,齒音第二位,入,鐸,一
作,31,開,齒音第一位,入,鐸,一
愕,31,開,牙音第四位,入,鐸,一
恪,31,開,牙音第二位,入,鐸,一
各,31,開,牙音第一位,入,鐸,一
諾,31,開,舌音第四位,入,鐸,一
鐸,31,開,舌音第三位,入,鐸,一
託,31,開,舌音第二位,入,鐸,一
莫,31,開,脣音第四位,入,鐸,一
泊,31,開,脣音第三位,入,鐸,一
𩔈,31,開,脣音第二位,入,鐸,一
博,31,開,脣音第一位,入,鐸,一
斮,31,開,齒音第一位,入,藥,二
弱,31,開,舌齒音第二位,入,藥,三
略,31,開,舌齒音第一位,入,藥,三
謔,31,開,喉音第二位,入,藥,三
約,31,開,喉音第一位,入,藥,三
杓,31,開,齒音第五位,入,藥,三
鑠,31,開,齒音第四位,入,藥,三
綽,31,開,齒音第二位,入,藥,三
灼,31,開,齒音第一位,入,藥,三
虐,31,開,牙音第四位,入,藥,三
噱,31,開,牙音第三位,入,藥,三
卻,31,開,牙音第二位,入,藥,三
腳,31,開,牙音第一位,入,藥,三
逽,31,開,舌音第四位,入,藥,三
著,31,開,舌音第三位,入,藥,三
辵,31,開,舌音第二位,入,藥,三
芍,31,開,舌音第一位,入,藥,三
縛,31,開,脣音第三位,入,藥,三
𩅿,31,開,脣音第二位,入,藥,三
𩌏,31,開,脣音第一位,入,藥,三
藥,31,開,喉音第四位,入,藥,四
削,31,開,齒音第四位,入,藥,四
嚼,31,開,齒音第三位,入,藥,四
鵲,31,開,齒音第二位,入,藥,四
爵,31,開,齒音第一位,入,藥,四
黃,32,合,喉音第三位,平,唐,一
荒,32,合,喉音第二位,平,唐,一
汪,32,合,喉音第一位,平,唐,一
䯑,32,合,牙音第二位,平,唐,一
光,32,合,牙音第一位,平,唐,一
王,32,合,喉音第四位,平,陽,三
狂,32,合,牙音第三位,平,陽,三
匡,32,合,牙音第二位,平,陽,三
晃,32,合,喉音第三位,上,蕩,一
慌,32,合,喉音第二位,上,蕩,一
㳹,32,合,喉音第一位,上,蕩,一
懬,32,合,牙音第二位,上,蕩,一
廣,32,合,牙音第一位,上,蕩,一
俇,32,合,牙音第三位,上,養,二
往,32,合,喉音第四位,上,養,三
怳,32,合,喉音第二位,上,養,三
枉,32,合,喉音第一位,上,養,三
潢,32,合,喉音第三位,去,宕,一
荒,32,合,喉音第二位,去,宕,一
汪,32,合,喉音第一位,去,宕,一
曠,32,合,牙音第二位,去,宕,一
桄,32,合,牙音第一位,去,宕,一
旺,32,合,喉音第四位,去,漾,三
況,32,合,喉音第二位,去,漾,三
誑,32,合,牙音第三位,去,漾,三
檴,32,合,喉音第三位,入,鐸,一
霍,32,合,喉音第二位,入,鐸,一
艧,32,合,喉音第一位,入,鐸,一
瓁,32,合,牙音第四位,入,鐸,一
廓,32,合,牙音第二位,入,鐸,一
郭,32,合,牙音第一位,入,鐸,一
籰,32,合,喉音第四位,入,藥,三
䂄,32,合,喉音第二位,入,藥,三
嬳,32,合,喉音第一位,入,藥,三
戄,32,合,牙音第三位,入,藥,三
躩,32,合,牙音第二位,入,藥,三
玃,32,合,牙音第一位,入,藥,三
行,33,開,喉音第三位,平,庚,二
亨,33,開,喉音第二位,平,庚,二
生,33,開,齒音第四位,平,庚,二
傖,33,開,齒音第三位,平,庚,二
鎗,33,開,齒音第二位,平,庚,二
坑,33,開,牙音第二位,平,庚,二
庚,33,開,牙音第一位,平,庚,二
儜,33,開,舌音第四位,平,庚,二
棖,33,開,舌音第三位,平,庚,二
瞠,33,開,舌音第二位,平,庚,二
趟,33,開,舌音第一位,平,庚,二
盲,33,開,脣音第四位,平,庚,二
彭,33,開,脣音第三位,平,庚,二
磅,33,開,脣音第二位,平,庚,二
閍,33,開,脣音第一位,平,庚,二
英,33,開,喉音第一位,平,庚,三
擎,33,開,牙音第三位,平,庚,三
𡖥,33,開,牙音第二位,平,庚,三
京,33,開,牙音第一位,平,庚,三
明,33,開,脣音第四位,平,庚,三
平,33,開,脣音第三位,平,庚,三
兵,33,開,脣音第一位,平,庚,三
盈,33,開,喉音第四位,平,清,四
嬰,33,開,喉音第一位,平,清,四
𩛿,33,開,齒音第五位,平,清,四
騂,33,開,齒音第四位,平,清,四
情,33,開,齒音第三位,平,清,四
清,33,開,齒音第二位,平,清,四
精,33,開,齒音第一位,平,清,四
迎,33,開,牙音第四位,平,清,四
頸,33,開,牙音第三位,平,清,四
輕,33,開,牙音第二位,平,清,四
名,33,開,脣音第四位,平,清,四
并,33,開,脣音第一位,平,清,四
冷,33,開,舌齒音第一位,上,梗,二
杏,33,開,喉音第三位,上,梗,二
䁝,33,開,喉音第一位,上,梗,二
省,33,開,齒音第四位,上,梗,二
梗,33,開,牙音第一位,上,梗,二
檸,33,開,舌音第四位,上,梗,二
瑒,33,開,舌音第三位,上,梗,二
盯,33,開,舌音第一位,上,梗,二
猛,33,開,脣音第四位,上,梗,二
鮩,33,開,脣音第三位,上,梗,二
浜,33,開,脣音第一位,上,梗,二
影,33,開,喉音第一位,上,梗,三
警,33,開,牙音第一位,上,梗,三
皿,33,開,脣音第四位,上,梗,三
丙,33,開,脣音第一位,上,梗,三
癭,33,開,喉音第一位,上,靜,四
省,33,開,齒音第四位,上,靜,四
靜,33,開,齒音第三位,上,靜,四
請,33,開,齒音第二位,上,靜,四
井,33,開,齒音第一位,上,靜,四
頸,33,開,牙音第一位,上,靜,四
眳,33,開,脣音第四位,上,靜,四
餅,33,開,脣音第一位,上,靜,四
行,33,開,喉音第三位,去,敬,二
硬,33,開,牙音第四位,去,敬,二
更,33,開,牙音第一位,去,敬,二
鋥,33,開,舌音第三位,去,敬,二
牚,33,開,舌音第二位,去,敬,二
倀,33,開,舌音第一位,去,敬,二
孟,33,開,脣音第四位,去,敬,二
膨,33,開,脣音第三位,去,敬,二
烹,33,開,脣音第二位,去,敬,二
榜,33,開,脣音第一位,去,敬,二
映,33,開,喉音第一位,去,敬,三
迎,33,開,牙音第四位,去,敬,三
競,33,開,牙音第三位,去,敬,三
慶,33,開,牙音第二位,去,敬,三
敬,33,開,牙音第一位,去,敬,三
命,33,開,脣音第四位,去,敬,三
病,33,開,脣音第三位,去,敬,三
柄,33,開,脣音第一位,去,敬,三
性,33,開,齒音第四位,去,勁,四
淨,33,開,齒音第三位,去,勁,四
倩,33,開,齒音第二位,去,勁,四
精,33,開,齒音第一位,去,勁,四
勁,33,開,牙音第一位,去,勁,四
詺,33,開,脣音第四位,去,勁,四
偋,33,開,脣音第三位,去,勁,四
聘,33,開,脣音第二位,去,勁,四
拼,33,開,脣音第一位,去,勁,四
礐,33,開,舌齒音第一位,入,陌,二
垎,33,開,喉音第三位,入,陌,二
赫,33,開,喉音第二位,入,陌,二
啞,33,開,喉音第一位,入,陌,二
索,33,開,齒音第四位,入,陌,二
齚,33,開,齒音第三位,入,陌,二
柵,33,開,齒音第二位,入,陌,二
迮,33,開,齒音第一位,入,陌,二
額,33,開,牙音第四位,入,陌,二
客,33,開,牙音第二位,入,陌,二
格,33,開,牙音第一位,入,陌,二
蹃,33,開,舌音第四位,入,陌,二
宅,33,開,舌音第三位,入,陌,二
坼,33,開,舌音第二位,入,陌,二
磔,33,開,舌音第一位,入,陌,二
陌,33,開,脣音第四位,入,陌,二
白,33,開,脣音第三位,入,陌,二
拍,33,開,脣音第二位,入,陌,二
伯,33,開,脣音第一位,入,陌,二
逆,33,開,牙音第四位,入,陌,三
劇,33,開,牙音第三位,入,陌,三
隙,33,開,牙音第二位,入,陌,三
戟,33,開,牙音第一位,入,陌,三
𪐏,33,開,舌音第一位,入,陌,三
欂,33,開,脣音第三位,入,陌,三
繹,33,開,喉音第四位,入,昔,四
益,33,開,喉音第一位,入,昔,四
席,33,開,齒音第五位,入,昔,四
昔,33,開,齒音第四位,入,昔,四
籍,33,開,齒音第三位,入,昔,四
剌,33,開,齒音第二位,入,昔,四
積,33,開,齒音第一位,入,昔,四
剔,33,開,舌音第二位,入,昔,四
擗,33,開,脣音第三位,入,昔,四
僻,33,開,脣音第二位,入,昔,四
辟,33,開,脣音第一位,入,昔,四
橫,34,合,喉音第三位,平,庚,二
諻,34,合,喉音第二位,平,庚,二
觥,34,合,牙音第一位,平,庚,二
營,34,合,喉音第四位,平,庚,三
兄,34,合,喉音第二位,平,庚,三
榮,34,合,喉音第四位,平,清,四
𧵣,34,合,喉音第二位,平,清,四
縈,34,合,喉音第一位,平,清,四
觪,34,合,齒音第四位,平,清,四
瓊,34,合,牙音第三位,平,清,四
傾,34,合,牙音第二位,平,清,四
卝,34,合,喉音第三位,上,梗,二
𥉁,34,合,牙音第二位,上,梗,二
礦,34,合,牙音第一位,上,梗,二
永,34,合,喉音第四位,上,梗,三
𦬺,34,合,喉音第二位,上,梗,三
憬,34,合,牙音第二位,上,梗,三
璟,34,合,牙音第一位,上,梗,三
潁,34,合,喉音第四位,上,靜,四
頃,34,合,牙音第二位,上,靜,四
蝗,34,合,喉音第三位,去,敬,二
𥥈,34,合,喉音第一位,去,敬,二
詠,34,合,喉音第四位,去,敬,三
敻,34,合,喉音第二位,去,勁,四
嚄,34,合,喉音第三位,入,陌,二
砉,34,合,喉音第二位,入,陌,二
擭,34,合,喉音第一位,入,陌,二
虢,34,合,牙音第一位,入,陌,二
䪝,34,合,喉音第一位,入,陌,三
役,34,合,喉音第四位,入,昔,四
瞁,34,合,喉音第二位,入,昔,四
𥄎,34,合,齒音第二位,入,昔,四
𦳮,34,合,齒音第一位,入,昔,四
䠐,34,合,牙音第二位,入,昔,四
鶪,34,合,牙音第一位,入,昔,四
莖,35,開,喉音第三位,平,耕,二
罌,35,開,喉音第一位,平,耕,二
崢,35,開,齒音第三位,平,耕,二
琤,35,開,齒音第二位,平,耕,二
爭,35,開,齒音第一位,平,耕,二
娙,35,開,牙音第四位,平,耕,二
鏗,35,開,牙音第二位,平,耕,二
耕,35,開,牙音第一位,平,耕,二
儜,35,開,舌音第四位,平,耕,二
橙,35,開,舌音第三位,平,耕,二
撑,35,開,舌音第二位,平,耕,二
朾,35,開,舌音第一位,平,耕,二
甍,35,開,脣音第四位,平,耕,二
棚,35,開,脣音第三位,平,耕,二
怦,35,開,脣音第二位,平,耕,二
絣,35,開,脣音第一位,平,耕,二
跉,35,開,舌齒音第一位,平,清,三
成,35,開,齒音第五位,平,清,三
聲,35,開,齒音第四位,平,清,三
征,35,開,齒音第一位,平,清,三
靈,35,開,舌齒音第一位,平,青,四
刑,35,開,喉音第三位,平,青,四
馨,35,開,喉音第二位,平,青,四
星,35,開,齒音第四位,平,青,四
青,35,開,齒音第二位,平,青,四
菁,35,開,齒音第一位,平,青,四
輕,35,開,牙音第二位,平,青,四
經,35,開,牙音第一位,平,青,四
寧,35,開,舌音第四位,平,青,四
庭,35,開,舌音第三位,平,青,四
汀,35,開,舌音第二位,平,青,四
丁,35,開,舌音第一位,平,青,四
冥,35,開,脣音第四位,平,青,四
瓶,35,開,脣音第三位,平,青,四
竮,35,開,脣音第二位,平,青,四
幸,35,開,喉音第三位,上,耿,二
耿,35,開,牙音第一位,上,耿,二
䁅,35,開,脣音第四位,上,耿,二
𠊧,35,開,脣音第三位,上,耿,二
皏,35,開,脣音第二位,上,耿,二
領,35,開,舌齒音第一位,上,靜,三
整,35,開,齒音第一位,上,靜,三
痙,35,開,牙音第三位,上,靜,三
頸,35,開,牙音第一位,上,靜,三
逞,35,開,舌音第二位,上,靜,三
笭,35,開,舌齒音第一位,上,迥,四
婞,35,開,喉音第三位,上,迥,四
巊,35,開,喉音第一位,上,迥,四
醒,35,開,齒音第四位,上,迥,四
汫,35,開,齒音第三位,上,迥,四
䀴,35,開,牙音第四位,上,迥,四
剄,35,開,牙音第一位,上,迥,四
𩕳,35,開,舌音第四位,上,迥,四
挺,35,開,舌音第三位,上,迥,四
侹,35,開,舌音第二位,上,迥,四
頂,35,開,舌音第一位,上,迥,四
茗,35,開,脣音第四位,上,迥,四
並,35,開,脣音第三位,上,迥,四
頩,35,開,脣音第二位,上,迥,四
鞞,35,開,脣音第一位,上,迥,四
䙬,35,開,喉音第一位,去,諍,二
諍,35,開,齒音第一位,去,諍,二
硬,35,開,牙音第四位,去,諍,二
𠊧,35,開,脣音第三位,去,諍,二
迸,35,開,脣音第一位,去,諍,二
令,35,開,舌齒音第一位,去,勁,三
盛,35,開,齒音第五位,去,勁,三
聖,35,開,齒音第四位,去,勁,三
政,35,開,齒音第一位,去,勁,三
鄭,35,開,舌音第三位,去,勁,三
遉,35,開,舌音第二位,去,勁,三
零,35,開,舌齒音第一位,去,徑,四
脛,35,開,喉音第三位,去,徑,四
腥,35,開,齒音第四位,去,徑,四
靘,35,開,齒音第二位,去,徑,四
罄,35,開,牙音第二位,去,徑,四
俓,35,開,牙音第一位,去,徑,四
甯,35,開,舌音第四位,去,徑,四
定,35,開,舌音第三位,去,徑,四
聽,35,開,舌音第二位,去,徑,四
矴,35,開,舌音第一位,去,徑,四
䒌,35,開,脣音第四位,去,徑,四
跰,35,開,脣音第一位,去,徑,四
覈,35,開,喉音第三位,入,麥,二
戹,35,開,喉音第一位,入,麥,二
栜,35,開,齒音第四位,入,麥,二
賾,35,開,齒音第三位,入,麥,二
策,35,開,齒音第二位,入,麥,二
責,35,開,齒音第一位,入,麥,二
虉,35,開,牙音第四位,入,麥,二
礊,35,開,牙音第二位,入,麥,二
隔,35,開,牙音第一位,入,麥,二
摘,35,開,舌音第一位,入,麥,二
麥,35,開,脣音第四位,入,麥,二
䌟,35,開,脣音第三位,入,麥,二
𢶉,35,開,脣音第二位,入,麥,二
檗,35,開,脣音第一位,入,麥,二
㔏,35,開,舌齒音第一位,入,昔,三
石,35,開,齒音第五位,入,昔,三
釋,35,開,齒音第四位,入,昔,三
射,35,開,齒音第三位,入,昔,三
尺,35,開,齒音第二位,入,昔,三
隻,35,開,齒音第一位,入,昔,三
擲,35,開,舌音第三位,入,昔,三
𪐏,35,開,舌音第一位,入,昔,三
碧,35,開,脣音第一位,入,昔,三
靂,35,開,舌齒音第一位,入,錫,四
檄,35,開,喉音第三位,入,錫,四
赥,35,開,喉音第二位,入,錫,四
錫,35,開,齒音第四位,入,錫,四
寂,35,開,齒音第三位,入,錫,四
戚,35,開,齒音第二位,入,錫,四
績,35,開,齒音第一位,入,錫,四
鷁,35,開,牙音第四位,入,錫,四
燩,35,開,牙音第二位,入,錫,四
激,35,開,牙音第一位,入,錫,四
惄,35,開,舌音第四位,入,錫,四
狄,35,開,舌音第三位,入,錫,四
逖,35,開,舌音第二位,入,錫,四
的,35,開,舌音第一位,入,錫,四
覓,35,開,脣音第四位,入,錫,四
甓,35,開,脣音第三位,入,錫,四
劈,35,開,脣音第二位,入,錫,四
璧,35,開,脣音第一位,入,錫,四
宏,36,合,喉音第三位,平,耕,二
轟,36,合,喉音第二位,平,耕,二
泓,36,合,喉音第一位,平,耕,二
繃,36,合,脣音第一位,平,耕,二
熒,36,合,喉音第三位,平,青,四
扃,36,合,牙音第一位,平,青,四
迥,36,合,喉音第三位,上,迥,四
詗,36,合,喉音第二位,上,迥,四
濙,36,合,喉音第一位,上,迥,四
褧,36,合,牙音第二位,上,迥,四
熲,36,合,牙音第一位,上,迥,四
轟,36,合,喉音第二位,去,諍,二
𥥈,36,合,喉音第一位,去,諍,二
詗,36,合,喉音第二位,去,徑,四
鎣,36,合,喉音第一位,去,徑,四
礰,36,合,舌齒音第一位,入,麥,二
獲,36,合,喉音第三位,入,麥,二
劃,36,合,喉音第二位,入,麥,二
𢷾,36,合,齒音第四位,入,麥,二
䞰,36,合,齒音第三位,入,麥,二
㩇,36,合,齒音第一位,入,麥,二
䟒,36,合,牙音第三位,入,麥,二
𥕏,36,合,牙音第二位,入,麥,二
蟈,36,合,牙音第一位,入,麥,二
殈,36,合,喉音第二位,入,錫,四
闃,36,合,牙音第二位,入,錫,四
郹,36,合,牙音第一位,入,錫,四
𣤩,36,合,舌音第二位,入,錫,四
樓,37,,舌齒音第一位,平,侯,一
侯,37,,喉音第三位,平,侯,一
齁,37,,喉音第二位,平,侯,一
謳,37,,喉音第一位,平,侯,一
涑,37,,齒音第四位,平,侯,一
㔌,37,,齒音第三位,平,侯,一
䜅,37,,齒音第二位,平,侯,一
𣠏,37,,齒音第一位,平,侯,一
齵,37,,牙音第四位,平,侯,一
彄,37,,牙音第二位,平,侯,一
鉤,37,,牙音第一位,平,侯,一
羺,37,,舌音第四位,平,侯,一
頭,37,,舌音第三位,平,侯,一
偷,37,,舌音第二位,平,侯,一
𫥢,37,,舌音第一位,平,侯,一
呣,37,,脣音第四位,平,侯,一
裒,37,,脣音第三位,平,侯,一
搜,37,,齒音第四位,平,尤,二
愁,37,,齒音第三位,平,尤,二
搊,37,,齒音第二位,平,尤,二
鄒,37,,齒音第一位,平,尤,二
柔,37,,舌齒音第二位,平,尤,三
劉,37,,舌齒音第一位,平,尤,三
尤,37,,喉音第四位,平,尤,三
休,37,,喉音第二位,平,尤,三
優,37,,喉音第一位,平,尤,三
讎,37,,齒音第五位,平,尤,三
收,37,,齒音第四位,平,尤,三
犫,37,,齒音第二位,平,尤,三
周,37,,齒音第一位,平,尤,三
牛,37,,牙音第四位,平,尤,三
求,37,,牙音第三位,平,尤,三
丘,37,,牙音第二位,平,尤,三
鳩,37,,牙音第一位,平,尤,三
儔,37,,舌音第三位,平,尤,三
抽,37,,舌音第二位,平,尤,三
輈,37,,舌音第一位,平,尤,三
謀,37,,脣音第四位,平,尤,三
浮,37,,脣音第三位,平,尤,三
不,37,,脣音第一位,平,尤,三
鏐,37,,舌齒音第一位,平,幽,四
由,37,,喉音第四位,平,幽,四
飍,37,,喉音第二位,平,幽,四
幽,37,,喉音第一位,平,幽,四
囚,37,,齒音第五位,平,幽,四
脩,37,,齒音第四位,平,幽,四
遒,37,,齒音第三位,平,幽,四
秋,37,,齒音第二位,平,幽,四
啾,37,,齒音第一位,平,幽,四
聱,37,,牙音第四位,平,幽,四
恘,37,,牙音第二位,平,幽,四
樛,37,,牙音第一位,平,幽,四
繆,37,,脣音第四位,平,幽,四
滮,37,,脣音第三位,平,幽,四
䬌,37,,脣音第二位,平,幽,四
彪,37,,脣音第一位,平,幽,四
塿,37,,舌齒音第一位,上,厚,一
厚,37,,喉音第三位,上,厚,一
吼,37,,喉音第二位,上,厚,一
歐,37,,喉音第一位,上,厚,一
叟,37,,齒音第四位,上,厚,一
鯫,37,,齒音第三位,上,厚,一
趣,37,,齒音第二位,上,厚,一
走,37,,齒音第一位,上,厚,一
藕,37,,牙音第四位,上,厚,一
口,37,,牙音第二位,上,厚,一
苟,37,,牙音第一位,上,厚,一
㝅,37,,舌音第四位,上,厚,一
䕆,37,,舌音第三位,上,厚,一
黈,37,,舌音第二位,上,厚,一
斗,37,,舌音第一位,上,厚,一
母,37,,脣音第四位,上,厚,一
部,37,,脣音第三位,上,厚,一
剖,37,,脣音第二位,上,厚,一
掊,37,,脣音第一位,上,厚,一
湊,37,,齒音第四位,上,有,二
𥣙,37,,齒音第三位,上,有,二
𩋄,37,,齒音第二位,上,有,二
掫,37,,齒音第一位,上,有,二
蹂,37,,舌齒音第二位,上,有,三
柳,37,,舌齒音第一位,上,有,三
有,37,,喉音第四位,上,有,三
朽,37,,喉音第二位,上,有,三
䬀,37,,喉音第一位,上,有,三
受,37,,齒音第五位,上,有,三
首,37,,齒音第四位,上,有,三
壽,37,,齒音第三位,上,有,三
醜,37,,齒音第二位,上,有,三
帚,37,,齒音第一位,上,有,三
臼,37,,牙音第三位,上,有,三
糗,37,,牙音第二位,上,有,三
久,37,,牙音第一位,上,有,三
狃,37,,舌音第四位,上,有,三
紂,37,,舌音第三位,上,有,三
丑,37,,舌音第二位,上,有,三
肘,37,,舌音第一位,上,有,三
婦,37,,脣音第三位,上,有,三
紑,37,,脣音第二位,上,有,三
缶,37,,脣音第一位,上,有,三
酉,37,,喉音第四位,上,黝,四
黝,37,,喉音第一位,上,黝,四
滫,37,,齒音第四位,上,黝,四
湫,37,,齒音第三位,上,黝,四
酒,37,,齒音第一位,上,黝,四
蟉,37,,牙音第三位,上,黝,四
糾,37,,牙音第一位,上,黝,四
陋,37,,舌齒音第一位,去,候,一
候,37,,喉音第三位,去,候,一
詬,37,,喉音第二位,去,候,一
漚,37,,喉音第一位,去,候,一
瘶,37,,齒音第四位,去,候,一
㔌,37,,齒音第三位,去,候,一
輳,37,,齒音第二位,去,候,一
奏,37,,齒音第一位,去,候,一
偶,37,,牙音第四位,去,候,一
寇,37,,牙音第二位,去,候,一
遘,37,,牙音第一位,去,候,一
耨,37,,舌音第四位,去,候,一
豆,37,,舌音第三位,去,候,一
透,37,,舌音第二位,去,候,一
鬭,37,,舌音第一位,去,候,一
茂,37,,脣音第四位,去,候,一
䏽,37,,脣音第三位,去,候,一
仆,37,,脣音第二位,去,候,一
瘦,37,,齒音第四位,去,宥,二
驟,37,,齒音第三位,去,宥,二
簉,37,,齒音第二位,去,宥,二
皺,37,,齒音第一位,去,宥,二
輮,37,,舌齒音第二位,去,宥,三
溜,37,,舌齒音第一位,去,宥,三
宥,37,,喉音第四位,去,宥,三
齅,37,,喉音第二位,去,宥,三
授,37,,齒音第五位,去,宥,三
狩,37,,齒音第四位,去,宥,三
臭,37,,齒音第二位,去,宥,三
咒,37,,齒音第一位,去,宥,三
𪖐,37,,牙音第四位,去,宥,三
𪖛,37,,牙音第二位,去,宥,三
救,37,,牙音第一位,去,宥,三
糅,37,,舌音第四位,去,宥,三
胄,37,,舌音第三位,去,宥,三
晝,37,,舌音第一位,去,宥,三
莓,37,,脣音第四位,去,宥,三
復,37,,脣音第三位,去,宥,三
副,37,,脣音第二位,去,宥,三
富,37,,脣音第一位,去,宥,三
狖,37,,喉音第四位,去,幼,四
幼,37,,喉音第一位,去,幼,四
岫,37,,齒音第五位,去,幼,四
秀,37,,齒音第四位,去,幼,四
就,37,,齒音第三位,去,幼,四
䞭,37,,齒音第二位,去,幼,四
僦,37,,齒音第一位,去,幼,四
𧾻,37,,牙音第三位,去,幼,四
䠗,37,,牙音第二位,去,幼,四
謬,37,,脣音第四位,去,幼,四
森,38,,齒音第四位,平,侵,二
岑,38,,齒音第三位,平,侵,二
嵾,38,,齒音第二位,平,侵,二
簪,38,,齒音第一位,平,侵,二
任,38,,舌齒音第二位,平,侵,三
林,38,,舌齒音第一位,平,侵,三
歆,38,,喉音第二位,平,侵,三
音,38,,喉音第一位,平,侵,三
諶,38,,齒音第五位,平,侵,三
深,38,,齒音第四位,平,侵,三
忱,38,,齒音第三位,平,侵,三
𧡪,38,,齒音第二位,平,侵,三
斟,38,,齒音第一位,平,侵,三
吟,38,,牙音第四位,平,侵,三
琴,38,,牙音第三位,平,侵,三
欽,38,,牙音第二位,平,侵,三
金,38,,牙音第一位,平,侵,三
䛘,38,,舌音第四位,平,侵,三
沈,38,,舌音第三位,平,侵,三
琛,38,,舌音第二位,平,侵,三
碪,38,,舌音第一位,平,侵,三
淫,38,,喉音第四位,平,侵,四
愔,38,,喉音第一位,平,侵,四
尋,38,,齒音第五位,平,侵,四
心,38,,齒音第四位,平,侵,四
𩷒,38,,齒音第三位,平,侵,四
侵,38,,齒音第二位,平,侵,四
祲,38,,齒音第一位,平,侵,四
舚,38,,舌音第二位,平,侵,四
㾕,38,,齒音第四位,上,寢,二
𩒣,38,,齒音第三位,上,寢,二
墋,38,,齒音第二位,上,寢,二
䫬,38,,齒音第一位,上,寢,二
荏,38,,舌齒音第二位,上,寢,三
廩,38,,舌齒音第一位,上,寢,三
廞,38,,喉音第二位,上,寢,三
飲,38,,喉音第一位,上,寢,三
甚,38,,齒音第五位,上,寢,三
沈,38,,齒音第四位,上,寢,三
葚,38,,齒音第三位,上,寢,三
瀋,38,,齒音第二位,上,寢,三
枕,38,,齒音第一位,上,寢,三
僸,38,,牙音第四位,上,寢,三
噤,38,,牙音第三位,上,寢,三
坅,38,,牙音第二位,上,寢,三
錦,38,,牙音第一位,上,寢,三
拰,38,,舌音第四位,上,寢,三
朕,38,,舌音第三位,上,寢,三
踸,38,,舌音第二位,上,寢,三
戡,38,,舌音第一位,上,寢,三
品,38,,脣音第二位,上,寢,三
稟,38,,脣音第一位,上,寢,三
罧,38,,齒音第四位,上,寢,四
蕈,38,,齒音第三位,上,寢,四
寢,38,,齒音第二位,上,寢,四
䤐,38,,齒音第一位,上,寢,四
𩖄,38,,牙音第二位,上,寢,四
滲,38,,齒音第四位,去,沁,二
讖,38,,齒音第二位,去,沁,二
譖,38,,齒音第一位,去,沁,二
絍,38,,舌齒音第二位,去,沁,三
臨,38,,舌齒音第一位,去,沁,三
䫴,38,,喉音第四位,去,沁,三
蔭,38,,喉音第一位,去,沁,三
甚,38,,齒音第五位,去,沁,三
深,38,,齒音第四位,去,沁,三
枕,38,,齒音第一位,去,沁,三
吟,38,,牙音第四位,去,沁,三
𦧈,38,,牙音第三位,去,沁,三
禁,38,,牙音第一位,去,沁,三
賃,38,,舌音第四位,去,沁,三
鴆,38,,舌音第三位,去,沁,三
闖,38,,舌音第二位,去,沁,三
揕,38,,舌音第一位,去,沁,三
沁,38,,齒音第二位,去,沁,四
浸,38,,齒音第一位,去,沁,四
澀,38,,齒音第四位,入,緝,二
霵,38,,齒音第三位,入,緝,二
㞚,38,,齒音第二位,入,緝,二
戢,38,,齒音第一位,入,緝,二
入,38,,舌齒音第二位,入,緝,三
立,38,,舌齒音第一位,入,緝,三
煜,38,,喉音第四位,入,緝,三
吸,38,,喉音第二位,入,緝,三
邑,38,,喉音第一位,入,緝,三
十,38,,齒音第五位,入,緝,三
溼,38,,齒音第四位,入,緝,三
褶,38,,齒音第三位,入,緝,三
斟,38,,齒音第二位,入,緝,三
執,38,,齒音第一位,入,緝,三
岌,38,,牙音第四位,入,緝,三
及,38,,牙音第三位,入,緝,三
泣,38,,牙音第二位,入,緝,三
急,38,,牙音第一位,入,緝,三
孨,38,,舌音第四位,入,緝,三
蟄,38,,舌音第三位,入,緝,三
湁,38,,舌音第二位,入,緝,三
縶,38,,舌音第一位,入,緝,三
𩾳,38,,脣音第三位,入,緝,三
鵖,38,,脣音第一位,入,緝,三
熠,38,,喉音第四位,入,緝,四
揖,38,,喉音第一位,入,緝,四
習,38,,齒音第五位,入,緝,四
𩎕,38,,齒音第四位,入,緝,四
集,38,,齒音第三位,入,緝,四
緝,38,,齒音第二位,入,緝,四
㗱,38,,齒音第一位,入,緝,四
婪,39,,舌齒音第一位,平,覃,一
含,39,,喉音第三位,平,覃,一
㟏,39,,喉音第二位,平,覃,一
諳,39,,喉音第一位,平,覃,一
毿,39,,齒音第四位,平,覃,一
蠶,39,,齒音第三位,平,覃,一
參,39,,齒音第二位,平,覃,一
簪,39,,齒音第一位,平,覃,一
䜙,39,,牙音第四位,平,覃,一
龕,39,,牙音第二位,平,覃,一
弇,39,,牙音第一位,平,覃,一
南,39,,舌音第四位,平,覃,一
覃,39,,舌音第三位,平,覃,一
探,39,,舌音第二位,平,覃,一
耽,39,,舌音第一位,平,覃,一
咸,39,,喉音第三位,平,咸,二
㰹,39,,喉音第二位,平,咸,二
𤟟,39,,喉音第一位,平,咸,二
攕,39,,齒音第四位,平,咸,二
讒,39,,齒音第三位,平,咸,二
嵒,39,,牙音第四位,平,咸,二
鵮,39,,牙音第二位,平,咸,二
緘,39,,牙音第一位,平,咸,二
諵,39,,舌音第四位,平,咸,二
詀,39,,舌音第一位,平,咸,二
髯,39,,舌齒音第二位,平,鹽,三
廉,39,,舌齒音第一位,平,鹽,三
炎,39,,喉音第四位,平,鹽,三
𡝫,39,,喉音第二位,平,鹽,三
淹,39,,喉音第一位,平,鹽,三
棎,39,,齒音第五位,平,鹽,三
苫,39,,齒音第四位,平,鹽,三
䄡,39,,齒音第二位,平,鹽,三
詹,39,,齒音第一位,平,鹽,三
𪙊,39,,牙音第四位,平,鹽,三
廉,39,,牙音第一位,平,鹽,三
黏,39,,舌音第四位,平,鹽,三
㶣,39,,舌音第三位,平,鹽,三
覘,39,,舌音第二位,平,鹽,三
霑,39,,舌音第一位,平,鹽,三
砭,39,,脣音第一位,平,鹽,三
鬑,39,,舌齒音第一位,平,添,四
嫌,39,,喉音第三位,平,添,四
馦,39,,喉音第二位,平,添,四
尖,39,,齒音第一位,平,添,四
鉗,39,,牙音第三位,平,添,四
謙,39,,牙音第二位,平,添,四
鮎,39,,舌音第四位,平,添,四
甜,39,,舌音第三位,平,添,四
添,39,,舌音第二位,平,添,四
𩬑,39,,舌音第一位,平,添,四
𡒄,39,,舌齒音第一位,上,感,一
頷,39,,喉音第三位,上,感,一
䫲,39,,喉音第二位,上,感,一
晻,39,,喉音第一位,上,感,一
糂,39,,齒音第四位,上,感,一
歜,39,,齒音第三位,上,感,一
慘,39,,齒音第二位,上,感,一
寁,39,,齒音第一位,上,感,一
頷,39,,牙音第四位,上,感,一
坎,39,,牙音第二位,上,感,一
感,39,,牙音第一位,上,感,一
腩,39,,舌音第四位,上,感,一
禫,39,,舌音第三位,上,感,一
襑,39,,舌音第二位,上,感,一
黕,39,,舌音第一位,上,感,一
臉,39,,舌齒音第一位,上,豏,二
豏,39,,喉音第三位,上,豏,二
喊,39,,喉音第二位,上,豏,二
黯,39,,喉音第一位,上,豏,二
摻,39,,齒音第四位,上,豏,二
瀺,39,,齒音第三位,上,豏,二
䑎,39,,齒音第二位,上,豏,二
斬,39,,齒音第一位,上,豏,二
䫡,39,,牙音第四位,上,豏,二
㦿,39,,牙音第二位,上,豏,二
鹼,39,,牙音第一位,上,豏,二
𦊔,39,,舌音第四位,上,豏,二
湛,39,,舌音第三位,上,豏,二
𠐩,39,,舌音第二位,上,豏,二
冉,39,,舌齒音第二位,上,琰,三
斂,39,,舌齒音第一位,上,琰,三
鼸,39,,喉音第三位,上,琰,三
險,39,,喉音第二位,上,琰,三
奄,39,,喉音第一位,上,琰,三
剡,39,,齒音第五位,上,琰,三
陝,39,,齒音第四位,上,琰,三
颭,39,,齒音第一位,上,琰,三
顩,39,,牙音第四位,上,琰,三
儉,39,,牙音第三位,上,琰,三
𩑳,39,,牙音第二位,上,琰,三
檢,39,,牙音第一位,上,琰,三
諂,39,,舌音第二位,上,琰,三
貶,39,,脣音第一位,上,琰,三
苒,39,,舌齒音第二位,上,忝,四
稴,39,,舌齒音第一位,上,忝,四
憯,39,,齒音第二位,上,忝,四
歉,39,,牙音第二位,上,忝,四
孂,39,,牙音第一位,上,忝,四
淰,39,,舌音第四位,上,忝,四
簟,39,,舌音第三位,上,忝,四
忝,39,,舌音第二位,上,忝,四
點,39,,舌音第一位,上,忝,四
𡕢,39,,脣音第四位,上,忝,四
顲,39,,舌齒音第一位,去,勘,一
憾,39,,喉音第三位,去,勘,一
䫲,39,,喉音第二位,去,勘,一
暗,39,,喉音第一位,去,勘,一
俕,39,,齒音第四位,去,勘,一
㨻,39,,齒音第三位,去,勘,一
謲,39,,齒音第二位,去,勘,一
篸,39,,齒音第一位,去,勘,一
儑,39,,牙音第四位,去,勘,一
勘,39,,牙音第二位,去,勘,一
紺,39,,牙音第一位,去,勘,一
妠,39,,舌音第四位,去,勘,一
醰,39,,舌音第三位,去,勘,一
僋,39,,舌音第二位,去,勘,一
馾,39,,舌音第一位,去,勘,一
陷,39,,喉音第三位,去,陷,二
闞,39,,喉音第二位,去,陷,二
蘸,39,,齒音第一位,去,陷,二
顑,39,,牙音第四位,去,陷,二
歉,39,,牙音第二位,去,陷,二
𪉦,39,,牙音第一位,去,陷,二
諵,39,,舌音第四位,去,陷,二
𧸖,39,,舌音第三位,去,陷,二
𪉜,39,,舌音第一位,去,陷,二
染,39,,舌齒音第二位,去,豔,三
殮,39,,舌齒音第一位,去,豔,三
𢜰,39,,喉音第一位,去,豔,三
贍,39,,齒音第五位,去,豔,三
閃,39,,齒音第四位,去,豔,三
䠨,39,,齒音第二位,去,豔,三
占,39,,齒音第一位,去,豔,三
驗,39,,牙音第四位,去,豔,三
覘,39,,舌音第二位,去,豔,三
窆,39,,脣音第一位,去,豔,三
稴,39,,舌齒音第一位,去,㮇,四
酓,39,,喉音第一位,去,㮇,四
䃸,39,,齒音第四位,去,㮇,四
䁮,39,,齒音第三位,去,㮇,四
僭,39,,齒音第一位,去,㮇,四
傔,39,,牙音第二位,去,㮇,四
趝,39,,牙音第一位,去,㮇,四
念,39,,舌音第四位,去,㮇,四
磹,39,,舌音第三位,去,㮇,四
㮇,39,,舌音第二位,去,㮇,四
店,39,,舌音第一位,去,㮇,四
拉,39,,舌齒音第一位,入,合,一
合,39,,喉音第三位,入,合,一
欱,39,,喉音第二位,入,合,一
姶,39,,喉音第一位,入,合,一
趿,39,,齒音第四位,入,合,一
雜,39,,齒音第三位,入,合,一
䟃,39,,齒音第二位,入,合,一
帀,39,,齒音第一位,入,合,一
𣊡,39,,牙音第四位,入,合,一
溘,39,,牙音第二位,入,合,一
閤,39,,牙音第一位,入,合,一
納,39,,舌音第四位,入,合,一
沓,39,,舌音第三位,入,合,一
錔,39,,舌音第二位,入,合,一
答,39,,舌音第一位,入,合,一
洽,39,,喉音第三位,入,洽,二
䶎,39,,喉音第二位,入,洽,二
𨂁,39,,喉音第一位,入,洽,二
霎,39,,齒音第四位,入,洽,二
𨖷,39,,齒音第三位,入,洽,二
插,39,,齒音第二位,入,洽,二
貶,39,,齒音第一位,入,洽,二
䀴,39,,牙音第四位,入,洽,二
恰,39,,牙音第二位,入,洽,二
夾,39,,牙音第一位,入,洽,二
㘝,39,,舌音第四位,入,洽,二
𥃐,39,,舌音第二位,入,洽,二
劄,39,,舌音第一位,入,洽,二
讘,39,,舌齒音第二位,入,葉,三
獵,39,,舌齒音第一位,入,葉,三
瞱,39,,喉音第四位,入,葉,三
偞,39,,喉音第二位,入,葉,三
𢽱,39,,喉音第一位,入,葉,三
涉,39,,齒音第五位,入,葉,三
攝,39,,齒音第四位,入,葉,三
謵,39,,齒音第二位,入,葉,三
讋,39,,齒音第一位,入,葉,三
笈,39,,牙音第三位,入,葉,三
㾜,39,,牙音第二位,入,葉,三
𦀖,39,,牙音第一位,入,葉,三
聶,39,,舌音第四位,入,葉,三
䐑,39,,舌音第三位,入,葉,三
鍤,39,,舌音第二位,入,葉,三
輒,39,,舌音第一位,入,葉,三
協,39,,喉音第三位,入,帖,四
㛍,39,,喉音第二位,入,帖,四
燮,39,,齒音第四位,入,帖,四
䕹,39,,齒音第三位,入,帖,四
妾,39,,齒音第二位,入,帖,四
浹,39,,齒音第一位,入,帖,四
愜,39,,牙音第二位,入,帖,四
頰,39,,牙音第一位,入,帖,四
捻,39,,舌音第四位,入,帖,四
牒,39,,舌音第三位,入,帖,四
怗,39,,舌音第二位,入,帖,四
聑,39,,舌音第一位,入,帖,四
藍,40,,舌齒音第一位,平,談,一
酣,40,,喉音第三位,平,談,一
蚶,40,,喉音第二位,平,談,一
黯,40,,喉音第一位,平,談,一
三,40,,齒音第四位,平,談,一
慙,40,,齒音第三位,平,談,一
坩,40,,牙音第二位,平,談,一
甘,40,,牙音第一位,平,談,一
談,40,,舌音第三位,平,談,一
舑,40,,舌音第二位,平,談,一
擔,40,,舌音第一位,平,談,一
姏,40,,脣音第四位,平,談,一
銜,40,,喉音第三位,平,銜,二
衫,40,,齒音第四位,平,銜,二
巉,40,,齒音第三位,平,銜,二
攙,40,,齒音第二位,平,銜,二
巖,40,,牙音第四位,平,銜,二
嵌,40,,牙音第二位,平,銜,二
監,40,,牙音第一位,平,銜,二
𨂝,40,,脣音第三位,平,銜,二
𩏩,40,,喉音第二位,平,嚴,三
醃,40,,喉音第一位,平,嚴,三
𥰨,40,,齒音第五位,平,嚴,三
嚴,40,,牙音第四位,平,嚴,三
黔,40,,牙音第三位,平,嚴,三
㪁,40,,牙音第二位,平,嚴,三
鹽,40,,喉音第四位,平,鹽,四
懕,40,,喉音第一位,平,鹽,四
燖,40,,齒音第五位,平,鹽,四
銛,40,,齒音第四位,平,鹽,四
潛,40,,齒音第三位,平,鹽,四
籤,40,,齒音第二位,平,鹽,四
䇝,40,,齒音第一位,平,鹽,四
覽,40,,舌齒音第一位,上,敢,一
喊,40,,喉音第二位,上,敢,一
埯,40,,喉音第一位,上,敢,一
槧,40,,齒音第三位,上,敢,一
黲,40,,齒音第二位,上,敢,一
䭕,40,,齒音第一位,上,敢,一
𠪚,40,,牙音第二位,上,敢,一
敢,40,,牙音第一位,上,敢,一
噉,40,,舌音第三位,上,敢,一
菼,40,,舌音第二位,上,敢,一
膽,40,,舌音第一位,上,敢,一
㛧,40,,脣音第四位,上,敢,一
檻,40,,喉音第三位,上,檻,二
㺖,40,,喉音第二位,上,檻,二
黤,40,,喉音第一位,上,檻,二
㨻,40,,齒音第四位,上,檻,二
醶,40,,齒音第二位,上,檻,二
䫡,40,,牙音第二位,上,檻,二
埯,40,,喉音第一位,上,儼,三
㴸,40,,齒音第四位,上,儼,三
儼,40,,牙音第四位,上,儼,三
琰,40,,喉音第四位,上,琰,四
黶,40,,喉音第一位,上,琰,四
漸,40,,齒音第三位,上,琰,四
憸,40,,齒音第二位,上,琰,四
濫,40,,舌齒音第一位,去,闞,一
憨,40,,喉音第三位,去,闞,一
𧵊,40,,喉音第二位,去,闞,一
三,40,,齒音第四位,去,闞,一
暫,40,,齒音第三位,去,闞,一
闞,40,,牙音第二位,去,闞,一
𪉦,40,,牙音第一位,去,闞,一
擔,40,,舌音第三位,去,闞,一
賧,40,,舌音第二位,去,闞,一
擔,40,,舌音第一位,去,闞,一
㽉,40,,喉音第三位,去,鑑,二
㒈,40,,喉音第二位,去,鑑,二
𪒠,40,,喉音第一位,去,鑑,二
釤,40,,齒音第四位,去,鑑,二
鑱,40,,齒音第三位,去,鑑,二
懺,40,,齒音第二位,去,鑑,二
覱,40,,齒音第一位,去,鑑,二
鑑,40,,牙音第一位,去,鑑,二
埿,40,,脣音第三位,去,鑑,二
獫,40,,舌齒音第一位,去,釅,三
䝱,40,,喉音第二位,去,釅,三
釅,40,,牙音第四位,去,釅,三
㪁,40,,牙音第二位,去,釅,三
染,40,,舌齒音第二位,去,豔,四
殮,40,,舌齒音第一位,去,豔,四
豔,40,,喉音第四位,去,豔,四
厭,40,,喉音第一位,去,豔,四
潛,40,,齒音第三位,去,豔,四
壍,40,,齒音第二位,去,豔,四
𡄑,40,,齒音第一位,去,豔,四
驗,40,,牙音第四位,去,豔,四
臘,40,,舌齒音第一位,入,盍,一
盍,40,,喉音第三位,入,盍,一
𣣹,40,,喉音第二位,入,盍,一
鰪,40,,喉音第一位,入,盍,一
𠎷,40,,齒音第四位,入,盍,一
䪞,40,,齒音第三位,入,盍,一
囃,40,,齒音第二位,入,盍,一
儑,40,,牙音第四位,入,盍,一
榼,40,,牙音第二位,入,盍,一
䫦,40,,牙音第一位,入,盍,一
魶,40,,舌音第四位,入,盍,一
踏,40,,舌音第三位,入,盍,一
榻,40,,舌音第二位,入,盍,一
㿴,40,,舌音第一位,入,盍,一
狎,40,,喉音第三位,入,狎,二
呷,40,,喉音第二位,入,狎,二
鴨,40,,喉音第一位,入,狎,二
翣,40,,齒音第四位,入,狎,二
甲,40,,牙音第一位,入,狎,二
渫,40,,舌音第三位,入,狎,二
殜,40,,喉音第四位,入,業,三
脅,40,,喉音第二位,入,業,三
腌,40,,喉音第一位,入,業,三
䢡,40,,齒音第四位,入,業,三
業,40,,牙音第四位,入,業,三
跲,40,,牙音第三位,入,業,三
怯,40,,牙音第二位,入,業,三
劫,40,,牙音第一位,入,業,三
㙷,40,,舌音第三位,入,業,三
葉,40,,喉音第四位,入,葉,四
挾,40,,喉音第三位,入,葉,四
魘,40,,喉音第一位,入,葉,四
捷,40,,齒音第三位,入,葉,四
妾,40,,齒音第二位,入,葉,四
接,40,,齒音第一位,入,葉,四
凡,41,,脣音第三位,平,凡,三
䒦,41,,脣音第二位,平,凡,三
𧦟,41,,脣音第一位,平,凡,三
顩,41,,牙音第四位,上,范,三
凵,41,,牙音第二位,上,范,三
拑,41,,牙音第一位,上,范,三
𠑆,41,,舌音第二位,上,范,三
錽,41,,脣音第四位,上,范,三
范,41,,脣音第三位,上,范,三
釩,41,,脣音第二位,上,范,三
𦜒,41,,脣音第一位,上,范,三
欠,41,,牙音第二位,去,梵,三
劒,41,,牙音第一位,去,梵,三
𦲯,41,,脣音第四位,去,梵,三
梵,41,,脣音第三位,去,梵,三
汎,41,,脣音第二位,去,梵,三
猲,41,,牙音第二位,入,乏,三
䎎,41,,舌音第四位,入,乏,三
𦑣,41,,舌音第一位,入,乏,三
乏,41,,脣音第三位,入,乏,三
𥎰,41,,脣音第二位,入,乏,三
法,41,,脣音第一位,入,乏,三
楞,42,開,舌齒音第一位,平,登,一
恆,42,開,喉音第三位,平,登,一
僧,42,開,齒音第四位,平,登,一
層,42,開,齒音第三位,平,登,一
增,42,開,齒音第一位,平,登,一
緪,42,開,牙音第一位,平,登,一
能,42,開,舌音第四位,平,登,一
騰,42,開,舌音第三位,平,登,一
鼟,42,開,舌音第二位,平,登,一
登,42,開,舌音第一位,平,登,一
瞢,42,開,脣音第四位,平,登,一
朋,42,開,脣音第三位,平,登,一
漰,42,開,脣音第二位,平,登,一
崩,42,開,脣音第一位,平,登,一
仍,42,開,舌齒音第二位,平,蒸,三
陵,42,開,舌齒音第一位,平,蒸,三
蠅,42,開,喉音第四位,平,蒸,三
興,42,開,喉音第二位,平,蒸,三
膺,42,開,喉音第一位,平,蒸,三
承,42,開,齒音第五位,平,蒸,三
升,42,開,齒音第四位,平,蒸,三
繩,42,開,齒音第三位,平,蒸,三
稱,42,開,齒音第二位,平,蒸,三
蒸,42,開,齒音第一位,平,蒸,三
凝,42,開,牙音第四位,平,蒸,三
殑,42,開,牙音第三位,平,蒸,三
硱,42,開,牙音第二位,平,蒸,三
兢,42,開,牙音第一位,平,蒸,三
澄,42,開,舌音第三位,平,蒸,三
僜,42,開,舌音第二位,平,蒸,三
徵,42,開,舌音第一位,平,蒸,三
凭,42,開,脣音第三位,平,蒸,三
砯,42,開,脣音第二位,平,蒸,三
冰,42,開,脣音第一位,平,蒸,三
繒,42,開,齒音第三位,平,蒸,四
倰,42,開,舌齒音第一位,上,等,一
㽪,42,開,齒音第一位,上,等,一
肯,42,開,牙音第二位,上,等,一
能,42,開,舌音第四位,上,等,一
等,42,開,舌音第一位,上,等,一
倗,42,開,脣音第二位,上,等,一
㱡,42,開,齒音第四位,上,拯,三
拯,42,開,齒音第一位,上,拯,三
殑,42,開,牙音第三位,上,拯,三
庱,42,開,舌音第二位,上,拯,三
𡬙,42,開,齒音第四位,去,嶝,一
贈,42,開,齒音第三位,去,嶝,一
蹭,42,開,齒音第二位,去,嶝,一
增,42,開,齒音第一位,去,嶝,一
亙,42,開,牙音第一位,去,嶝,一
鄧,42,開,舌音第三位,去,嶝,一
𤃶,42,開,舌音第二位,去,嶝,一
嶝,42,開,舌音第一位,去,嶝,一
𢅴,42,開,脣音第四位,去,嶝,一
倗,42,開,脣音第三位,去,嶝,一
𥦜,42,開,脣音第一位,去,嶝,一
認,42,開,舌齒音第二位,去,證,三
𩜁,42,開,舌齒音第一位,去,證,三
孕,42,開,喉音第四位,去,證,三
興,42,開,喉音第二位,去,證,三
應,42,開,喉音第一位,去,證,三
剩,42,開,齒音第五位,去,證,三
勝,42,開,齒音第四位,去,證,三
乘,42,開,齒音第三位,去,證,三
稱,42,開,齒音第二位,去,證,三
證,42,開,齒音第一位,去,證,三
凝,42,開,牙音第四位,去,證,三
殑,42,開,牙音第三位,去,證,三
瞪,42,開,舌音第三位,去,證,三
覴,42,開,舌音第二位,去,證,三
凭,42,開,脣音第三位,去,證,三
㣒,42,開,齒音第二位,去,證,四
甑,42,開,齒音第一位,去,證,四
勒,42,開,舌齒音第一位,入,德,一
劾,42,開,喉音第三位,入,德,一
黑,42,開,喉音第二位,入,德,一
餩,42,開,喉音第一位,入,德,一
塞,42,開,齒音第四位,入,德,一
賊,42,開,齒音第三位,入,德,一
墄,42,開,齒音第二位,入,德,一
則,42,開,齒音第一位,入,德,一
刻,42,開,牙音第二位,入,德,一
裓,42,開,牙音第一位,入,德,一
䘅,42,開,舌音第四位,入,德,一
特,42,開,舌音第三位,入,德,一
忒,42,開,舌音第二位,入,德,一
德,42,開,舌音第一位,入,德,一
墨,42,開,脣音第四位,入,德,一
菔,42,開,脣音第三位,入,德,一
北,42,開,脣音第一位,入,德,一
色,42,開,齒音第四位,入,職,二
崱,42,開,齒音第三位,入,職,二
測,42,開,齒音第二位,入,職,二
稄,42,開,齒音第一位,入,職,二
力,42,開,舌齒音第一位,入,職,三
赩,42,開,喉音第二位,入,職,三
憶,42,開,喉音第一位,入,職,三
寔,42,開,齒音第五位,入,職,三
識,42,開,齒音第四位,入,職,三
食,42,開,齒音第三位,入,職,三
瀷,42,開,齒音第二位,入,職,三
職,42,開,齒音第一位,入,職,三
嶷,42,開,牙音第四位,入,職,三
極,42,開,牙音第三位,入,職,三
䩯,42,開,牙音第二位,入,職,三
殛,42,開,牙音第一位,入,職,三
匿,42,開,舌音第四位,入,職,三
直,42,開,舌音第三位,入,職,三
敕,42,開,舌音第二位,入,職,三
陟,42,開,舌音第一位,入,職,三
䁇,42,開,脣音第四位,入,職,三
愎,42,開,脣音第三位,入,職,三
堛,42,開,脣音第二位,入,職,三
逼,42,開,脣音第一位,入,職,三
弋,42,開,喉音第四位,入,職,四
息,42,開,齒音第四位,入,職,四
堲,42,開,齒音第三位,入,職,四
即,42,開,齒音第一位,入,職,四
𡮞,42,開,舌音第一位,入,職,四
弘,43,合,喉音第三位,平,登,一
薨,43,合,喉音第二位,平,登,一
泓,43,合,喉音第一位,平,登,一
肱,43,合,牙音第一位,平,登,一
或,43,合,喉音第三位,入,德,一
國,43,合,牙音第一位,入,德,一
域,43,合,喉音第四位,入,職,三
洫,43,合,喉音第二位,入,職,三
