小韻號,小韻首字,上字,下字,被切字音韻描述們,上字音韻描述們,下字音韻描述們
1,東,德,紅,端一東平,端開登入,匣一東平
2,同,徒,紅,定一東平,定模平,匣一東平
3,中,陟,弓,知三東平,知開蒸入,見三東平
4,蟲,直,弓,澄三東平,澄開蒸入,見三東平
5,終,職,戎,章三東平,章開蒸入,日三東平
6,忡,敕,中,徹三東平,徹開蒸入,知三東平
7,崇,鋤,弓,崇三東平,崇魚平,見三東平
8,嵩,息,弓,心三東平,心開蒸入,見三東平
9,戎,如,融,日三東平,日魚平,以三東平
10,弓,居,戎,見三東平,見魚平,日三東平
11,融,以,戎,以三東平,以之上,日三東平
12,雄,羽,弓,云三東平,云虞上/云虞去,見三東平
13,瞢,莫,中,明三東平,明唐入,知三東平
14,穹,去,宮,溪三東平,溪魚上/溪魚去,見三東平
15,窮,渠,弓,羣三東平,羣魚平,見三東平
16,馮,房,戎,並三東平,並陽平,日三東平
17,風,方,戎,幫三東平,幫陽平,日三東平
18,豐,敷,空,滂三東平,滂虞平,溪一東平
19,充,昌,終,昌三東平,昌開陽平,章三東平
20,隆,力,中,來三東平,來開蒸入,知三東平
21,空,苦,紅,溪一東平,溪模上,匣一東平
22,公,古,紅,見一東平,見模上,匣一東平
23,蒙,莫,紅,明一東平,明唐入,匣一東平
24,籠,盧,紅,來一東平,來模平,匣一東平
25,洪,戶,公,匣一東平,匣模上,見一東平
26,叢,徂,紅,從一東平,從模平,匣一東平
27,翁,烏,紅,影一東平,影模平,匣一東平
28,悤,倉,紅,清一東平,清開唐平,匣一東平
29,通,他,紅,透一東平,透開一歌平,匣一東平
30,葼,子,紅,精一東平,精之上,匣一東平
31,蓬,薄,紅,並一東平,並唐入,匣一東平
32,烘,呼,東,曉一東平,曉模平,端一東平
33,㟅,五,東,疑一東平,疑模上,端一東平
34,𣞷,蘇,公,心一東平,心模平,見一東平
35,冬,都,宗,端冬平,端模平,精冬平
36,彤,徒,冬,定冬平,定模平,端冬平
37,賨,藏,宗,從冬平,從開唐平/從開唐去,精冬平
38,農,奴,冬,泥冬平,泥模平,端冬平
39,攻,古,冬,見冬平,見模上,端冬平
40,䃔,戶,冬,匣冬平,匣模上,端冬平
41,䃧,力,冬,來冬平,來開蒸入,端冬平
42,宗,作,冬,精冬平,精模去/精開一歌去/精開唐入,端冬平
43,鬆,私,宗,心冬平,心開脂平,精冬平
44,炵,他,冬,透冬平,透開一歌平,端冬平
45,鍾,職,容,章鍾平,章開蒸入,以鍾平
46,龍,力,鍾,來鍾平,來開蒸入,章鍾平
47,舂,書,容,書鍾平,書魚平,以鍾平
48,松,祥,容,邪鍾平,邪開陽平,以鍾平
49,𧘂,尺,容,昌鍾平,昌開清入,以鍾平
50,容,餘,封,以鍾平,以魚平,幫鍾平
51,封,府,容,幫鍾平,幫虞上,以鍾平
52,胷,許,容,曉鍾平,曉魚上,以鍾平
53,顒,魚,容,疑鍾平,疑魚平,以鍾平
54,邕,於,容,影鍾平,影魚平,以鍾平
55,醲,女,容,孃鍾平,孃魚上,以鍾平
56,重,直,容,澄鍾平,澄開蒸入,以鍾平
57,從,疾,容,從鍾平,從開眞入,以鍾平
58,蹱,丑,凶,徹鍾平,徹尤上,曉鍾平
59,逢,符,容,並鍾平,並虞平,以鍾平
60,峯,敷,容,滂鍾平,滂虞平,以鍾平
61,縱,即,容,精鍾平,精開蒸入,以鍾平
62,茸,而,容,日鍾平,日之平,以鍾平
63,蛩,渠,容,羣鍾平,羣魚平,以鍾平
64,鱅,蜀,庸,常鍾平,常鍾入,以鍾平
65,恭,九,容,見鍾平,見尤上,以鍾平
66,蜙,息,恭,心鍾平,心開蒸入,見鍾平
67,樅,七,恭,清鍾平,清開眞入,見鍾平
68,銎,曲,恭,溪鍾平,溪鍾入,見鍾平
69,江,古,雙,見江平,見模上,生江平
70,厖,莫,江,明江平,明唐入,見江平
71,𦗳,女,江,孃江平,孃魚上,見江平
72,囪,楚,江,初江平,初魚上,見江平
73,邦,博,江,幫江平,幫唐入,見江平
74,栙,下,江,匣江平,匣開二麻上/匣開二麻去,見江平
75,胮,匹,江,滂江平,滂A眞入,見江平
76,瀧,呂,江,來江平,來魚上,見江平
77,雙,所,江,生江平,生魚上,見江平
78,龐,薄,江,並江平,並唐入,見江平
79,肛,許,江,曉江平,曉魚上,見江平
80,胦,握,江,影江平,影江入,見江平
81,腔,苦,江,溪江平,溪模上,見江平
82,幢,宅,江,澄江平,澄開二庚入,見江平
83,憃,丑,江,徹江平,徹尤上,見江平
84,樁,都,江,知江平,端模平,見江平
85,㟅,五,江,疑江平,疑模上,見江平
86,淙,士,江,崇江平,崇之上,見江平
87,支,章,移,章開支平,章開陽平,以開支平
88,移,弋,支,以開支平,以開蒸入,章開支平
89,爲,薳,支,云合支平,云合支上,章開支平
90,嬀,居,爲,見合B支平,見魚平,云合支平
91,𪎮,許,爲,曉合B支平,曉魚上,云合支平
92,逶,於,爲,影合B支平,影魚平,云合支平
93,糜,靡,爲,明B支平,明B支上,云合支平
94,隓,許,規,曉合A支平,曉魚上,見合A支平
95,鬌,直,垂,澄合支平,澄開蒸入,常合支平
96,𡍮,是,爲,常合支平,常開支上,云合支平
97,羸,力,爲,來合支平,來開蒸入,云合支平
98,吹,昌,垂,昌合支平,昌開陽平,常合支平
99,鈹,敷,羈,滂B支平,滂虞平,見開B支平
100,陂,彼,爲,幫B支平,幫B支上,云合支平
101,隨,旬,爲,邪合支平,邪合眞平,云合支平
102,虧,去,爲,溪合B支平,溪魚上/溪魚去,云合支平
103,闚,去,隨,溪合A支平,溪魚上/溪魚去,邪合支平
104,奇,渠,羈,羣開B支平,羣魚平,見開B支平
105,祇,巨,支,羣開A支平,羣魚上,章開支平
106,犧,許,羈,曉開B支平,曉魚上,見開B支平
107,㩻,去,奇,溪開B支平,溪魚上/溪魚去,羣開B支平
108,宜,魚,羈,疑開B支平,疑魚平,見開B支平
109,皮,符,羈,並B支平,並虞平,見開B支平
110,提,是,支,常開支平,常開支上,章開支平
111,兒,汝,移,日開支平,日魚上,以開支平
112,離,呂,支,來開支平,來魚上,章開支平
113,疵,疾,移,從開支平,從開眞入,以開支平
114,貲,即,移,精開支平,精開蒸入,以開支平
115,羈,居,宜,見開B支平,見魚平,疑開B支平
116,卑,府,移,幫A支平,幫虞上,以開支平
117,陴,符,支,並A支平,並虞平,章開支平
118,䌳,式,支,書開支平,書開蒸入,章開支平
119,斯,息,移,心開支平,心開蒸入,以開支平
120,差,楚,宜,初開支平,初魚上,疑開B支平
121,摛,丑,知,徹開支平,徹尤上,知開支平
122,彌,武,移,明A支平,明虞上,以開支平
123,雌,此,移,清開支平,清開支上,以開支平
124,知,陟,離,知開支平,知開蒸入,來開支平
125,漪,於,離,影開B支平,影魚平,來開支平
126,馳,直,離,澄開支平,澄開蒸入,來開支平
127,眭,息,爲,心合支平,心開蒸入,云合支平
128,危,魚,爲,疑合B支平,疑魚平,云合支平
129,詑,香,支,曉開A支平,曉開陽平,章開支平
130,釃,所,宜,生開支平,生魚上,疑開B支平
131,䪎,山,垂,生合支平,生開山平,常合支平
132,痿,人,垂,日合支平,日開眞平,常合支平
133,厜,姊,規,精合支平,精開脂上,見合A支平
134,𩓸,居,隋,見合A支平,見魚平,邪合支平
135,劑,遵,爲,精合支平,精合眞平,云合支平
136,衰,楚,危,初合支平,初魚上,疑合B支平
137,腄,竹,垂,知合支平,知三東入,常合支平
138,䮔,子,垂,精合支平,精之上,常合支平
139,眵,叱,支,昌開支平,昌開眞入,章開支平
140,齜,側,宜,莊開支平,莊開蒸入,疑開B支平
141,𤿎,匹,支,滂A支平,滂A眞入,章開支平
142,䔺,悅,吹,以合支平,以合仙入,昌合支平
143,齹,士,宜,崇開支平,崇之上,疑開B支平
144,脂,旨,夷,章開脂平,章開脂上,以開脂平
145,姨,以,脂,以開脂平,以之上,章開脂平
146,師,疏,夷,生開脂平,生魚平/生魚去,以開脂平
147,𣬈,房,脂,並A脂平,並陽平,章開脂平
148,咨,即,夷,精開脂平,精開蒸入,以開脂平
149,飢,居,夷,見開B脂平,見魚平,以開脂平
150,鴟,處,脂,昌開脂平,昌魚上/昌魚去,章開脂平
151,絺,丑,飢,徹開脂平,徹尤上,見開B脂平
152,郪,取,私,清開脂平,清虞上,心開脂平
153,茨,疾,資,從開脂平,從開眞入,精開脂平
154,尼,女,夷,孃開脂平,孃魚上,以開脂平
155,墀,直,尼,澄開脂平,澄開蒸入,孃開脂平
156,私,息,夷,心開脂平,心開蒸入,以開脂平
157,尸,式,脂,書開脂平,書開蒸入,章開脂平
158,鬐,渠,脂,羣開A脂平,羣魚平,章開脂平
159,伊,於,脂,影開A脂平,影魚平,章開脂平
160,棃,力,脂,來開脂平,來開蒸入,章開脂平
161,葵,渠,追,羣合A脂平,羣魚平,知合脂平
162,追,陟,隹,知合脂平,知開蒸入,章合脂平
163,龜,居,追,見合B脂平,見魚平,知合脂平
164,蕤,儒,隹,日合脂平,日虞平,章合脂平
165,衰,所,追,生合脂平,生魚上,知合脂平
166,惟,以,追,以合脂平,以之上,知合脂平
167,㶟,力,追,來合脂平,來開蒸入,知合脂平
168,綏,息,遺,心合脂平,心開蒸入,以合脂平
169,逵,渠,追,羣合B脂平,羣魚平,知合脂平
170,眉,武,悲,明B脂平,明虞上,幫B脂平
171,悲,府,眉,幫B脂平,幫虞上,明B脂平
172,錐,職,追,章合脂平,章開蒸入,知合脂平
173,誰,視,隹,常合脂平,常開脂上/常開脂去,章合脂平
174,帷,洧,悲,云合脂平,云合脂上,幫B脂平
175,邳,符,悲,並B脂平,並虞平,幫B脂平
176,丕,敷,悲,滂B脂平,滂虞平,幫B脂平
177,倠,許,維,曉合A脂平,曉魚上,以合脂平
178,鎚,直,追,澄合脂平,澄開蒸入,知合脂平
179,推,尺,隹,昌合脂平,昌開清入,章合脂平
180,胝,丁,尼,知開脂平,端開青平,孃開脂平
181,紕,匹,夷,滂A脂平,滂A眞入,以開脂平
182,嶉,醉,綏,精合脂平,精合脂去,心合脂平
183,巋,丘,追,溪合B脂平,溪尤平,知合脂平
184,狋,牛,肌,疑開B脂平,疑尤平,見開B脂平
185,咦,喜,夷,曉開A脂平,曉之上,以開脂平
186,之,止,而,章之平,章之上,日之平
187,飴,與,之,以之平,以魚上/以魚去,章之平
188,時,市,之,常之平,常之上,章之平
189,疑,語,其,疑之平,疑魚上,羣之平
190,思,息,兹,心之平,心開蒸入,精之平
191,輜,楚,持,初之平,初魚上,澄之平
192,其,渠,之,羣之平,羣魚平,章之平
193,詩,書,之,書之平,書魚平,章之平
194,而,如,之,日之平,日魚平,章之平
195,欺,去,其,溪之平,溪魚上/溪魚去,羣之平
196,姬,居,之,見之平,見魚平,章之平
197,詞,似,兹,邪之平,邪之上,精之平
198,釐,里,之,來之平,來之上,章之平
199,菑,側,持,莊之平,莊開蒸入,澄之平
200,僖,許,其,曉之平,曉魚上,羣之平
201,醫,於,其,影之平,影魚平,羣之平
202,癡,丑,之,徹之平,徹尤上,章之平
203,治,直,之,澄之平,澄開蒸入,章之平
204,蚩,赤,之,昌之平,昌開清入,章之平
205,慈,疾,之,從之平,從開眞入,章之平
206,兹,子,之,精之平,精之上,章之平
207,茬,士,之,崇之平,崇之上,章之平
208,漦,俟,甾,俟之平,俟之上,莊之平
209,抾,丘,之,溪之平,溪尤平,章之平
210,䀵,式,其,書之平,書開蒸入,羣之平
211,微,無,非,明微平,明虞平,幫微平
212,揮,許,歸,曉合微平,曉魚上,見合微平
213,幃,雨,非,云合微平,云虞上,幫微平
214,霏,芳,非,滂微平,滂陽平,幫微平
215,猆,甫,微,幫微平,幫虞上,明微平
216,肥,符,非,並微平,並虞平,幫微平
217,威,於,非,影合微平,影魚平,幫微平
218,祈,渠,希,羣開微平,羣魚平,曉開微平
219,機,居,依,見開微平,見魚平,影開微平
220,希,香,衣,曉開微平,曉開陽平,影開微平
221,依,於,希,影開微平,影魚平,曉開微平
222,沂,魚,衣,疑開微平,疑魚平,影開微平
223,巍,語,韋,疑合微平,疑魚上,云合微平
224,歸,舉,韋,見合微平,見魚上,云合微平
225,蘬,丘,韋,溪合微平,溪尤平,云合微平
226,魚,語,居,疑魚平,疑魚上,見魚平
227,初,楚,居,初魚平,初魚上,見魚平
228,書,傷,魚,書魚平,書開陽平,疑魚平
229,居,九,魚,見魚平,見尤上,疑魚平
230,渠,強,魚,羣魚平,羣開陽平,疑魚平
231,余,以,諸,以魚平,以之上,章魚平
232,胥,相,居,心魚平,心開陽平/心開陽去,見魚平
233,疽,七,余,清魚平,清開眞入,以魚平
234,鉏,士,魚,崇魚平,崇之上,疑魚平
235,攄,丑,居,徹魚平,徹尤上,見魚平
236,疏,所,葅,生魚平,生魚上,莊魚平
237,虛,朽,居,曉魚平,曉尤上,見魚平
238,徐,似,魚,邪魚平,邪之上,疑魚平
239,於,央,居,影魚平,影開陽平,見魚平
240,豬,陟,魚,知魚平,知開蒸入,疑魚平
241,臚,力,居,來魚平,來開蒸入,見魚平
242,諸,章,魚,章魚平,章開陽平,疑魚平
243,除,直,魚,澄魚平,澄開蒸入,疑魚平
244,如,人,諸,日魚平,日開眞平,章魚平
245,且,子,魚,精魚平,精之上,疑魚平
246,虛,去,魚,溪魚平,溪魚上/溪魚去,疑魚平
247,菹,側,魚,莊魚平,莊開蒸入,疑魚平
248,蜍,署,魚,常魚平,常魚去,疑魚平
249,袽,女,余,孃魚平,孃魚上,以魚平
250,虞,遇,俱,疑虞平,疑虞去,見虞平
251,芻,測,隅,初虞平,初開蒸入,疑虞平
252,無,武,夫,明虞平,明虞上,幫虞平
253,于,羽,俱,云虞平,云虞上/云虞去,見虞平
254,訏,況,于,曉虞平,曉合陽去,云虞平
255,衢,其,俱,羣虞平,羣之平,見虞平
256,儒,人,朱,日虞平,日開眞平,章虞平
257,須,相,俞,心虞平,心開陽平/心開陽去,以虞平
258,株,陟,輸,知虞平,知開蒸入,書虞平
259,貙,敕,俱,徹虞平,徹開蒸入,見虞平
260,殊,市,朱,常虞平,常之上,章虞平
261,逾,羊,朱,以虞平,以開陽平,章虞平
262,區,豈,俱,溪虞平,溪開微上,見虞平
263,朱,章,俱,章虞平,章開陽平,見虞平
264,趨,七,逾,清虞平,清開眞入,以虞平
265,慺,力,朱,來虞平,來開蒸入,章虞平
266,扶,防,無,並虞平,並陽平/並陽去,明虞平
267,䅳,仕,于,崇虞平,崇之上,云虞平
268,㑳,莊,俱,莊虞平,莊開陽平,見虞平
269,敷,芳,無,滂虞平,滂陽平,明虞平
270,諏,子,于,精虞平,精之上,云虞平
271,跗,甫,無,幫虞平,幫虞上,明虞平
272,紆,憶,俱,影虞平,影開蒸入,見虞平
273,輸,式,朱,書虞平,書開蒸入,章虞平
274,樞,昌,朱,昌虞平,昌開陽平,章虞平
275,廚,直,誅,澄虞平,澄開蒸入,知虞平
276,拘,舉,朱,見虞平,見魚上,章虞平
277,毹,山,芻,生虞平,生開山平,初虞平
278,模,莫,胡,明模平,明唐入,匣模平
279,酺,薄,胡,並模平,並唐入,匣模平
280,胡,戶,吳,匣模平,匣模上,疑模平
281,孤,古,胡,見模平,見模上,匣模平
282,徒,同,都,定模平,定一東平,端模平
283,奴,乃,都,泥模平,泥咍上,端模平
284,呼,荒,烏,曉模平,曉合唐平/曉合唐去,影模平
285,吾,五,乎,疑模平,疑模上,匣模平
286,租,則,吾,精模平,精開登入,疑模平
287,盧,落,胡,來模平,來開唐入,匣模平
288,蘇,素,姑,心模平,心模去,見模平
289,徂,昨,胡,從模平,從開唐入,匣模平
290,烏,哀,都,影模平,影咍平,端模平
291,逋,博,孤,幫模平,幫唐入,見模平
292,枯,苦,胡,溪模平,溪模上,匣模平
293,麤,倉,胡,清模平,清開唐平,匣模平
294,㻌,他,胡,透模平,透開一歌平,匣模平
295,都,當,孤,端模平,端開唐平/端開唐去,見模平
296,𥠵,普,胡,滂模平,滂模上,匣模平
297,齊,徂,奚,從開齊平,從模平,匣開齊平
298,黎,郎,奚,來開齊平,來開唐平,匣開齊平
299,妻,七,稽,清開齊平,清開眞入,見開齊平
300,低,都,奚,端開齊平,端模平,匣開齊平
301,嗁,杜,奚,定開齊平,定模上,匣開齊平
302,豍,邊,兮,幫齊平,幫先平,匣開齊平
303,雞,古,奚,見開齊平,見模上,匣開齊平
304,奚,胡,雞,匣開齊平,匣模平,見開齊平
305,鷖,烏,奚,影開齊平,影模平,匣開齊平
306,倪,五,稽,疑開齊平,疑模上,見開齊平
307,醯,呼,雞,曉開齊平,曉模平,見開齊平
308,西,先,稽,心開齊平,心開先平/心開先去,見開齊平
309,梯,土,雞,透開齊平,透模上,見開齊平
310,鼙,部,迷,並齊平,並模上/並侯上,明齊平
311,磇,匹,迷,滂齊平,滂A眞入,明齊平
312,齎,祖,稽,精開齊平,精模上,見開齊平
313,迷,莫,兮,明齊平,明唐入,匣開齊平
314,泥,奴,低,泥開齊平,泥模平,端開齊平
315,谿,苦,奚,溪開齊平,溪模上,匣開齊平
316,圭,古,攜,見合齊平,見模上,匣合齊平
317,睽,苦,圭,溪合齊平,溪模上,見合齊平
318,攜,戶,圭,匣合齊平,匣模上,見合齊平
319,臡,人,兮,日開齊平,日開眞平,匣開齊平
320,栘,成,臡,常開齊平,常開清平,日開齊平/泥開齊平
321,烓,烏,攜,影合齊平,影模平,匣合齊平
322,睳,呼,攜,曉合齊平,曉模平,匣合齊平
323,佳,古,膎,見開佳平,見模上,匣開佳平
324,㥟,戶,佳,匣開佳平,匣模上,見開佳平
325,牌,薄,佳,並佳平,並唐入,見開佳平
326,媧,古,蛙,見合佳平,見模上,影合佳平
327,蛙,烏,媧,影合佳平,影模平,見合佳平
328,咼,苦,緺,溪合佳平,溪模上,見合佳平
329,柴,士,佳,崇開佳平,崇之上,見開佳平
330,釵,楚,佳,初開佳平,初魚上,見開佳平
331,竵,火,媧,曉合佳平,曉合一歌上,見合佳平
332,䍲,㚷,佳,孃開佳平,孃開佳上,見開佳平
333,崖,五,佳,疑開佳平,疑模上,見開佳平
334,娃,於,佳,影開佳平,影魚平,見開佳平
335,崽,山,佳,生開佳平,生開山平,見開佳平
336,㗨,火,佳,曉開佳平,曉合一歌上,見開佳平
337,扠,丑,佳,徹開佳平,徹尤上,見開佳平
338,䁲,莫,佳,明佳平,明唐入,見開佳平
339,鼃,戶,媧,匣合佳平,匣模上,見合佳平
340,皆,古,諧,見開皆平,見模上,匣開皆平
341,𢰇,乙,諧,影開皆平,影開B眞入,匣開皆平
342,諧,戶,皆,匣開皆平,匣模上,見開皆平
343,排,步,皆,並皆平,並模去,見開皆平
344,乖,古,懷,見合皆平,見模上,匣合皆平
345,懷,戶,乖,匣合皆平,匣模上,見合皆平
346,匯,苦,淮,溪合皆平,溪模上,匣合皆平
347,豺,士,皆,崇開皆平,崇之上,見開皆平
348,差,楚,皆,初開皆平,初魚上,見開皆平
349,虺,呼,懷,曉合皆平,曉模平,匣合皆平
350,尵,杜,懷,澄合皆平,定模上,匣合皆平
351,埋,莫,皆,明皆平,明唐入,見開皆平
352,齋,側,皆,莊開皆平,莊開蒸入,見開皆平
353,崴,乙,乖,影合皆平,影開B眞入,見合皆平
354,𪘨,卓,皆,知開皆平,知江入,見開皆平
355,唻,賴,諧,來開皆平,來開泰去,匣開皆平
356,揩,口,皆,溪開皆平,溪侯上,見開皆平
357,搱,諾,皆,孃開皆平,泥開唐入,見開皆平
358,崽,山,皆,生開皆平,生開山平,見開皆平
359,𩂢,擬,皆,疑開皆平,疑之上,見開皆平
360,搋,丑,皆,徹開皆平,徹尤上,見開皆平
361,俙,喜,皆,曉開皆平,曉之上,見開皆平
362,䐯,力,懷,來合皆平,來開蒸入,匣合皆平
363,膗,仕,懷,崇合皆平,崇之上,匣合皆平
364,灰,呼,恢,曉灰平,曉模平,溪灰平
365,恢,苦,回,溪灰平,溪模上,匣灰平
366,隈,烏,恢,影灰平,影模平,溪灰平
367,回,戶,恢,匣灰平,匣模上,溪灰平
368,枚,莫,杯,明灰平,明唐入,幫灰平
369,傀,公,回,見灰平,見一東平,匣灰平
370,雷,魯,回,來灰平,來模上,匣灰平
371,穨,杜,回,定灰平,定模上,匣灰平
372,崔,倉,回,清灰平,清開唐平,匣灰平
373,磓,都,回,端灰平,端模平,匣灰平
374,𤗯,素,回,心灰平,心模去,匣灰平
375,摧,昨,回,從灰平,從開唐入,匣灰平
376,裴,薄,回,並灰平,並唐入,匣灰平
377,桮,布,回,幫灰平,幫模去,匣灰平
378,肧,芳,杯,滂灰平,滂陽平,幫灰平
379,鮠,五,灰,疑灰平,疑模上,曉灰平
380,𨌴,他,回,透灰平,透開一歌平,匣灰平
381,𢆃,乃,回,泥灰平,泥咍上,匣灰平
382,嗺,臧,回,精灰平,精開唐平,匣灰平
383,咍,呼,來,曉咍平,曉模平,來咍平
384,開,苦,哀,溪咍平,溪模上,影咍平
385,哀,烏,開,影咍平,影模平,溪咍平
386,臺,徒,哀,定咍平,定模平,影咍平
387,該,古,哀,見咍平,見模上,影咍平
388,裁,昨,哉,從咍平,從開唐入,精咍平
389,來,落,哀,來咍平,來開唐入,影咍平
390,烖,祖,才,精咍平,精模上,從咍平
391,猜,倉,才,清咍平,清開唐平,從咍平
392,𤗏,扶,來,並灰平,並虞平,來咍平
393,胎,土,來,透咍平,透模上,來咍平
394,孩,戶,來,匣咍平,匣模上,來咍平
395,鰓,蘇,來,心咍平,心模平,來咍平
396,皚,五,來,疑咍平,疑模上,來咍平
397,能,奴,來,泥咍平,泥模平,來咍平
398,𪒴,丁,來,端咍平,端開青平,來咍平
399,㹗,昌,來,昌咍平,昌開陽平,來咍平
400,𡜊,普,才,滂灰平,滂模上,從咍平
401,真,職,鄰,章開眞平,章開蒸入,來開眞平
402,𤣆,丑,人,徹開眞平,徹尤上,日開眞平
403,因,於,真,影開A眞平,影魚平,章開眞平
404,新,息,鄰,心開眞平,心開蒸入,來開眞平
405,辰,植,鄰,常開眞平,常開蒸入,來開眞平
406,仁,如,鄰,日開眞平,日魚平,來開眞平
407,神,食,鄰,船開眞平,船開蒸入,來開眞平
408,親,七,人,清開眞平,清開眞入,日開眞平
409,礥,下,珍,云開眞平,匣開二麻上/匣開二麻去,知開眞平
410,申,失,人,書開眞平,書開眞入,日開眞平
411,賓,必,鄰,幫A眞平,幫A眞入,來開眞平
412,㷠,力,珍,來開眞平,來開蒸入,知開眞平
413,𥎊,巨,巾,羣開B眞平,羣魚上,見開B眞平
414,珍,陟,鄰,知開眞平,知開蒸入,來開眞平
415,陳,直,珍,澄開眞平,澄開蒸入,知開眞平
416,津,將,鄰,精開眞平,精開陽平/精開陽去,來開眞平
417,瞋,昌,真,昌開眞平,昌開陽平,章開眞平
418,秦,匠,鄰,從開眞平,從開陽去,來開眞平
419,寅,翼,真,以開眞平,以開蒸入,章開眞平
420,紉,女,鄰,孃開眞平,孃魚上,來開眞平
421,繽,匹,賓,滂A眞平,滂A眞入,幫A眞平
422,頻,符,真,並A眞平,並虞平,章開眞平
423,銀,語,巾,疑開B眞平,疑魚上,見開B眞平
424,巾,居,銀,見開B眞平,見魚平,疑開B眞平
425,麏,居,筠,見合B眞平,見魚平,云合眞平
426,筠,爲,贇,云合眞平,云合支平/云合支去,影合B眞平
427,囷,去,倫,溪合B眞平,溪魚上/溪魚去,來合眞平
428,珉,武,巾,明B眞平,明虞上,見開B眞平
429,貧,符,巾,並B眞平,並虞平,見開B眞平
430,𪔗,於,巾,影開B眞平,影魚平,見開B眞平
431,贇,於,倫,影合B眞平,影魚平,來合眞平
432,彬,府,巾,幫B眞平,幫虞上,見開B眞平
433,民,彌,鄰,明A眞平,明A支平,來開眞平
434,諄,章,倫,章合眞平,章開陽平,來合眞平
435,椿,丑,倫,徹合眞平,徹尤上,來合眞平
436,䣩,直,倫,澄合眞平,澄開蒸入,來合眞平
437,荀,相,倫,心合眞平,心開陽平/心開陽去,來合眞平
438,純,常,倫,常合眞平,常開陽平,來合眞平
439,犉,如,勻,日合眞平,日魚平,以合眞平
440,脣,食,倫,船合眞平,船開蒸入,來合眞平
441,淪,力,迍,來合眞平,來開蒸入,知合眞平
442,屯,陟,綸,知合眞平,知開蒸入,來合眞平
443,逡,七,倫,清合眞平,清開眞入,來合眞平
444,遵,將,倫,精合眞平,精開陽平/精開陽去,來合眞平
445,春,昌,脣,昌合眞平,昌開陽平,船合眞平
446,鷷,昨,旬,從合眞平,從開唐入,邪合眞平
447,勻,羊,倫,以合眞平,以開陽平,來合眞平
448,旬,詳,遵,邪合眞平,邪開陽平,精合眞平
449,均,居,勻,見合A眞平,見魚平,以合眞平
450,𧼒,渠,人,羣開A眞平,羣魚平,日開眞平
451,砏,普,巾,滂B眞平,滂模上,見開B眞平
452,臻,側,詵,莊臻平,莊開蒸入,生臻平
453,莘,所,臻,生臻平,生魚上,莊臻平
454,𦿒,士,臻,崇臻平,崇之上,莊臻平
455,文,無,分,明文平,明虞平,幫文平
456,雲,王,分,云文平,云合陽平,幫文平
457,熅,於,云,影文平,影魚平,云文平
458,汾,符,分,並文平,並虞平,幫文平
459,分,府,文,幫文平,幫虞上,明文平
460,羣,渠,云,羣文平,羣魚平,云文平
461,薰,許,云,曉文平,曉魚上,云文平
462,君,舉,云,見文平,見魚上,云文平
463,芬,撫,文,滂文平,滂虞上,明文平
464,欣,許,斤,曉欣平,曉魚上,見欣平
465,殷,於,斤,影欣平,影魚平,見欣平
466,勤,巨,斤,羣欣平,羣魚上,見欣平
467,斤,舉,欣,見欣平,見魚上,曉欣平
468,䖐,語,斤,疑欣平,疑魚上,見欣平
469,元,愚,袁,疑合元平,疑虞平,云合元平
470,袁,雨,元,云合元平,云虞上,疑合元平
471,煩,附,袁,並元平,並虞去,云合元平
472,飜,孚,袁,滂元平,滂虞平,云合元平
473,暄,況,袁,曉合元平,曉合陽去,云合元平
474,鴛,於,袁,影合元平,影魚平,云合元平
475,言,語,軒,疑開元平,疑魚上,曉開元平
476,攑,丘,言,溪開元平,溪尤平,疑開元平
477,軒,虛,言,曉開元平,曉魚平,疑開元平
478,𢳚,居,言,見開元平,見魚平,疑開元平
479,蔫,謁,言,影開元平,影開元入,疑開元平
480,蕃,甫,煩,幫元平,幫虞上,並元平
481,𥴤,巨,言,羣開元平,羣魚上,疑開元平
482,樠,武,元,明元平,明虞上,疑合元平
483,䰟,戶,昆,匣魂平,匣模上,見魂平
484,昆,古,渾,見魂平,見模上,匣魂平
485,𥁕,烏,渾,影魂平,影模平,匣魂平
486,門,莫,奔,明魂平,明唐入,幫魂平
487,孫,思,渾,心魂平,心之平/心之去,匣魂平
488,尊,祖,昆,精魂平,精模上,見魂平
489,存,徂,尊,從魂平,從模平,精魂平
490,敦,都,昆,端魂平,端模平,見魂平
491,暾,他,昆,透魂平,透開一歌平,見魂平
492,屯,徒,渾,定魂平,定模平,匣魂平
493,村,此,尊,清魂平,清開支上,精魂平
494,㑮,牛,昆,疑魂平,疑尤平,見魂平
495,盆,蒲,奔,並魂平,並模平,幫魂平
496,奔,博,昆,幫魂平,幫唐入,見魂平
497,論,盧,昆,來魂平,來模平,見魂平
498,坤,苦,昆,溪魂平,溪模上,見魂平
499,昏,呼,昆,曉魂平,曉模平,見魂平
500,濆,普,䰟,滂魂平,滂模上,匣魂平
501,黁,奴,昆,泥魂平,泥模平,見魂平
502,痕,戶,恩,匣痕平,匣模上,影痕平
503,根,古,痕,見痕平,見模上,匣痕平
504,恩,烏,痕,影痕平,影模平,匣痕平
505,吞,吐,根,透痕平,透模上/透模去,見痕平
506,垠,五,根,疑痕平,疑模上,見痕平
507,寒,胡,安,匣開寒平,匣模平,影開寒平
508,豻,俄,寒,疑開寒平,疑開一歌平,匣開寒平
509,單,都,寒,端開寒平,端模平,匣開寒平
510,安,烏,寒,影開寒平,影模平,匣開寒平
511,難,那,干,泥開寒平,泥開一歌平,見開寒平
512,餐,七,安,清開寒平,清開眞入,影開寒平
513,灘,他,干,透開寒平,透開一歌平,見開寒平
514,𦙱,蘇,干,心開寒平,心模平,見開寒平
515,壇,徒,干,定開寒平,定模平,見開寒平
516,殘,昨,干,從開寒平,從開唐入,見開寒平
517,干,古,寒,見開寒平,見模上,匣開寒平
518,蘭,落,干,來開寒平,來開唐入,見開寒平
519,看,苦,寒,溪開寒平,溪模上,匣開寒平
520,頇,許,干,曉開寒平,曉魚上,見開寒平
521,濡,乃,官,泥合寒平,泥咍上,見合寒平
522,桓,胡,官,匣合寒平,匣模平,見合寒平
523,岏,五,丸,疑合寒平,疑模上,匣合寒平
524,端,多,官,端合寒平,端開一歌平,見合寒平
525,剜,一,丸,影合寒平,影開A眞入,匣合寒平
526,湍,他,端,透合寒平,透開一歌平,端合寒平
527,酸,素,官,心合寒平,心模去,見合寒平
528,團,度,官,定合寒平,定模去/定開唐入,見合寒平
529,欑,在,丸,從合寒平,從咍上/從咍去,匣合寒平
530,官,古,丸,見合寒平,見模上,匣合寒平
531,鑾,落,官,來合寒平,來開唐入,見合寒平
532,歡,呼,官,曉合寒平,曉模平,見合寒平
533,寬,苦,官,溪合寒平,溪模上,見合寒平
534,鑽,借,官,精合寒平,精開三麻去/精開清入,見合寒平
535,槃,薄,官,並寒平,並唐入,見合寒平
536,瞞,母,官,明寒平,明侯上,見合寒平
537,潘,普,官,滂寒平,滂模上,見合寒平
538,𤳖,北,潘,幫寒平,幫登入,滂寒平
539,刪,所,姦,生開刪平,生魚上,見開刪平
540,關,古,還,見合刪平,見模上,匣合刪平
541,彎,烏,關,影合刪平,影模平,見合刪平
542,𣟴,數,還,生合刪平,生虞上/生虞去/生江入,匣合刪平
543,還,戶,關,匣合刪平,匣模上,見合刪平
544,班,布,還,幫刪平,幫模去,匣合刪平
545,蠻,莫,還,明刪平,明唐入,匣合刪平
546,顏,五,姦,疑開刪平,疑模上,見開刪平
547,姦,古,顏,見開刪平,見模上,疑開刪平
548,攀,普,班,滂刪平,滂模上,幫刪平
549,奻,奴,還,孃合刪平,泥模平,匣合刪平
550,𤸷,五,還,疑合刪平,疑模上,匣合刪平
551,馯,丘,姦,溪開刪平,溪尤平,見開刪平
552,豻,可,顏,溪開刪平,溪開一歌上,疑開刪平
553,跧,阻,頑,莊合刪平,莊魚上,疑合刪平
554,山,所,閒,生開山平,生魚上,匣開山平
555,鰥,古,頑,見合山平,見模上,疑合刪平
556,間,古,閑,見開山平,見模上,匣開山平
557,閒,戶,閒,匣開山平,匣模上,匣開山平
558,慳,苦,閑,溪開山平,溪模上,匣開山平
559,虥,士,山,崇開山平,崇之上,生開山平
560,羴,許,閒,曉開山平,曉魚上,匣開山平
561,訮,五,閑,疑開山平,疑模上,匣開山平
562,黰,烏,閑,影開山平,影模平,匣開山平
563,斒,方,閑,幫山平,幫陽平,匣開山平
564,斕,力,閑,來開山平,來開蒸入,匣開山平
565,嘫,女,閑,孃開山平,孃魚上,匣開山平
566,㺗,充,山,昌開山平,昌三東平,生開山平
567,𡣬,委,鰥,影合山平,影合B支上,見合山平
568,窀,墜,頑,澄合山平,澄合脂去,疑合刪平
569,𡰠,力,頑,來合山平,來開蒸入,疑合刪平
570,𡰝,跪,頑,羣合山平,羣合B支上,疑合刪平
571,譠,陟,山,知開山平,知開蒸入,生開山平
572,𤣆,直,閑,澄開山平,澄開蒸入,匣開山平
573,湲,獲,頑,匣合山平,匣合耕入,疑合刪平
574,虥,昨,閑,崇開山平,從開唐入,匣開山平
575,先,蘇,前,心開先平,心模平,從開先平
576,前,昨,先,從開先平,從開唐入,心開先平
577,千,蒼,先,清開先平,清開唐平,心開先平
578,箋,則,前,精開先平,精開登入,從開先平
579,天,他,前,透開先平,透開一歌平,從開先平
580,堅,古,賢,見開先平,見模上,匣開先平
581,賢,胡,田,匣開先平,匣模平,定開先平
582,煙,烏,前,影開先平,影模平,從開先平
583,蓮,落,賢,來開先平,來開唐入,匣開先平
584,田,徒,年,定開先平,定模平,泥開先平
585,秊,奴,顛,泥開先平,泥模平,端開先平
586,顛,都,年,端開先平,端模平,泥開先平
587,牽,苦,堅,溪開先平,溪模上,見開先平
588,妍,五,堅,疑開先平,疑模上,見開先平
589,眠,莫,賢,明先平,明唐入,匣開先平
590,蹁,部,田,並先平,並模上/並侯上,定開先平
591,淵,烏,玄,影合先平,影模平,匣合先平
592,涓,古,玄,見合先平,見模上,匣合先平
593,鋗,火,玄,曉合先平,曉合一歌上,匣合先平
594,邊,布,玄,幫先平,幫模去,匣合先平
595,玄,胡,涓,匣合先平,匣模平,見合先平
596,祆,呼,煙,曉開先平,曉模平,影開先平
597,𤜼,崇,玄,崇合先平,崇三東平,匣合先平
598,仙,相,然,心開仙平,心開陽平/心開陽去,日開仙平
599,錢,昨,仙,從開仙平,從開唐入,心開仙平
600,遷,七,然,清開仙平,清開眞入,日開仙平
601,煎,子,仙,精開仙平,精之上,心開仙平
602,然,如,延,日開仙平,日魚平,以開仙平
603,延,以,然,以開仙平,以之上,日開仙平
604,𩜾,諸,延,章開仙平,章魚平,以開仙平
605,甄,居,延,見開A仙平,見魚平,以開仙平
606,邅,張,連,知開仙平,知開陽平,來開仙平
607,潺,士,連,崇開仙平,崇之上,來開仙平
608,羶,式,連,書開仙平,書開蒸入,來開仙平
609,脠,丑,延,徹開仙平,徹尤上,以開仙平
610,鋋,市,連,常開仙平,常之上,來開仙平
611,纏,直,連,澄開仙平,澄開蒸入,來開仙平
612,嘕,許,延,曉開B仙平,曉魚上,以開仙平
613,連,力,延,來開仙平,來開蒸入,以開仙平
614,篇,芳,連,滂A仙平,滂陽平,來開仙平
615,便,房,連,並A仙平,並陽平,來開仙平
616,緜,武,延,明A仙平,明虞上,以開仙平
617,全,疾,緣,從合仙平,從開眞入,以合仙平
618,宣,須,緣,心合仙平,心虞平,以合仙平
619,鐫,子,泉,精合仙平,精之上,從合仙平
620,翾,許,緣,曉合A仙平,曉魚上,以合仙平
621,堧,而,緣,日合仙平,日之平,以合仙平
622,穿,昌,緣,昌合仙平,昌開陽平,以合仙平
623,沿,與,專,以合仙平,以魚上/以魚去,章合仙平
624,旋,似,宣,邪合仙平,邪之上,心合仙平
625,娟,於,緣,影合A仙平,影魚平,以合仙平
626,船,食,川,船合仙平,船開蒸入,昌合仙平
627,鞭,卑,連,幫A仙平,幫A支平,來開仙平
628,㳄,夕,連,邪開仙平,邪開清入,來開仙平
629,詮,此,緣,清合仙平,清開支上,以合仙平
630,專,職,緣,章合仙平,章開蒸入,以合仙平
631,遄,市,緣,常合仙平,常之上,以合仙平
632,員,王,權,云合仙平,云合陽平,羣合B仙平
633,恮,莊,緣,莊合仙平,莊開陽平,以合仙平
634,栓,山,員,生合仙平,生開山平,云合仙平
635,猭,丑,緣,徹合仙平,徹尤上,以合仙平
636,乾,渠,焉,羣開B仙平,羣魚平,影開B仙平
637,愆,去,乾,溪開B仙平,溪魚上/溪魚去,羣開B仙平
638,權,巨,員,羣合B仙平,羣魚上,云合仙平
639,椽,直,攣,澄合仙平,澄開蒸入,來合仙平
640,攣,呂,員,來合仙平,來魚上,云合仙平
641,弮,丘,圓,溪合B仙平,溪尤平,云合仙平
642,焉,於,乾,影開B仙平,影魚平,羣開B仙平
643,漹,有,乾,云開仙平,云尤上,羣開B仙平
644,𡣬,於,權,影合B仙平,影魚平,羣合B仙平
645,燀,尺,延,昌開仙平,昌開清入,以開仙平
646,𡰝,丁,全,知合仙平,端開青平,從合仙平
647,勬,居,員,見合B仙平,見魚平,云合仙平
648,蕭,蘇,彫,心蕭平,心模平,端蕭平
649,祧,吐,彫,透蕭平,透模上/透模去,端蕭平
650,貂,都,聊,端蕭平,端模平,來蕭平
651,迢,徒,聊,定蕭平,定模平,來蕭平
652,驍,古,堯,見蕭平,見模上,疑蕭平
653,聊,落,蕭,來蕭平,來開唐入,心蕭平
654,堯,五,聊,疑蕭平,疑模上,來蕭平
655,膮,許,幺,曉蕭平,曉魚上,影蕭平
656,幺,於,堯,影蕭平,影魚平,疑蕭平
657,鄡,苦,幺,溪蕭平,溪模上,影蕭平
658,宵,相,邀,心宵平,心開陽平/心開陽去,影A宵平
659,超,敕,宵,徹宵平,徹開蒸入,心宵平
660,朝,陟,遙,知宵平,知開蒸入,以宵平
661,鼂,直,遙,澄宵平,澄開蒸入,以宵平
662,囂,許,嬌,曉B宵平,曉魚上,見B宵平
663,樵,昨,焦,從宵平,從開唐入,精宵平
664,驕,舉,喬,見B宵平,見魚上,羣B宵平
665,焦,即,消,精宵平,精開蒸入,心宵平
666,饒,如,招,日宵平,日魚平,章宵平
667,燒,式,招,書宵平,書開蒸入,章宵平
668,遙,餘,昭,以宵平,以魚平,章宵平
669,韶,市,昭,常宵平,常之上,章宵平
670,昭,止,遙,章宵平,章之上,以宵平
671,飆,甫,遙,幫A宵平,幫虞上,以宵平
672,鑣,甫,嬌,幫B宵平,幫虞上,見B宵平
673,瓢,符,霄,並A宵平,並虞平,心宵平
674,蜱,彌,遙,明A宵平,明A支平,以宵平
675,苗,武,瀌,明B宵平,明虞上,幫B宵平
676,要,於,霄,影A宵平,影魚平,心宵平
677,鴞,于,嬌,云宵平,云虞平,見B宵平
678,喬,巨,嬌,羣B宵平,羣魚上,見B宵平
679,鍫,七,遙,清宵平,清開眞入,以宵平
680,妖,於,喬,影B宵平,影魚平,羣B宵平
681,蹻,去,遙,溪A宵平,溪魚上/溪魚去,以宵平
682,怊,尺,招,昌宵平,昌開清入,章宵平
683,𤐫,撫,招,滂A宵平,滂虞上,章宵平
684,翹,渠,遙,羣A宵平,羣魚平,以宵平
685,燎,力,昭,來宵平,來開蒸入,章宵平
686,趫,起,囂,溪B宵平,溪之上,曉B宵平
687,肴,胡,茅,匣肴平,匣模平,明肴平
688,交,古,肴,見肴平,見模上,匣肴平
689,巢,鉏,交,崇肴平,崇魚平/崇魚上,見肴平
690,鐃,女,交,孃肴平,孃魚上,見肴平
691,梢,所,交,生肴平,生魚上,見肴平
692,茅,莫,交,明肴平,明唐入,見肴平
693,虓,許,交,曉肴平,曉魚上,見肴平
694,包,布,交,幫肴平,幫模去,見肴平
695,胞,匹,交,滂肴平,滂A眞入,見肴平
696,敲,口,交,溪肴平,溪侯上,見肴平
697,聱,五,交,疑肴平,疑模上,見肴平
698,𦗔,側,交,莊肴平,莊開蒸入,見肴平
699,嘲,陟,交,知肴平,知開蒸入,見肴平
700,䜈,楚,交,初肴平,初魚上,見肴平
701,庖,薄,交,並肴平,並唐入,見肴平
702,䫜,於,交,影肴平,影魚平,見肴平
703,䫸,敕,交,徹肴平,徹開蒸入,見肴平
704,顟,力,嘲,來肴平,來開蒸入,知肴平
705,䄻,直,交,澄肴平,澄開蒸入,見肴平
706,豪,胡,刀,匣豪平,匣模平,端豪平
707,高,古,勞,見豪平,見模上,來豪平
708,勞,魯,刀,來豪平,來模上,端豪平
709,蒿,呼,毛,曉豪平,曉模平,明豪平
710,毛,莫,袍,明豪平,明唐入,並豪平
711,饕,土,刀,透豪平,透模上,端豪平
712,刀,都,牢,端豪平,端模平,來豪平
713,騷,蘇,遭,心豪平,心模平,精豪平
714,袍,薄,襃,並豪平,並唐入,幫豪平
715,襃,博,毛,幫豪平,幫唐入,明豪平
716,陶,徒,刀,定豪平,定模平,端豪平
717,糟,作,曹,精豪平,精模去/精開一歌去/精開唐入,從豪平
718,敖,五,勞,疑豪平,疑模上,來豪平
719,曹,昨,勞,從豪平,從開唐入,來豪平
720,𤏶,於,刀,影豪平,影魚平,端豪平
721,猱,奴,刀,泥豪平,泥模平,端豪平
722,尻,苦,刀,溪豪平,溪模上,端豪平
723,操,七,刀,清豪平,清開眞入,端豪平
724,㯱,普,袍,滂豪平,滂模上,並豪平
725,歌,古,俄,見開一歌平,見模上,疑開一歌平
726,蹉,七,何,清開一歌平,清開眞入,匣開一歌平
727,多,得,何,端開一歌平,端開登入,匣開一歌平
728,娑,素,何,心開一歌平,心模去,匣開一歌平
729,駝,徒,河,定開一歌平,定模平,匣開一歌平
730,醝,昨,何,從開一歌平,從開唐入,匣開一歌平
731,莪,五,何,疑開一歌平,疑模上,匣開一歌平
732,佗,託,何,透開一歌平,透開唐入,匣開一歌平
733,羅,魯,何,來開一歌平,來模上,匣開一歌平
734,那,諾,何,泥開一歌平,泥開唐入,匣開一歌平
735,何,胡,歌,匣開一歌平,匣模平,見開一歌平
736,訶,虎,何,曉開一歌平,曉模上,匣開一歌平
737,珂,苦,何,溪開一歌平,溪模上,匣開一歌平
738,阿,烏,何,影開一歌平,影模平,匣開一歌平
739,戈,古,禾,見合一歌平,見模上,匣合一歌平
740,遳,七,戈,清合一歌平,清開眞入,見合一歌平
741,𨹄,丁,戈,端合一歌平,端開青平,見合一歌平
742,莎,蘇,禾,心合一歌平,心模平,匣合一歌平
743,婆,薄,波,並一歌平,並唐入,幫一歌平
744,㸰,徒,和,定合一歌平,定模平,匣合一歌平
745,摩,莫,婆,明一歌平,明唐入,並一歌平
746,矬,昨,禾,從合一歌平,從開唐入,匣合一歌平
747,訛,五,禾,疑合一歌平,疑模上,匣合一歌平
748,詑,土,禾,透合一歌平,透模上,匣合一歌平
749,𩼊,落,戈,來合一歌平,來開唐入,見合一歌平
750,捼,奴,禾,泥合一歌平,泥模平,匣合一歌平
751,波,博,禾,幫一歌平,幫唐入,匣合一歌平
752,頗,滂,禾,滂一歌平,滂唐平,匣合一歌平
753,和,戶,戈,匣合一歌平,匣模上,見合一歌平
754,科,苦,禾,溪合一歌平,溪模上,匣合一歌平
755,倭,烏,禾,影合一歌平,影模平,匣合一歌平
756,鞾,許,𦚢,曉合三歌平,曉魚上,影合三歌平
757,𦚢,於,靴,影合三歌平,影魚平,曉合三歌平
758,𩨷,去,靴,溪合三歌平,溪魚上/溪魚去,曉合三歌平
759,伽,求,迦,羣開三歌平,羣尤平,見開三歌平
760,佉,丘,伽,溪開三歌平,溪尤平,羣開三歌平
761,迦,居,伽,見開三歌平,見魚平,羣開三歌平
762,脞,醋,伽,清合三歌平,清模去,羣開三歌平
763,侳,子,𩨷,精合三歌平,精之上,溪合三歌平
764,瘸,巨,靴,羣合三歌平,羣魚上,曉合三歌平
765,𦣛,縷,𩨷,來合三歌平,來虞上,溪合三歌平
766,麻,莫,霞,明二麻平,明唐入,匣開二麻平
767,車,尺,遮,昌開三麻平,昌開清入,章開三麻平
768,奢,式,車,書開三麻平,書開蒸入,昌開三麻平
769,邪,以,遮,以開三麻平,以之上,章開三麻平
770,遮,正,奢,章開三麻平,章開清平/章開清去,書開三麻平
771,嗟,子,邪,精開三麻平,精之上,邪開三麻平
772,蛇,食,遮,船開三麻平,船開蒸入,章開三麻平
773,華,戶,花,匣合二麻平,匣模上,曉合二麻平
774,瓜,古,華,見合二麻平,見模上,匣合二麻平
775,華,呼,瓜,曉合二麻平,曉模平,見合二麻平
776,誇,苦,瓜,溪合二麻平,溪模上,見合二麻平
777,拏,女,加,孃開二麻平,孃魚上,見開二麻平
778,嘉,古,牙,見開二麻平,見模上,疑開二麻平
779,遐,胡,加,匣開二麻平,匣模平,見開二麻平
780,葩,普,巴,滂二麻平,滂模上,幫二麻平
781,鴉,於,加,影開二麻平,影魚平,見開二麻平
782,巴,伯,加,幫二麻平,幫二庚入,見開二麻平
783,叉,初,牙,初開二麻平,初魚平,疑開二麻平
784,鯊,所,加,生開二麻平,生魚上,見開二麻平
785,牙,五,加,疑開二麻平,疑模上,見開二麻平
786,樝,側,加,莊開二麻平,莊開蒸入,見開二麻平
787,𡨀,宅,加,澄開二麻平,澄開二庚入,見開二麻平
788,衺,似,嗟,邪開三麻平,邪之上,精開三麻平
789,闍,視,遮,常開三麻平,常開脂上/常開脂去,章開三麻平
790,窊,烏,瓜,影合二麻平,影模平,見合二麻平
791,髽,莊,華,莊合二麻平,莊開陽平,匣合二麻平
792,檛,陟,瓜,知合二麻平,知開蒸入,見合二麻平
793,爬,蒲,巴,並二麻平,並模平,幫二麻平
794,楂,鉏,加,崇開二麻平,崇魚平/崇魚上,見開二麻平
795,侘,敕,加,徹開二麻平,徹開蒸入,見開二麻平
796,奓,陟,加,知開二麻平,知開蒸入,見開二麻平
797,煆,許,加,曉開二麻平,曉魚上,見開二麻平
798,䶗,苦,加,溪開二麻平,溪模上,見開二麻平
799,㚗,才,邪,從開三麻平,從咍平,邪開三麻平
800,若,人,賒,日開三麻平,日開眞平,書開三麻平
801,些,寫,邪,心開三麻平,心開三麻上,邪開三麻平
802,爹,陟,邪,知開三麻平,知開蒸入,邪開三麻平
803,𣢉,五,瓜,疑合二麻平,疑模上,見合二麻平
804,𣘟,乞,加,溪開二麻平,溪欣入,見開二麻平
805,陽,與,章,以開陽平,以魚上/以魚去,章開陽平
806,詳,似,羊,邪開陽平,邪之上,以開陽平
807,良,呂,張,來開陽平,來魚上,知開陽平
808,香,許,良,曉開陽平,曉魚上,來開陽平
809,商,式,羊,書開陽平,書開蒸入,以開陽平
810,房,符,方,並陽平,並虞平,幫陽平
811,章,諸,良,章開陽平,章魚平,來開陽平
812,昌,尺,良,昌開陽平,昌開清入,來開陽平
813,羌,去,羊,溪開陽平,溪魚上/溪魚去,以開陽平
814,薑,居,良,見開陽平,見魚平,來開陽平
815,長,直,良,澄開陽平,澄開蒸入,來開陽平
816,張,陟,良,知開陽平,知開蒸入,來開陽平
817,穰,汝,陽,日開陽平,日魚上,以開陽平
818,方,府,良,幫陽平,幫虞上,來開陽平
819,襄,息,良,心開陽平,心開蒸入,來開陽平
820,將,即,良,精開陽平,精開蒸入,來開陽平
821,創,初,良,初開陽平,初魚平,來開陽平
822,亡,武,方,明陽平,明虞上,幫陽平
823,孃,女,良,孃開陽平,孃魚上,來開陽平
824,牀,士,莊,崇開陽平,崇之上,莊開陽平
825,莊,側,羊,莊開陽平,莊開蒸入,以開陽平
826,常,市,羊,常開陽平,常之上,以開陽平
827,霜,色,莊,生開陽平,生開蒸入,莊開陽平
828,牆,在,良,從開陽平,從咍上/從咍去,來開陽平
829,鏘,七,羊,清開陽平,清開眞入,以開陽平
830,匡,去,王,溪合陽平,溪魚上/溪魚去,云合陽平
831,王,雨,方,云合陽平,云虞上,幫陽平
832,央,於,良,影開陽平,影魚平,來開陽平
833,強,巨,良,羣開陽平,羣魚上,來開陽平
834,𦳝,褚,羊,徹開陽平,徹魚上,以開陽平
835,芳,敷,方,滂陽平,滂虞平,幫陽平
836,狂,巨,王,羣合陽平,羣魚上,云合陽平
837,唐,徒,郎,定開唐平,定模平,來開唐平
838,郎,魯,當,來開唐平,來模上,端開唐平
839,當,都,郎,端開唐平,端模平,來開唐平
840,倉,七,岡,清開唐平,清開眞入,見開唐平
841,岡,古,郎,見開唐平,見模上,來開唐平
842,桑,息,郎,心開唐平,心開蒸入,來開唐平
843,康,苦,岡,溪開唐平,溪模上,見開唐平
844,荒,呼,光,曉合唐平,曉模平,見合唐平
845,黃,胡,光,匣合唐平,匣模平,見合唐平
846,光,古,黃,見合唐平,見模上,匣合唐平
847,湯,吐,郎,透開唐平,透模上/透模去,來開唐平
848,滂,普,郎,滂唐平,滂模上,來開唐平
849,汪,烏,光,影合唐平,影模平,見合唐平
850,鴦,烏,郎,影開唐平,影模平,來開唐平
851,炕,呼,郎,曉開唐平,曉模平,來開唐平
852,航,胡,郎,匣開唐平,匣模平,來開唐平
853,茫,莫,郎,明唐平,明唐入,來開唐平
854,臧,則,郎,精開唐平,精開登入,來開唐平
855,囊,奴,當,泥開唐平,泥模平,端開唐平
856,傍,步,光,並唐平,並模去,見合唐平
857,卬,五,剛,疑開唐平,疑模上,見開唐平
858,藏,昨,郎,從開唐平,從開唐入,來開唐平
859,䯑,苦,光,溪合唐平,溪模上,見合唐平
860,幫,博,旁,幫唐平,幫唐入,並唐平
861,庚,古,行,見開二庚平,見模上,匣開二庚平
862,阬,客,庚,溪開二庚平,溪開二庚入,見開二庚平
863,盲,武,庚,明二庚平,明虞上,見開二庚平
864,橫,戶,盲,匣合二庚平,匣模上,明二庚平
865,閍,甫,盲,幫二庚平,幫虞上,明二庚平
866,諻,虎,橫,曉合二庚平,曉模上,匣合二庚平
867,觵,古,橫,見合二庚平,見模上,匣合二庚平
868,彭,薄,庚,並二庚平,並唐入,見開二庚平
869,脝,許,庚,曉開二庚平,曉魚上,見開二庚平
870,瞠,丑,庚,徹開二庚平,徹尤上,見開二庚平
871,鎗,楚,庚,初開二庚平,初魚上,見開二庚平
872,傖,助,庚,崇開二庚平,崇魚去,見開二庚平
873,霙,於,驚,影開三庚平,影魚平,見開三庚平
874,磅,撫,庚,滂二庚平,滂虞上,見開二庚平
875,平,符,兵,並三庚平,並虞平,幫三庚平
876,驚,舉,卿,見開三庚平,見魚上,溪開三庚平
877,明,武,兵,明三庚平,明虞上,幫三庚平
878,棖,直,庚,澄開二庚平,澄開蒸入,見開二庚平
879,趟,竹,盲,知開二庚平,知三東入,明二庚平
880,榮,永,兵,云合三庚平,云合三庚上,幫三庚平
881,兵,甫,明,幫三庚平,幫虞上,明三庚平
882,兄,許,榮,曉合三庚平,曉魚上,云合三庚平
883,卿,去,京,溪開三庚平,溪魚上/溪魚去,見開三庚平
884,生,所,庚,生開三庚平,生魚上,見開二庚平
885,擎,渠,京,羣開三庚平,羣魚平,見開三庚平
886,迎,語,京,疑開三庚平,疑魚上,見開三庚平
887,行,戶,庚,匣開二庚平,匣模上,見開二庚平
888,鬤,乃,庚,孃開二庚平,泥咍上,見開二庚平
889,耕,古,莖,見開耕平,見模上,匣開耕平
890,鏗,口,莖,溪開耕平,溪侯上,匣開耕平
891,甍,莫,耕,明耕平,明唐入,見開耕平
892,浜,布,耕,幫耕平,幫模去,見開耕平
893,宏,戶,萌,匣合耕平,匣模上,明耕平
894,莖,戶,耕,匣開耕平,匣模上,見開耕平
895,朾,中,莖,知開耕平,知三東平/知三東去,匣開耕平
896,甖,烏,莖,影開耕平,影模平,匣開耕平
897,崢,士,耕,崇開耕平,崇之上,見開耕平
898,琤,楚,耕,初開耕平,初魚上,見開耕平
899,儜,女,耕,孃開耕平,孃魚上,見開耕平
900,怦,普,耕,滂耕平,滂模上,見開耕平
901,轟,呼,宏,曉合耕平,曉模平,匣合耕平
902,繃,北,萌,幫耕平,幫登入,明耕平
903,橙,宅,耕,澄開耕平,澄開二庚入,見開耕平
904,泓,烏,宏,影合耕平,影模平,匣合耕平
905,輣,薄,萌,並耕平,並唐入,明耕平
906,娙,五,莖,疑開耕平,疑模上,匣開耕平
907,爭,側,莖,莊開耕平,莊開蒸入,匣開耕平
908,清,七,情,清開清平,清開眞入,從開清平
909,情,疾,盈,從開清平,從開眞入,以開清平
910,精,子,盈,精開清平,精之上,以開清平
911,盈,以,成,以開清平,以之上,常開清平
912,營,余,傾,以合清平,以魚平,溪合A清平
913,嬰,於,盈,影開A清平,影魚平,以開清平
914,貞,陟,盈,知開清平,知開蒸入,以開清平
915,檉,丑,貞,徹開清平,徹尤上,知開清平
916,成,是,征,常開清平,常開支上,章開清平
917,呈,直,貞,澄開清平,澄開蒸入,知開清平
918,聲,書,盈,書開清平,書魚平,以開清平
919,征,諸,盈,章開清平,章魚平,以開清平
920,輕,去,盈,溪開A清平,溪魚上/溪魚去,以開清平
921,名,武,并,明A清平,明虞上,幫A清平
922,跉,呂,貞,來開清平,來魚上,知開清平
923,并,府,盈,幫A清平,幫虞上,以開清平
924,傾,去,營,溪合A清平,溪魚上/溪魚去,以合清平
925,𩛿,徐,盈,邪開清平,邪魚平,以開清平
926,縈,於,營,影合A清平,影魚平,以合清平
927,瓊,渠,營,羣合A清平,羣魚平,以合清平
928,騂,息,營,心合清平,心開蒸入,以合清平
929,頸,巨,成,羣開A清平,羣魚上,常開清平
930,𧵣,火,營,曉合A清平,曉合一歌上,以合清平
931,青,倉,經,清開青平,清開唐平,見開青平
932,經,古,靈,見開青平,見模上,來開青平
933,㓝,戶,經,匣開青平,匣模上,見開青平
934,庭,特,丁,定開青平,定開登入,端開青平
935,丁,當,經,端開青平,端開唐平/端開唐去,見開青平
936,馨,呼,刑,曉開青平,曉模平,匣開青平
937,星,桑,經,心開青平,心開唐平,見開青平
938,竮,普,丁,滂青平,滂模上,端開青平
939,靈,郎,丁,來開青平,來開唐平,端開青平
940,寧,奴,丁,泥開青平,泥模平,端開青平
941,汀,他,丁,透開青平,透開一歌平,端開青平
942,冥,莫,經,明青平,明唐入,見開青平
943,瓶,薄,經,並青平,並唐入,見開青平
944,熒,戶,扃,匣合青平,匣模上,見合青平
945,扃,古,螢,見合青平,見模上,匣合青平
946,蒸,煑,仍,章開蒸平,章魚上,日開蒸平
947,承,署,陵,常開蒸平,常魚去,來開蒸平
948,澂,直,陵,澄開蒸平,澄開蒸入,來開蒸平
949,陵,力,膺,來開蒸平,來開蒸入,影開蒸平
950,膺,於,陵,影開蒸平,影魚平,來開蒸平
951,凭,扶,冰,並蒸平,並虞平,幫蒸平
952,冫,筆,陵,幫蒸平,幫B眞入,來開蒸平
953,蠅,余,陵,以開蒸平,以魚平,來開蒸平
954,繩,食,陵,船開蒸平,船開蒸入,來開蒸平
955,升,識,蒸,書開蒸平,書開蒸入,章開蒸平
956,仍,如,乘,日開蒸平,日魚平,船開蒸平
957,兢,居,陵,見開蒸平,見魚平,來開蒸平
958,徵,陟,陵,知開蒸平,知開蒸入,來開蒸平
959,繒,疾,陵,從開蒸平,從開眞入,來開蒸平
960,凝,魚,陵,疑開蒸平,疑魚平,來開蒸平
961,興,虛,陵,曉開蒸平,曉魚平,來開蒸平
962,稱,處,陵,昌開蒸平,昌魚上/昌魚去,來開蒸平
963,殑,其,矜,羣開蒸平,羣之平,見開蒸平
964,㱡,山,矜,生開蒸平,生開山平,見開蒸平
965,硱,綺,兢,溪開蒸平,溪開B支上,見開蒸平
966,僜,丑,升,徹開蒸平,徹尤上,書開蒸平
967,磳,仕,兢,崇開蒸平,崇之上,見開蒸平
968,砯,披,冰,滂蒸平,滂B支平/滂B支上,幫蒸平
969,登,都,滕,端開登平,端模平,定開登平
970,楞,魯,登,來開登平,來模上,端開登平
971,僧,蘇,增,心開登平,心模平,精開登平
972,崩,北,滕,幫登平,幫登入,定開登平
973,增,作,滕,精開登平,精模去/精開一歌去/精開唐入,定開登平
974,瞢,武,登,明登平,明虞上,端開登平
975,層,昨,棱,從開登平,從開唐入,來開登平
976,朋,步,崩,並登平,並模去,幫登平
977,弘,胡,肱,匣合登平,匣模平,見合登平
978,肱,古,弘,見合登平,見模上,匣合登平
979,薨,呼,肱,曉合登平,曉模平,見合登平
980,能,奴,登,泥開登平,泥模平,端開登平
981,騰,徒,登,定開登平,定模平,端開登平
982,恆,胡,登,匣開登平,匣模平,端開登平
983,揯,古,恆,見開登平,見模上,匣開登平
984,鼟,他,登,透開登平,透開一歌平,端開登平
985,漰,普,朋,滂登平,滂模上,並登平
986,尤,羽,求,云尤平,云虞上/云虞去,羣尤平
987,憂,於,求,影尤平,影魚平,羣尤平
988,劉,力,求,來尤平,來開蒸入,羣尤平
989,秋,七,由,清尤平,清開眞入,以尤平
990,猷,以,周,以尤平,以之上,章尤平
991,牛,語,求,疑尤平,疑魚上,羣尤平
992,遒,即,由,精尤平,精開蒸入,以尤平
993,酋,自,秋,從尤平,從開脂去,清尤平
994,脩,息,流,心尤平,心開蒸入,來尤平
995,抽,丑,鳩,徹尤平,徹尤上,見尤平
996,𠁫,去,秋,溪尤平,溪魚上/溪魚去,清尤平
997,犫,赤,周,昌尤平,昌開清入,章尤平
998,周,職,流,章尤平,章開蒸入,來尤平
999,讎,市,流,常尤平,常之上,來尤平
1000,柔,耳,由,日尤平,日之上,以尤平
1001,收,式,州,書尤平,書開蒸入,章尤平
1002,丘,去,鳩,溪尤平,溪魚上/溪魚去,見尤平
1003,䬌,匹,尤,滂尤平,滂A眞入,云尤平
1004,鳩,居,求,見尤平,見魚平,羣尤平
1005,不,甫,鳩,幫尤平,幫虞上,見尤平
1006,𢯱,所,鳩,生尤平,生魚上,見尤平
1007,搊,楚,鳩,初尤平,初魚上,見尤平
1008,鄒,側,鳩,莊尤平,莊開蒸入,見尤平
1009,愁,士,尤,崇尤平,崇之上,云尤平
1010,休,許,尤,曉尤平,曉魚上,云尤平
1011,囚,似,由,邪尤平,邪之上,以尤平
1012,儔,直,由,澄尤平,澄開蒸入,以尤平
1013,輈,張,流,知尤平,知開陽平,來尤平
1014,𧚍,巨,鳩,羣尤平,羣魚上,見尤平
1015,浮,縛,謀,並尤平,並陽入,明尤平
1016,謀,莫,浮,明尤平,明唐入,並尤平
1017,侯,戶,鉤,匣侯平,匣模上,見侯平
1018,謳,烏,侯,影侯平,影模平,匣侯平
1019,羺,奴,鉤,泥侯平,泥模平,見侯平
1020,樓,落,侯,來侯平,來開唐入,匣侯平
1021,涑,速,侯,心侯平,心一東入,匣侯平
1022,彄,恪,侯,溪侯平,溪開唐入,匣侯平
1023,齁,呼,侯,曉侯平,曉模平,匣侯平
1024,𣠏,子,侯,精侯平,精之上,匣侯平
1025,偷,託,侯,透侯平,透開唐入,匣侯平
1026,頭,度,侯,定侯平,定模去/定開唐入,匣侯平
1027,齵,五,婁,疑侯平,疑模上,來侯平
1028,鉤,古,侯,見侯平,見模上,匣侯平
1029,兜,當,侯,端侯平,端開唐平/端開唐去,匣侯平
1030,㔌,徂,鉤,從侯平,從模平,見侯平
1031,裒,薄,侯,並侯平,並唐入,匣侯平
1032,䜅,千,侯,清侯平,清開先平,匣侯平
1033,呣,亡,侯,明侯平,明陽平,匣侯平
1034,幽,於,虯,影幽平,影魚平,羣幽平
1035,虯,渠,幽,羣幽平,羣魚平,影幽平
1036,彪,甫,烋,幫幽平,幫虞上,曉幽平
1037,鏐,力,幽,來幽平,來開蒸入,影幽平
1038,樛,居,虯,見幽平,見魚平,羣幽平
1039,淲,皮,彪,並幽平,並B支平,幫幽平
1040,稵,子,幽,精幽平,精之上,影幽平
1041,犙,山,幽,生幽平,生開山平,影幽平
1042,聱,語,虯,疑幽平,疑魚上,羣幽平
1043,飍,香,幽,曉幽平,曉開陽平,影幽平
1044,繆,武,彪,明幽平,明虞上,幫幽平
1045,侵,七,林,清侵平,清開眞入,來侵平
1046,尋,徐,林,邪侵平,邪魚平,來侵平
1047,林,力,尋,來侵平,來開蒸入,邪侵平
1048,琛,丑,林,徹侵平,徹尤上,來侵平
1049,斟,職,深,章侵平,章開蒸入,書侵平
1050,沈,直,深,澄侵平,澄開蒸入,書侵平
1051,碪,知,林,知侵平,知開支平,來侵平
1052,諶,氏,任,常侵平,常開支上,日侵平
1053,任,如,林,日侵平,日魚平,來侵平
1054,深,式,針,書侵平,書開蒸入,章侵平
1055,淫,餘,針,以侵平,以魚平,章侵平
1056,心,息,林,心侵平,心開蒸入,來侵平
1057,愔,挹,淫,影A侵平,影A侵入,以侵平
1058,祲,子,心,精侵平,精之上,心侵平
1059,𩷒,昨,淫,從侵平,從開唐入,以侵平
1060,䛘,女,心,孃侵平,孃魚上,心侵平
1061,琴,巨,金,羣B侵平,羣魚上,見B侵平
1062,欽,去,金,溪B侵平,溪魚上/溪魚去,見B侵平
1063,吟,魚,金,疑B侵平,疑魚平,見B侵平
1064,歆,許,金,曉B侵平,曉魚上,見B侵平
1065,金,居,吟,見B侵平,見魚平,疑B侵平
1066,音,於,金,影B侵平,影魚平,見B侵平
1067,森,所,今,生侵平,生魚上,見B侵平
1068,岑,鋤,針,崇侵平,崇魚平,章侵平
1069,兂,側,吟,莊侵平,莊開蒸入,疑B侵平
1070,嵾,楚,簪,初侵平,初魚上,莊侵平
1071,𧡪,充,針,昌侵平,昌三東平,章侵平
1072,覃,徒,含,定覃平,定模平,匣覃平
1073,參,倉,含,清覃平,清開唐平,匣覃平
1074,南,那,含,泥覃平,泥開一歌平,匣覃平
1075,諳,烏,含,影覃平,影模平,匣覃平
1076,含,胡,男,匣覃平,匣模平,泥覃平
1077,婪,盧,含,來覃平,來模平,匣覃平
1078,蠶,昨,含,從覃平,從開唐入,匣覃平
1079,簪,作,含,精覃平,精模去/精開一歌去/精開唐入,匣覃平
1080,探,他,含,透覃平,透開一歌平,匣覃平
1081,耽,丁,含,端覃平,端開青平,匣覃平
1082,龕,口,含,溪覃平,溪侯上,匣覃平
1083,㟏,火,含,曉覃平,曉合一歌上,匣覃平
1084,毿,蘇,含,心覃平,心模平,匣覃平
1085,弇,古,南,見覃平,見模上,泥覃平
1086,䜙,五,含,疑覃平,疑模上,匣覃平
1087,談,徒,甘,定談平,定模平,見談平
1088,甘,古,三,見談平,見模上,心談平
1089,擔,都,甘,端談平,端模平,見談平
1090,三,蘇,甘,心談平,心模平,見談平
1091,藍,魯,甘,來談平,來模上,見談平
1092,坩,苦,甘,溪談平,溪模上,見談平
1093,舑,他,酣,透談平,透開一歌平,匣談平
1094,慙,昨,甘,從談平,從開唐入,見談平
1095,酣,胡,甘,匣談平,匣模平,見談平
1096,姏,武,酣,明談平,明虞上,匣談平
1097,𩈻,作,三,精談平,精模去/精開一歌去/精開唐入,心談平
1098,蚶,呼,談,曉談平,曉模平,定談平
1099,鹽,余,廉,以鹽平,以魚平,來鹽平
1100,廉,力,鹽,來鹽平,來開蒸入,以鹽平
1101,砭,府,廉,幫B鹽平,幫虞上,來鹽平
1102,銛,息,廉,心鹽平,心開蒸入,來鹽平
1103,籤,七,廉,清鹽平,清開眞入,來鹽平
1104,詹,職,廉,章鹽平,章開蒸入,來鹽平
1105,棎,視,占,常鹽平,常開脂上/常開脂去,章鹽平
1106,苫,失,廉,書鹽平,書開眞入,來鹽平
1107,䪜,處,占,昌鹽平,昌魚上/昌魚去,章鹽平
1108,𩓾,汝,鹽,日鹽平,日魚上,以鹽平
1109,黏,女,廉,孃鹽平,孃魚上,來鹽平
1110,炎,于,廉,云鹽平,云虞平,來鹽平
1111,霑,張,廉,知鹽平,知開陽平,來鹽平
1112,覘,丑,廉,徹鹽平,徹尤上,來鹽平
1113,淹,央,炎,影B鹽平,影開陽平,云鹽平
1114,𢜩,丘,廉,溪B鹽平,溪尤平,來鹽平
1115,𪙊,語,廉,疑B鹽平,疑魚上,來鹽平
1116,尖,子,廉,精鹽平,精之上,來鹽平
1117,潛,昨,鹽,從鹽平,從開唐入,以鹽平
1118,箝,巨,淹,羣B鹽平,羣魚上,影B鹽平
1119,懕,一,鹽,影A鹽平,影開A眞入,以鹽平
1120,燅,徐,鹽,邪鹽平,邪魚平,以鹽平
1121,襳,史,炎,生鹽平,生之上,云鹽平
1122,㶣,直,廉,澄鹽平,澄開蒸入,來鹽平
1123,鍼,巨,鹽,羣A鹽平,羣魚上,以鹽平
1124,添,他,兼,透添平,透開一歌平,見添平
1125,𩬑,丁,兼,端添平,端開青平,見添平
1126,甜,徒,兼,定添平,定模平,見添平
1127,鬑,勒,兼,來添平,來開登入,見添平
1128,謙,苦,兼,溪添平,溪模上,見添平
1129,兼,古,甜,見添平,見模上,定添平
1130,嫌,戶,兼,匣添平,匣模上,見添平
1131,鮎,奴,兼,泥添平,泥模平,見添平
1132,馦,許,兼,曉添平,曉魚上,見添平
1133,咸,胡,讒,匣咸平,匣模平,崇咸平
1134,緘,古,咸,見咸平,見模上,匣咸平
1135,攕,所,咸,生咸平,生魚上,匣咸平
1136,𤟟,乙,咸,影咸平,影開B眞入,匣咸平
1137,嵒,五,咸,疑咸平,疑模上,匣咸平
1138,㰹,許,咸,曉咸平,曉魚上,匣咸平
1139,詀,竹,咸,知咸平,知三東入,匣咸平
1140,諵,女,咸,孃咸平,孃魚上,匣咸平
1141,讒,士,咸,崇咸平,崇之上,匣咸平
1142,鵮,苦,咸,溪咸平,溪模上,匣咸平
1143,銜,戶,監,匣銜平,匣模上,見銜平
1144,巉,鋤,銜,崇銜平,崇魚平,匣銜平
1145,巖,五,銜,疑銜平,疑模上,匣銜平
1146,攙,楚,銜,初銜平,初魚上,匣銜平
1147,衫,所,銜,生銜平,生魚上,匣銜平
1148,監,古,銜,見銜平,見模上,匣銜平
1149,𨂝,白,銜,並銜平,並二庚入,匣銜平
1150,嵌,口,銜,溪銜平,溪侯上,匣銜平
1151,嚴,語,𩏩,疑嚴平,疑魚上,曉嚴平
1152,𩏩,虛,嚴,曉嚴平,曉魚平,疑嚴平
1153,醃,於,嚴,影嚴平,影魚平,疑嚴平
1154,㪁,丘,嚴,溪嚴平,溪尤平,疑嚴平
1155,凡,符,䒦,並凡平,並虞平,滂凡平
1156,䒦,匹,凡,滂凡平,滂A眞入,並凡平
1157,董,多,動,端一東上,端開一歌平,定一東上
1158,蠓,莫,孔,明一東上,明唐入,溪一東上
1159,孔,康,董,溪一東上,溪開唐平,端一東上
1160,㪌,先,孔,心一東上,心開先平/心開先去,溪一東上
1161,侗,他,孔,透一東上,透開一歌平,溪一東上
1162,總,作,孔,精一東上,精模去/精開一歌去/精開唐入,溪一東上
1163,澒,胡,孔,匣一東上,匣模平,溪一東上
1164,蓊,烏,孔,影一東上,影模平,溪一東上
1165,𨑊,奴,動,泥一東上,泥模平,定一東上
1166,琫,邊,孔,幫一東上,幫先平,溪一東上
1167,曨,力,董,來一東上,來開蒸入,端一東上
1168,嗊,呼,孔,曉一東上,曉模平,溪一東上
1169,動,徒,摠,定一東上,定模平,精一東上
1170,菶,蒲,蠓,並一東上,並模平,明一東上
1171,腫,之,隴,章鍾上,章之平,來鍾上
1172,寵,丑,隴,徹鍾上,徹尤上,來鍾上
1173,隴,力,踵,來鍾上,來開蒸入,章鍾上
1174,擁,於,隴,影鍾上,影魚平,來鍾上
1175,宂,而,隴,日鍾上,日之平,來鍾上
1176,重,直,隴,澄鍾上,澄開蒸入,來鍾上
1177,冢,知,隴,知鍾上,知開支平,來鍾上
1178,奉,扶,隴,並鍾上,並虞平,來鍾上
1179,捧,敷,奉,滂鍾上,滂虞平,並鍾上
1180,勇,余,隴,以鍾上,以魚平,來鍾上
1181,恐,丘,隴,溪鍾上,溪尤平,來鍾上
1182,尰,時,宂,常鍾上,常之平,日鍾上
1183,拱,居,悚,見鍾上,見魚平,心鍾上
1184,悚,息,拱,心鍾上,心開蒸入,見鍾上
1185,洶,許,拱,曉鍾上,曉魚上,見鍾上
1186,覂,方,勇,幫鍾上,幫陽平,以鍾上
1187,湩,都,𪁪,端冬上,端模平,明冬上
1188,𪁪,莫,湩,明冬上,明唐入,端冬上
1189,䅃,渠,隴,羣鍾上,羣魚平,來鍾上
1190,𨿿,充,隴,昌鍾上,昌三東平,來鍾上
1191,幒,職,勇,章鍾上,章開蒸入,以鍾上
1192,䙕,子,冢,精鍾上,精之上,知鍾上
1193,講,古,項,見江上,見模上,匣江上
1194,㭋,步,項,並江上,並模去,匣江上
1195,慃,烏,項,影江上,影模平,匣江上
1196,𠈵,武,項,明江上,明虞上,匣江上
1197,項,胡,講,匣江上,匣模平,見江上
1198,𦂌,巴,講,幫江上,幫二麻平,見江上
1199,傋,虛,慃,曉江上,曉魚平,影江上
1200,紙,諸,氏,章開支上,章魚平,常開支上
1201,是,承,紙,常開支上,常開蒸平,章開支上
1202,靡,文,彼,明B支上,明文平,幫B支上
1203,彼,甫,委,幫B支上,幫虞上,影合B支上
1204,被,皮,彼,並B支上,並B支平,幫B支上
1205,毀,許,委,曉合B支上,曉魚上,影合B支上
1206,委,於,詭,影合B支上,影魚平,見合B支上
1207,跪,去,委,溪合B支上,溪魚上/溪魚去,影合B支上
1208,詭,過,委,見合B支上,見合一歌平/見合一歌去,影合B支上
1209,髓,息,委,心合支上,心開蒸入,影合B支上
1210,絫,力,委,來合支上,來開蒸入,影合B支上
1211,技,渠,綺,羣開B支上,羣魚平,溪開B支上
1212,倚,於,綺,影開B支上,影魚平,溪開B支上
1213,掎,居,綺,見開B支上,見魚平,溪開B支上
1214,綺,墟,彼,溪開B支上,溪魚平,幫B支上
1215,螘,魚,倚,疑開B支上,疑魚平,影開B支上
1216,蔿,韋,委,云合支上,云合微平,影合B支上
1217,觜,即,委,精合支上,精開蒸入,影合B支上
1218,蘂,如,累,日合支上,日魚平,來合支上
1219,此,雌,氏,清開支上,清開支平,常開支上
1220,豸,池,爾,澄開支上,澄開支平,日開支上
1221,徙,斯,氏,心開支上,心開支平,常開支上
1222,酏,移,爾,以開支上,以開支平,日開支上
1223,邐,力,紙,來開支上,來開蒸入,章開支上
1224,躧,所,綺,生開支上,生魚上,溪開B支上
1225,𢔌,并,弭,幫A支上,幫A清平/幫A清去,明A支上
1226,爾,兒,氏,日開支上,日開支平,常開支上
1227,渳,綿,婢,明A支上,明A仙平,並A支上
1228,婢,便,俾,並A支上,並A仙平/並A仙去,幫A支上
1229,侈,尺,氏,昌開支上,昌開清入,常開支上
1230,弛,施,是,書開支上,書開支平,常開支上
1231,紫,將,此,精開支上,精開陽平/精開陽去,清開支上
1232,捶,之,累,章合支上,章之平,來合支上
1233,揣,初,委,初合支上,初魚平,影合B支上
1234,𤢍,隨,婢,邪合支上,邪合支平,並A支上
1235,舓,神,帋,船開支上,船開眞平,章開支上
1236,㧗,側,氏,莊開支上,莊開蒸入,常開支上
1237,㱟,匹,靡,滂B支上,滂A眞入,明B支上
1238,諀,匹,婢,滂A支上,滂A眞入,並A支上
1239,䓈,羊,捶,以合支上,以開陽平,章合支上
1240,惢,才,捶,從合支上,從咍平,章合支上
1241,跬,丘,弭,溪合A支上,溪尤平,明A支上
1242,狔,女,氏,孃開支上,孃魚上,常開支上
1243,硊,魚,毀,疑合B支上,疑魚平,曉合B支上
1244,跪,渠,委,羣合B支上,羣魚平,影合B支上
1245,褫,敕,豸,徹開支上,徹開蒸入,澄開支上
1246,㨖,陟,侈,知開支上,知開蒸入,昌開支上
1247,𪖥,興,倚,曉開B支上,曉開蒸平/曉開蒸去,影開B支上
1248,企,丘,弭,溪開A支上,溪尤平,明A支上
1249,菙,時,髓,常合支上,常之平,心合支上
1250,枳,居,帋,見開A支上,見魚平,章開支上
1251,旨,職,雉,章開脂上,章開蒸入,澄開脂上
1252,視,承,矢,常開脂上,常開蒸平,書開脂上
1253,美,無,鄙,明B脂上,明虞平,幫B脂上
1254,鄙,方,美,幫B脂上,幫陽平,明B脂上
1255,兕,徐,姊,邪開脂上,邪魚平,精開脂上
1256,几,居,履,見開B脂上,見魚平,來開脂上
1257,姊,將,几,精開脂上,精開陽平/精開陽去,見開B脂上
1258,匕,卑,履,幫A脂上,幫A支平,來開脂上
1259,軌,居,洧,見合B脂上,見魚平,云合脂上
1260,洧,榮,美,云合脂上,云合三庚平,明B脂上
1261,矢,式,視,書開脂上,書開蒸入,常開脂上
1262,雉,直,几,澄開脂上,澄開蒸入,見開B脂上
1263,死,息,姊,心開脂上,心開蒸入,精開脂上
1264,牝,扶,履,並A脂上,並虞平,來開脂上
1265,履,力,几,來開脂上,來開蒸入,見開B脂上
1266,水,式,軌,書合脂上,書開蒸入,見合B脂上
1267,壘,力,軌,來合脂上,來開蒸入,見合B脂上
1268,揆,求,癸,羣合A脂上,羣尤平,見合A脂上
1269,趡,千,水,清合脂上,清開先平,書合脂上
1270,柅,女,履,孃開脂上,孃魚上,來開脂上
1271,癸,居,誄,見合A脂上,見魚平,來合脂上
1272,否,符,鄙,並B脂上,並虞平,幫B脂上
1273,㠑,徂,累,從合脂上,從模平,來合支上
1274,嚭,匹,鄙,滂B脂上,滂A眞入,幫B脂上
1275,蕊,如,壘,日合脂上,日魚平,來合脂上
1276,唯,以,水,以合脂上,以之上,書合脂上
1277,㰻,於,几,影開B脂上,影魚平,見開B脂上
1278,濢,遵,誄,精合脂上,精合眞平,來合脂上
1279,黹,豬,几,知開脂上,知魚平,見開B脂上
1280,𡳭,楮,几,徹開脂上,徹魚上,見開B脂上
1281,𧿲,止,姊,章開脂上,章之上,精開脂上
1282,䁤,火,癸,曉合A脂上,曉合一歌上,見合A脂上
1283,䣀,暨,軌,羣合B脂上,羣開B脂去,見合B脂上
1284,跽,暨,几,羣開B脂上,羣開B脂去,見開B脂上
1285,巋,丘,軌,溪合B脂上,溪尤平,見合B脂上
1286,止,諸,市,章之上,章魚平,常之上
1287,市,時,止,常之上,常之平,章之上
1288,徵,陟,里,知之上,知開蒸入,來之上
1289,喜,虛,里,曉之上,曉魚平,來之上
1290,紀,居,理,見之上,見魚平,來之上
1291,以,羊,己,以之上,以開陽平,見之上
1292,似,詳,里,邪之上,邪開陽平,來之上
1293,史,疎,士,生之上,生魚平,崇之上
1294,耳,而,止,日之上,日之平,章之上
1295,里,良,士,來之上,來開陽平,崇之上
1296,枲,胥,里,心之上,心魚平,來之上
1297,始,詩,止,書之上,書之平,章之上
1298,歭,直,里,澄之上,澄開蒸入,來之上
1299,起,墟,里,溪之上,溪魚平,來之上
1300,士,鉏,里,崇之上,崇魚平/崇魚上,來之上
1301,俟,牀,史,俟之上,崇開陽平,生之上
1302,子,即,里,精之上,精開蒸入,來之上
1303,矣,于,紀,云之上,云虞平,見之上
1304,擬,魚,紀,疑之上,疑魚平,見之上
1305,齒,昌,里,昌之上,昌開陽平,來之上
1306,恥,敕,里,徹之上,徹開蒸入,來之上
1307,㓼,初,紀,初之上,初魚平,見之上
1308,滓,阻,史,莊之上,莊魚上,生之上
1309,譩,於,擬,影之上,影魚平,疑之上
1310,伱,乃,里,孃之上,泥咍上,來之上
1311,尾,無,匪,明微上,明虞平,幫微上
1312,扆,於,豈,影開微上,影魚平,溪開微上
1313,豈,袪,豨,溪開微上,溪魚平,曉開微上
1314,蟣,居,豨,見開微上,見魚平,曉開微上
1315,斐,敷,尾,滂微上,滂虞平,明微上
1316,匪,府,尾,幫微上,幫虞上,明微上
1317,韙,于,鬼,云合微上,云虞平,見合微上
1318,鬼,居,偉,見合微上,見魚平,云合微上
1319,虺,許,偉,曉合微上,曉魚上,云合微上
1320,顗,魚,豈,疑開微上,疑魚平,溪開微上
1321,豨,虛,豈,曉開微上,曉魚平,溪開微上
1322,磈,於,鬼,影合微上,影魚平,見合微上
1323,膹,浮,鬼,並微上,並尤平,見合微上
1324,語,魚,巨,疑魚上,疑魚平,羣魚上
1325,呂,力,舉,來魚上,來開蒸入,見魚上
1326,佇,直,呂,澄魚上,澄開蒸入,來魚上
1327,與,余,呂,以魚上,以魚平,來魚上
1328,䰞,章,与,章魚上,章開陽平,以魚上
1329,汝,人,渚,日魚上,日開眞平,章魚上
1330,暑,舒,呂,書魚上,書魚平,來魚上
1331,杵,昌,與,昌魚上,昌開陽平,以魚上
1332,貯,丁,呂,知魚上,端開青平,來魚上
1333,諝,私,呂,心魚上,心開脂平,來魚上
1334,楮,丑,呂,徹魚上,徹尤上,來魚上
1335,女,尼,呂,孃魚上,孃開脂平,來魚上
1336,許,虛,呂,曉魚上,曉魚平,來魚上
1337,巨,其,呂,羣魚上,羣之平,來魚上
1338,所,疎,舉,生魚上,生魚平,見魚上
1339,楚,創,舉,初魚上,初開陽平/初開陽去,見魚上
1340,阻,側,呂,莊魚上,莊開蒸入,來魚上
1341,齟,牀,呂,崇魚上,崇開陽平,來魚上
1342,咀,慈,呂,從魚上,從之平,來魚上
1343,𢮁,於,許,影魚上,影魚平,曉魚上
1344,舉,居,許,見魚上,見魚平,曉魚上
1345,敘,徐,呂,邪魚上,邪魚平,來魚上
1346,去,羌,舉,溪魚上,溪開陽平,見魚上
1347,紓,神,與,船魚上,船開眞平,以魚上
1348,野,承,與,常魚上,常開蒸平,以魚上
1349,𤿚,七,與,清魚上,清開眞入,以魚上
1350,苴,子,與,精魚上,精之上,以魚上
1351,麌,虞,矩,疑虞上,疑虞平,見虞上
1352,羽,王,矩,云虞上,云合陽平,見虞上
1353,聚,慈,庾,從虞上,從之平,以虞上
1354,甫,方,矩,幫虞上,幫陽平,見虞上
1355,武,文,甫,明虞上,明文平,幫虞上
1356,父,扶,雨,並虞上,並虞平,云虞上
1357,撫,芳,武,滂虞上,滂陽平,明虞上
1358,柱,直,主,澄虞上,澄開蒸入,章虞上
1359,詡,況,羽,曉虞上,曉合陽去,云虞上
1360,豎,臣,庾,常虞上,常開眞平,以虞上
1361,庾,以,主,以虞上,以之上,章虞上
1362,主,之,庾,章虞上,章之平,以虞上
1363,傴,於,武,影虞上,影魚平,明虞上
1364,齲,驅,雨,溪虞上,溪虞平,云虞上
1365,拄,知,庾,知虞上,知開支平,以虞上
1366,乳,而,主,日虞上,日之平,章虞上
1367,窶,其,矩,羣虞上,羣之平,見虞上
1368,數,所,矩,生虞上,生魚上,見虞上
1369,矩,俱,雨,見虞上,見虞平,云虞上
1370,取,七,庾,清虞上,清開眞入,以虞上
1371,縷,力,主,來虞上,來開蒸入,章虞上
1372,𦄼,相,庾,心虞上,心開陽平/心開陽去,以虞上
1373,䝒,鶵,禹,崇虞上,崇虞平,云虞上
1374,姥,莫,補,明模上,明唐入,幫模上
1375,土,他,魯,透模上,透開一歌平,來模上
1376,杜,徒,古,定模上,定模平,見模上
1377,魯,郎,古,來模上,來開唐平,見模上
1378,蔖,采,古,清模上,清咍上,見模上
1379,覩,當,古,端模上,端開唐平/端開唐去,見模上
1380,古,公,戶,見模上,見一東平,匣模上
1381,五,疑,古,疑模上,疑之平,見模上
1382,簿,裴,古,並模上,並灰平,見模上
1383,粗,徂,古,從模上,從模平,見模上
1384,祖,則,古,精模上,精開登入,見模上
1385,虎,呼,古,曉模上,曉模平,見模上
1386,隖,安,古,影模上,影開寒平,見模上
1387,苦,康,杜,溪模上,溪開唐平,定模上
1388,怒,奴,古,泥模上,泥模平,見模上
1389,戶,侯,古,匣模上,匣侯平,見模上
1390,普,滂,古,滂模上,滂唐平,見模上
1391,補,博,古,幫模上,幫唐入,見模上
1392,薺,徂,禮,從開齊上,從模平,來開齊上
1393,禮,盧,啓,來開齊上,來模平,溪開齊上
1394,體,他,禮,透開齊上,透開一歌平,來開齊上
1395,䫌,匹,米,滂齊上,滂A眞入,明齊上
1396,濟,子,禮,精開齊上,精之上,來開齊上
1397,邸,都,禮,端開齊上,端模平,來開齊上
1398,弟,徒,禮,定開齊上,定模平,來開齊上
1399,禰,奴,禮,泥開齊上,泥模平,來開齊上
1400,洗,先,禮,心開齊上,心開先平/心開先去,來開齊上
1401,泚,千,禮,清開齊上,清開先平,來開齊上
1402,啓,康,禮,溪開齊上,溪開唐平,來開齊上
1403,徯,胡,禮,匣開齊上,匣模平,來開齊上
1404,米,莫,禮,明齊上,明唐入,來開齊上
1405,陛,傍,禮,並齊上,並唐平/並唐去,來開齊上
1406,𠯋,烏,弟,影開齊上,影模平,定開齊上
1407,堄,研,啓,疑開齊上,疑開先平/疑開先去,溪開齊上
1408,㪏,補,米,幫齊上,幫模上,明齊上
1409,蟹,胡,買,匣開佳上,匣模平,明佳上
1410,買,莫,蟹,明佳上,明唐入,匣開佳上
1411,䒓,苦,蟹,溪開佳上,溪模上,匣開佳上
1412,廌,宅,買,澄開佳上,澄開二庚入,明佳上
1413,嬭,奴,蟹,孃開佳上,泥模平,匣開佳上
1414,罷,薄,蟹,並佳上,並唐入,匣開佳上
1415,矮,烏,蟹,影開佳上,影模平,匣開佳上
1416,擺,北,買,幫佳上,幫登入,明佳上
1417,解,佳,買,見開佳上,見開佳平,明佳上
1418,灑,所,蟹,生開佳上,生魚上,匣開佳上
1419,𠁥,乖,買,見合佳上,見合皆平,明佳上
1420,㧳,丈,夥,澄合佳上,澄開陽上,匣合佳上
1421,夥,懷,𠁥,匣合佳上,匣合皆平,見合佳上
1422,扮,花,夥,曉合佳上,曉合二麻平,匣合佳上
1423,箉,求,蟹,羣開佳上,羣尤平,匣開佳上
1424,駭,侯,楷,匣開皆上,匣侯平,溪開皆上
1425,楷,苦,駭,溪開皆上,溪模上,匣開皆上
1426,騃,五,駭,疑開皆上,疑模上,匣開皆上
1427,挨,於,駭,影開皆上,影魚平,匣開皆上
1428,賄,呼,罪,曉灰上,曉模平,從灰上
1429,猥,烏,賄,影灰上,影模平,曉灰上
1430,磥,落,猥,來灰上,來開唐入,影灰上
1431,錞,徒,猥,定灰上,定模平,影灰上
1432,辠,徂,賄,從灰上,從模平,曉灰上
1433,浼,武,罪,明灰上,明虞上,從灰上
1434,骽,吐,猥,透灰上,透模上/透模去,影灰上
1435,瘣,胡,罪,匣灰上,匣模平,從灰上
1436,䫥,口,猥,溪灰上,溪侯上,影灰上
1437,𦞙,都,罪,端灰上,端模平,從灰上
1438,餧,奴,罪,泥灰上,泥模平,從灰上
1439,𩬳,陟,賄,端灰上,知開蒸入,曉灰上
1440,頠,五,罪,疑灰上,疑模上,從灰上
1441,皠,七,罪,清灰上,清開眞入,從灰上
1442,琲,蒲,罪,並灰上,並模平,從灰上
1443,嶊,子,罪,精灰上,精之上,從灰上
1444,倄,于,罪,匣灰上,云虞平,從灰上
1445,海,呼,改,曉咍上,曉模平,見咍上
1446,愷,苦,亥,溪咍上,溪模上,匣咍上
1447,宰,作,亥,精咍上,精模去/精開一歌去/精開唐入,匣咍上
1448,駘,徒,亥,定咍上,定模平,匣咍上
1449,乃,奴,亥,泥咍上,泥模平,匣咍上
1450,改,古,亥,見咍上,見模上,匣咍上
1451,亥,胡,改,匣咍上,匣模平,見咍上
1452,啡,匹,愷,滂灰上,滂A眞入,溪咍上
1453,采,倉,宰,清咍上,清開唐平,精咍上
1454,茝,昌,紿,昌咍上,昌開陽平,定咍上
1455,等,多,改,端咍上,端開一歌平,見咍上
1456,䆀,莫,亥,明灰上,明唐入,匣咍上
1457,在,昨,宰,從咍上,從開唐入,精咍上
1458,俖,普,乃,滂灰上,滂模上,泥咍上
1459,欸,於,改,影咍上,影魚平,見咍上
1460,佁,夷,在,以咍上,以開脂平,從咍上
1461,㘆,他,亥,透咍上,透開一歌平,匣咍上
1462,疓,如,亥,日咍上,日魚平,匣咍上
1463,𨦂,來,改,來咍上,來咍平,見咍上
1464,䑂,與,改,以咍上,以魚上/以魚去,見咍上
1465,倍,薄,亥,並灰上,並唐入,匣咍上
1466,軫,章,忍,章開眞上,章開陽平,日開眞上
1467,辴,丑,忍,徹開眞上,徹尤上,日開眞上
1468,腎,時,忍,常開眞上,常之平,日開眞上
1469,忍,而,軫,日開眞上,日之平,章開眞上
1470,矤,式,忍,書開眞上,書開蒸入,日開眞上
1471,嶙,良,忍,來開眞上,來開陽平,日開眞上
1472,紖,直,引,澄開眞上,澄開蒸入,以開眞上
1473,緊,居,忍,見開A眞上,見魚平,日開眞上
1474,盡,慈,忍,從開眞上,從之平,日開眞上
1475,㯸,即,忍,精開眞上,精開蒸入,日開眞上
1476,牝,毗,忍,並A眞上,並A脂平,日開眞上
1477,釿,宜,引,疑開B眞上,疑開B支平,以開眞上
1478,笉,七,忍,清開眞上,清開眞入,日開眞上
1479,窘,渠,殞,羣合B眞上,羣魚平,云合眞上
1480,引,余,忍,以開眞上,以魚平,日開眞上
1481,愍,眉,殞,明B眞上,明B脂平,云合眞上
1482,泯,武,盡,明A眞上,明虞上,從開眞上
1483,殞,于,敏,云合眞上,云虞平,明B眞上
1484,準,之,尹,章合眞上,章之平,以合眞上
1485,尹,余,準,以合眞上,以魚平,章合眞上
1486,筍,思,尹,心合眞上,心之平/心之去,以合眞上
1487,蝡,而,允,日合眞上,日之平,以合眞上
1488,蠢,尺,尹,昌合眞上,昌開清入,以合眞上
1489,盾,食,尹,船合眞上,船開蒸入,以合眞上
1490,偆,癡,準,徹合眞上,徹之平,章合眞上
1491,耣,力,準,來合眞上,來開蒸入,章合眞上
1492,𣯍,而,尹,日合眞上,日之平,以合眞上
1493,𦃢,丘,尹,溪合B眞上,溪尤平,以合眞上
1494,螼,弃,忍,溪開A眞上,溪開A脂去,日開眞上
1495,賰,式,允,書合眞上,書開蒸入,以合眞上
1496,脪,興,腎,曉開B眞上,曉開蒸平/曉開蒸去,常開眞上
1497,濜,鉏,紖,崇開眞上,崇魚平/崇魚上,澄開眞上
1498,屒,珍,忍,知開眞上,知開眞平,日開眞上
1499,吻,武,粉,明文上,明虞上,幫文上
1500,粉,方,吻,幫文上,幫陽平,明文上
1501,憤,房,吻,並文上,並陽平,明文上
1502,忿,敷,粉,滂文上,滂虞平,幫文上
1503,惲,於,粉,影文上,影魚平,幫文上
1504,齳,魚,吻,疑文上,疑魚平,明文上
1505,抎,云,粉,云文上,云文平,幫文上
1506,𧼐,丘,粉,溪文上,溪尤平,幫文上
1507,隱,於,謹,影欣上,影魚平,見欣上
1508,謹,居,隱,見欣上,見魚平,影欣上
1509,𧤛,仄,謹,莊欣上,莊開蒸入,見欣上
1510,赾,丘,謹,溪欣上,溪尤平,見欣上
1511,近,其,謹,羣欣上,羣之平,見欣上
1512,齔,初,謹,初欣上,初魚平,見欣上
1513,听,牛,謹,疑欣上,疑尤平,見欣上
1514,䘆,休,謹,曉欣上,曉尤平,見欣上
1515,阮,虞,遠,疑合元上,疑虞平,云合元上
1516,遠,雲,阮,云合元上,云文平,疑合元上
1517,偃,於,幰,影開元上,影魚平,曉開元上
1518,湕,居,偃,見開元上,見魚平,影開元上
1519,寋,其,偃,羣開元上,羣之平,影開元上
1520,𧥛,去,偃,溪開元上,溪魚上/溪魚去,影開元上
1521,𧥜,語,偃,疑開元上,疑魚上,影開元上
1522,幰,虛,偃,曉開元上,曉魚平,影開元上
1523,晚,無,遠,明元上,明虞平,云合元上
1524,反,府,遠,幫元上,幫虞上,云合元上
1525,𧯦,求,晚,羣合元上,羣尤平,明元上
1526,婉,於,阮,影合元上,影魚平,疑合元上
1527,䅚,去,阮,溪合元上,溪魚上/溪魚去,疑合元上
1528,暅,況,晚,曉合元上,曉合陽去,明元上
1529,飯,扶,晚,並元上,並虞平,明元上
1530,混,胡,本,匣魂上,匣模平,幫魂上
1531,翉,普,本,滂魂上,滂模上,幫魂上
1532,忖,倉,本,清魂上,清開唐平,幫魂上
1533,本,布,忖,幫魂上,幫模去,清魂上
1534,損,蘇,本,心魂上,心模平,幫魂上
1535,𠟃,兹,損,精魂上,精之平,心魂上
1536,穩,烏,本,影魂上,影模平,幫魂上
1537,囤,徒,損,定魂上,定模平,心魂上
1538,鱒,才,本,從魂上,從咍平,幫魂上
1539,𩩌,古,本,見魂上,見模上,幫魂上
1540,畽,他,袞,透魂上,透開一歌平,見魂上
1541,閫,苦,本,溪魂上,溪模上,幫魂上
1542,㤻,盧,本,來魂上,來模平,幫魂上
1543,獖,蒲,本,並魂上,並模平,幫魂上
1544,懣,模,本,明魂上,明模平,幫魂上
1545,㶧,乃,本,泥魂上,泥咍上,幫魂上
1546,𦃕,虛,本,曉魂上,曉魚平,幫魂上
1547,很,胡,墾,匣痕上,匣模平,溪痕上
1548,墾,康,很,溪痕上,溪開唐平,匣痕上
1549,䫀,古,很,見痕上,見模上,匣痕上
1550,旱,胡,笴,匣開寒上,匣模平,見開寒上
1551,亶,多,旱,端開寒上,端開一歌平,匣開寒上
1552,坦,他,但,透開寒上,透開一歌平,定開寒上
1553,散,蘇,旱,心開寒上,心模平,匣開寒上
1554,但,徒,旱,定開寒上,定模平,匣開寒上
1555,瓚,藏,旱,從開寒上,從開唐平/從開唐去,匣開寒上
1556,笴,古,旱,見開寒上,見模上,匣開寒上
1557,嬾,落,旱,來開寒上,來開唐入,匣開寒上
1558,侃,空,旱,溪開寒上,溪一東平/溪一東去,匣開寒上
1559,䍐,呼,旱,曉開寒上,曉模平,匣開寒上
1560,䰖,作,旱,精開寒上,精模去/精開一歌去/精開唐入,匣開寒上
1561,緩,胡,管,匣合寒上,匣模平,見合寒上
1562,短,都,管,端合寒上,端模平,見合寒上
1563,椀,烏,管,影合寒上,影模平,見合寒上
1564,疃,吐,緩,透合寒上,透模上/透模去,匣合寒上
1565,算,蘇,管,心合寒上,心模平,見合寒上
1566,管,古,滿,見合寒上,見模上,明寒上
1567,卵,盧,管,來合寒上,來模平,見合寒上
1568,款,苦,管,溪合寒上,溪模上,見合寒上
1569,煗,乃,管,泥合寒上,泥咍上,見合寒上
1570,纂,作,管,精合寒上,精模去/精開一歌去/精開唐入,見合寒上
1571,伴,蒲,旱,並寒上,並模平,匣開寒上
1572,滿,莫,旱,明寒上,明唐入,匣開寒上
1573,粄,博,管,幫寒上,幫唐入,見合寒上
1574,鄹,辝,纂,邪合寒上,邪之平,精合寒上
1575,斷,徒,管,定合寒上,定模平,見合寒上
1576,攤,奴,但,泥開寒上,泥模平,定開寒上
1577,坢,普,伴,滂寒上,滂模上,並寒上
1578,潸,數,板,生開刪上,生虞上/生虞去/生江入,幫刪上
1579,綰,烏,板,影合刪上,影模平,幫刪上
1580,版,布,綰,幫刪上,幫模去,影合刪上
1581,䩆,側,板,莊開刪上,莊開蒸入,幫刪上
1582,赧,奴,板,孃開刪上,泥模平,幫刪上
1583,僩,下,赧,匣開刪上,匣開二麻上/匣開二麻去,孃開刪上
1584,睆,戶,板,匣合刪上,匣模上,幫刪上
1585,阪,扶,板,並刪上,並虞平,幫刪上
1586,矕,武,板,明刪上,明虞上,幫刪上
1587,𪘪,士,板,崇開刪上,崇之上,幫刪上
1588,𪗙,五,板,疑開刪上,疑模上,幫刪上
1589,㹽,初,板,初開刪上,初魚平,幫刪上
1590,眅,普,板,滂刪上,滂模上,幫刪上
1591,撰,雛,鯇,崇合刪上,崇虞平,匣合刪上
1592,產,所,簡,生開山上,生魚上,見開山上
1593,限,胡,簡,匣開山上,匣模平,見開山上
1594,𥇅,武,簡,明山上,明虞上,見開山上
1595,簡,古,限,見開山上,見模上,匣開山上
1596,剗,初,限,初開山上,初魚平,匣開山上
1597,棧,士,限,崇開山上,崇之上,匣開山上
1598,眼,五,限,疑開山上,疑模上,匣開山上
1599,醆,阻,限,莊開山上,莊魚上,匣開山上
1600,㦃,初,綰,初合山上,初魚平,影合刪上
1601,齦,起,限,溪開山上,溪之上,匣開山上
1602,銑,蘇,典,心開先上,心模平,端開先上
1603,腆,他,典,透開先上,透開一歌平,端開先上
1604,典,多,殄,端開先上,端開一歌平,定開先上
1605,蝘,於,殄,影開先上,影魚平,定開先上
1606,殄,徒,典,定開先上,定模平,端開先上
1607,繭,古,典,見開先上,見模上,端開先上
1608,峴,胡,典,匣開先上,匣模平,端開先上
1609,顯,呼,典,曉開先上,曉模平,端開先上
1610,㨠,彌,殄,明先上,明A支平,定開先上
1611,撚,乃,殄,泥開先上,泥咍上,定開先上
1612,編,方,典,幫先上,幫陽平,端開先上
1613,泫,胡,畎,匣合先上,匣模平,見合先上
1614,𡿨,姑,泫,見合先上,見模平,匣合先上
1615,辮,薄,泫,並先上,並唐入,匣合先上
1616,犬,苦,泫,溪合先上,溪模上,匣合先上
1617,𥧬,牽,繭,溪開先上,溪開先平/溪開先去,見開先上
1618,齞,研,峴,疑開先上,疑開先平/疑開先去,匣開先上
1619,獮,息,淺,心開仙上,心開蒸入,清開仙上
1620,演,以,淺,以開仙上,以之上,清開仙上
1621,踐,慈,演,從開仙上,從之平,以開仙上
1622,展,知,演,知開仙上,知開支平,以開仙上
1623,𦗢,旨,善,章開仙上,章開脂上,常開仙上
1624,趁,尼,展,孃開仙上,孃開脂平,知開仙上
1625,淺,七,演,清開仙上,清開眞入,以開仙上
1626,闡,昌,善,昌開仙上,昌開陽平,常開仙上
1627,遣,去,演,溪開A仙上,溪魚上/溪魚去,以開仙上
1628,蹇,九,輦,見開B仙上,見尤上,來開仙上
1629,善,常,演,常開仙上,常開陽平,以開仙上
1630,翦,即,淺,精開仙上,精開蒸入,清開仙上
1631,蹨,人,善,日開仙上,日開眞平,常開仙上
1632,𦆀,徐,翦,邪開仙上,邪魚平,精開仙上
1633,輦,力,展,來開仙上,來開蒸入,知開仙上
1634,齴,魚,蹇,疑開B仙上,疑魚平,見開B仙上
1635,件,其,輦,羣開B仙上,羣之平,來開仙上
1636,辯,符,蹇,並B仙上,並虞平,見開B仙上
1637,緬,彌,兗,明A仙上,明A支平,以合仙上
1638,褊,方,緬,幫A仙上,幫陽平,明A仙上
1639,臇,子,兗,精合仙上,精之上,以合仙上
1640,雋,徂,兗,從合仙上,從模平,以合仙上
1641,辡,方,免,幫B仙上,幫陽平,明B仙上
1642,兗,以,轉,以合仙上,以之上,知合仙上
1643,臠,力,兗,來合仙上,來開蒸入,以合仙上
1644,轉,陟,兗,知合仙上,知開蒸入,以合仙上
1645,卷,居,轉,見合B仙上,見魚平,知合仙上
1646,圈,渠,篆,羣合B仙上,羣魚平,澄合仙上
1647,輭,而,兗,日合仙上,日之平,以合仙上
1648,舛,昌,兗,昌合仙上,昌開陽平,以合仙上
1649,膞,市,兗,常合仙上,常之上,以合仙上
1650,篆,持,兗,澄合仙上,澄之平,以合仙上
1651,剸,旨,兗,章合仙上,章開脂上,以合仙上
1652,選,思,兗,心合仙上,心之平/心之去,以合仙上
1653,撰,士,免,崇合仙上,崇之上,明B仙上
1654,蜎,狂,兗,羣合A仙上,羣合陽平/羣合陽去,以合仙上
1655,蠉,香,兗,曉合A仙上,曉開陽平,以合仙上
1656,楩,符,善,並A仙上,並虞平,常開仙上
1657,免,亡,辨,明B仙上,明陽平,並B仙上
1658,搌,丑,善,徹開仙上,徹尤上,常開仙上
1659,鴘,披,免,滂B仙上,滂B支平/滂B支上,明B仙上
1660,㒄,式,善,書開仙上,書開蒸入,常開仙上
1661,㫃,於,蹇,影開B仙上,影魚平,見開B仙上
1662,邅,除,善,澄開仙上,澄魚平,常開仙上
1663,棧,士,免,崇開仙上,崇之上,明B仙上
1664,篠,先,鳥,心蕭上,心開先平/心開先去,端蕭上
1665,皎,古,了,見蕭上,見模上,來蕭上
1666,鳥,都,了,端蕭上,端模平,來蕭上
1667,了,盧,鳥,來蕭上,來模平,端蕭上
1668,朓,土,了,透蕭上,透模上,來蕭上
1669,䥵,馨,皛,曉蕭上,曉開青平,匣蕭上
1670,杳,烏,晈,影蕭上,影模平,見蕭上
1671,嬲,奴,鳥,泥蕭上,泥模平,端蕭上
1672,皛,胡,了,匣蕭上,匣模平,來蕭上
1673,窕,徒,了,定蕭上,定模平,來蕭上
1674,磽,苦,皎,溪蕭上,溪模上,見蕭上
1675,湫,子,了,精蕭上,精之上,來蕭上
1676,小,私,兆,心宵上,心開脂平,澄宵上
1677,肈,治,小,澄宵上,澄開脂去/澄之去,心宵上
1678,沼,之,少,章宵上,章之平,書宵上
1679,夭,於,兆,影B宵上,影魚平,澄宵上
1680,巐,丑,小,徹宵上,徹尤上,心宵上
1681,少,書,沼,書宵上,書魚平,章宵上
1682,擾,而,沼,日宵上,日之平,章宵上
1683,摽,符,少,並A宵上,並虞平,書宵上
1684,𪍑,尺,沼,昌宵上,昌開清入,章宵上
1685,縹,敷,沼,滂A宵上,滂虞平,章宵上
1686,眇,亡,沼,明A宵上,明陽平,章宵上
1687,紹,市,沼,常宵上,常之上,章宵上
1688,矯,居,夭,見B宵上,見魚平,影B宵上
1689,表,陂,矯,幫B宵上,幫B支平/幫B支去,見B宵上
1690,褾,方,小,幫A宵上,幫陽平,心宵上
1691,藨,平,表,並B宵上,並三庚平,幫B宵上
1692,鷕,以,沼,以宵上,以之上,章宵上
1693,悄,親,小,清宵上,清開眞平,心宵上
1694,剿,子,小,精宵上,精之上,心宵上
1695,𨲭,巨,夭,羣B宵上,羣魚上,影B宵上
1696,繚,力,小,來宵上,來開蒸入,心宵上
1697,麃,滂,表,滂B宵上,滂唐平,幫B宵上
1698,闄,於,小,影A宵上,影魚平,心宵上
1699,巧,苦,絞,溪肴上,溪模上,見肴上
1700,澩,下,巧,匣肴上,匣開二麻上/匣開二麻去,溪肴上
1701,飽,博,巧,幫肴上,幫唐入,溪肴上
1702,㺒,奴,巧,孃肴上,泥模平,溪肴上
1703,卯,莫,飽,明肴上,明唐入,幫肴上
1704,絞,古,巧,見肴上,見模上,溪肴上
1705,爪,側,絞,莊肴上,莊開蒸入,見肴上
1706,拗,於,絞,影肴上,影魚平,見肴上
1707,鮑,薄,巧,並肴上,並唐入,溪肴上
1708,齩,五,巧,疑肴上,疑模上,溪肴上
1709,䰫,士,絞,崇肴上,崇之上,見肴上
1710,煼,初,爪,初肴上,初魚平,莊肴上
1711,䝤,張,絞,知肴上,知開陽平,見肴上
1712,㪢,山,巧,生肴上,生開山平,溪肴上
1713,晧,胡,老,匣豪上,匣模平,來豪上
1714,抱,薄,浩,並豪上,並唐入,匣豪上
1715,老,盧,晧,來豪上,來模平,匣豪上
1716,討,他,浩,透豪上,透開一歌平,匣豪上
1717,道,徒,晧,定豪上,定模平,匣豪上
1718,堖,奴,晧,泥豪上,泥模平,匣豪上
1719,㛮,蘇,老,心豪上,心模平,來豪上
1720,倒,都,晧,端豪上,端模平,匣豪上
1721,草,采,老,清豪上,清咍上,來豪上
1722,早,子,晧,精豪上,精之上,匣豪上
1723,皁,昨,早,從豪上,從開唐入,精豪上
1724,暠,古,老,見豪上,見模上,來豪上
1725,好,呼,晧,曉豪上,曉模平,匣豪上
1726,蓩,武,道,明豪上,明虞上,定豪上
1727,寶,博,抱,幫豪上,幫唐入,並豪上
1728,襖,烏,晧,影豪上,影模平,匣豪上
1729,考,苦,浩,溪豪上,溪模上,匣豪上
1730,𦽀,五,老,疑豪上,疑模上,來豪上
1731,哿,古,我,見開一歌上,見模上,疑開一歌上
1732,瑳,千,可,清開一歌上,清開先平,溪開一歌上
1733,嚲,丁,可,端開一歌上,端開青平,溪開一歌上
1734,縒,蘇,可,心開一歌上,心模平,溪開一歌上
1735,爹,徒,可,定開一歌上,定模平,溪開一歌上
1736,我,五,可,疑開一歌上,疑模上,溪開一歌上
1737,袉,吐,可,透開一歌上,透模上/透模去,溪開一歌上
1738,㰁,來,可,來開一歌上,來咍平,溪開一歌上
1739,橠,奴,可,泥開一歌上,泥模平,溪開一歌上
1740,荷,胡,可,匣開一歌上,匣模平,溪開一歌上
1741,㰤,虛,我,曉開一歌上,曉魚平,疑開一歌上
1742,可,枯,我,溪開一歌上,溪模平,疑開一歌上
1743,𨵌,烏,可,影開一歌上,影模平,溪開一歌上
1744,左,臧,可,精開一歌上,精開唐平,溪開一歌上
1745,果,古,火,見合一歌上,見模上,曉合一歌上
1746,埵,丁,果,端合一歌上,端開青平,見合一歌上
1747,鎖,蘇,果,心合一歌上,心模平,見合一歌上
1748,墮,徒,果,定合一歌上,定模平,見合一歌上
1749,妥,他,果,透合一歌上,透開一歌平,見合一歌上
1750,麼,亡,果,明一歌上,明陽平,見合一歌上
1751,坐,徂,果,從合一歌上,從模平,見合一歌上
1752,㛂,五,果,疑合一歌上,疑模上,見合一歌上
1753,裸,郎,果,來合一歌上,來開唐平,見合一歌上
1754,婐,烏,果,影合一歌上,影模平,見合一歌上
1755,㛂,奴,果,泥合一歌上,泥模平,見合一歌上
1756,跛,布,火,幫一歌上,幫模去,曉合一歌上
1757,叵,普,火,滂一歌上,滂模上,曉合一歌上
1758,禍,胡,果,匣合一歌上,匣模平,見合一歌上
1759,火,呼,果,曉合一歌上,曉模平,見合一歌上
1760,顆,苦,果,溪合一歌上,溪模上,見合一歌上
1761,爸,捕,可,並一歌上,並模去,溪開一歌上
1762,脞,倉,果,清合一歌上,清開唐平,見合一歌上
1763,硰,作,可,精開一歌上,精模去/精開一歌去/精開唐入,溪開一歌上
1764,馬,莫,下,明二麻上,明唐入,匣開二麻上
1765,者,章,也,章開三麻上,章開陽平,以開三麻上
1766,野,羊,者,以開三麻上,以開陽平,章開三麻上
1767,雅,五,下,疑開二麻上,疑模上,匣開二麻上
1768,檟,古,疋,見開二麻上,見模上,疑開二麻上
1769,灑,砂,下,生開二麻上,生開二麻平,匣開二麻上
1770,啞,烏,下,影開二麻上,影模平,匣開二麻上
1771,灺,徐,野,邪開三麻上,邪魚平,以開三麻上
1772,下,胡,雅,匣開二麻上,匣模平,疑開二麻上
1773,寫,悉,姐,心開三麻上,心開眞入,精開三麻上
1774,𡎬,𩛠,瓦,莊合二麻上,精合三歌平,疑合二麻上
1775,乜,彌,也,明三麻上,明A支平,以開三麻上
1776,且,七,也,清開三麻上,清開眞入,以開三麻上
1777,㗿,許,下,曉開二麻上,曉魚上,匣開二麻上
1778,社,常,者,常開三麻上,常開陽平,章開三麻上
1779,跒,苦,下,溪開二麻上,溪模上,匣開二麻上
1780,跁,傍,下,並二麻上,並唐平/並唐去,匣開二麻上
1781,捨,書,冶,書開三麻上,書魚平,以開三麻上
1782,姐,兹,野,精開三麻上,精之平,以開三麻上
1783,把,博,下,幫二麻上,幫唐入,匣開二麻上
1784,踝,胡,瓦,匣合二麻上,匣模平,疑合二麻上
1785,寡,古,瓦,見合二麻上,見模上,疑合二麻上
1786,瓦,五,寡,疑合二麻上,疑模上,見合二麻上
1787,若,人,者,日開三麻上,日開眞平,章開三麻上
1788,鮓,側,下,莊開二麻上,莊開蒸入,匣開二麻上
1789,觰,都,賈,知開二麻上,端模平,見開二麻上
1790,槎,士,下,崇開二麻上,崇之上,匣開二麻上
1791,奲,昌,者,昌開三麻上,昌開陽平,章開三麻上
1792,䋾,竹,下,知開二麻上,知三東入,匣開二麻上
1793,䋈,奴,下,孃開二麻上,泥模平,匣開二麻上
1794,髁,苦,瓦,溪合二麻上,溪模上,疑合二麻上
1795,䂳,叉,瓦,初合二麻上,初開佳平/初開二麻平,疑合二麻上
1796,䊬,丑,寡,徹合二麻上,徹尤上,見合二麻上
1797,葰,沙,瓦,生合二麻上,生開二麻平,疑合二麻上
1798,奼,丑,下,徹開二麻上,徹尤上,匣開二麻上
1799,藞,盧,下,來開二麻上,來模平,匣開二麻上
1800,養,餘,兩,以開陽上,以魚平,來開陽上
1801,像,徐,兩,邪開陽上,邪魚平,來開陽上
1802,㢡,即,兩,精開陽上,精開蒸入,來開陽上
1803,㒳,良,㢡,來開陽上,來開陽平,精開陽上
1804,鞅,於,兩,影開陽上,影魚平,來開陽上
1805,勥,其,兩,羣開陽上,羣之平,來開陽上
1806,仰,魚,兩,疑開陽上,疑魚平,來開陽上
1807,磢,初,兩,初開陽上,初魚平,來開陽上
1808,想,息,兩,心開陽上,心開蒸入,來開陽上
1809,掌,諸,兩,章開陽上,章魚平,來開陽上
1810,𤕤,疎,兩,生開陽上,生魚平,來開陽上
1811,響,許,兩,曉開陽上,曉魚上,來開陽上
1812,敞,昌,兩,昌開陽上,昌開陽平,來開陽上
1813,繈,居,兩,見開陽上,見魚平,來開陽上
1814,丈,直,兩,澄開陽上,澄開蒸入,來開陽上
1815,昶,丑,兩,徹開陽上,徹尤上,來開陽上
1816,獷,居,往,見合陽上,見魚平,云合陽上
1817,壤,如,兩,日開陽上,日魚平,來開陽上
1818,賞,書,兩,書開陽上,書魚平,來開陽上
1819,髣,妃,兩,滂陽上,滂微平,來開陽上
1820,网,文,兩,明陽上,明文平,來開陽上
1821,昉,分,网,幫陽上,幫文平,明陽上
1822,枉,紆,往,影合陽上,影虞平,云合陽上
1823,往,于,兩,云合陽上,云虞平,來開陽上
1824,怳,許,昉,曉合陽上,曉魚上,幫陽上
1825,搶,七,兩,清開陽上,清開眞入,來開陽上
1826,長,知,丈,知開陽上,知開支平,澄開陽上
1827,上,時,掌,常開陽上,常之平,章開陽上
1828,俇,求,往,羣合陽上,羣尤平,云合陽上
1829,臩,俱,往,見合陽上,見虞平,云合陽上
1830,𩦠,毗,養,並陽上,並A脂平,以開陽上
1831,䫪,初,丈,初開陽上,初魚平,澄開陽上
1832,蕩,徒,朗,定開唐上,定模平,來開唐上
1833,顙,蘇,朗,心開唐上,心模平,來開唐上
1834,廣,古,晃,見合唐上,見模上,匣合唐上
1835,榜,北,朗,幫唐上,幫登入,來開唐上
1836,駔,子,朗,精開唐上,精之上,來開唐上
1837,曩,奴,朗,泥開唐上,泥模平,來開唐上
1838,沆,胡,朗,匣開唐上,匣模平,來開唐上
1839,曭,他,朗,透開唐上,透開一歌平,來開唐上
1840,莽,模,朗,明唐上,明模平,來開唐上
1841,黨,多,朗,端開唐上,端開一歌平,來開唐上
1842,朗,盧,黨,來開唐上,來模平,端開唐上
1843,坱,烏,朗,影開唐上,影模平,來開唐上
1844,慷,苦,朗,溪開唐上,溪模上,來開唐上
1845,㳹,烏,晃,影合唐上,影模平,匣合唐上
1846,晃,胡,廣,匣合唐上,匣模平,見合唐上
1847,髈,匹,朗,滂唐上,滂A眞入,來開唐上
1848,慌,呼,晃,曉合唐上,曉模平,匣合唐上
1849,䴚,各,朗,見開唐上,見開唐入,來開唐上
1850,䭹,五,朗,疑開唐上,疑模上,來開唐上
1851,奘,徂,朗,從開唐上,從模平,來開唐上
1852,蒼,麁,朗,清開唐上,清模平,來開唐上
1853,汻,呼,朗,曉開唐上,曉模平,來開唐上
1854,懬,丘,晃,溪合唐上,溪尤平,匣合唐上
1855,梗,古,杏,見開二庚上,見模上,匣開二庚上
1856,丙,兵,永,幫三庚上,幫三庚平,云合三庚上
1857,警,居,影,見開三庚上,見魚平,影開三庚上
1858,影,於,丙,影開三庚上,影魚平,幫三庚上
1859,省,所,景,生開三庚上,生魚上,見開三庚上
1860,永,于,憬,云合三庚上,云虞平,見合三庚上
1861,𦬺,許,永,曉合三庚上,曉魚上,云合三庚上
1862,皿,武,永,明三庚上,明虞上,云合三庚上
1863,憬,俱,永,見合三庚上,見虞平,云合三庚上
1864,杏,何,梗,匣開二庚上,匣開一歌平,見開二庚上
1865,猛,莫,杏,明二庚上,明唐入,匣開二庚上
1866,礦,古,猛,見合二庚上,見模上,明二庚上
1867,浜,布,梗,幫二庚上,幫模去,見開二庚上
1868,盯,張,梗,知開二庚上,知開陽平,見開二庚上
1869,瑒,徒,杏,澄開二庚上,定模平,匣開二庚上
1870,䁝,烏,猛,影合二庚上,影模平,明二庚上
1871,打,德,冷,知開二庚上,端開登入,來開二庚上
1872,冷,魯,打,來開二庚上,來模上,知開二庚上
1873,卝,乎,䁝,匣合二庚上,匣模平,影合二庚上
1874,鮩,蒲,猛,並二庚上,並模平,明二庚上
1875,𥉁,苦,礦,溪合二庚上,溪模上,見合二庚上
1876,檸,拏,梗,孃開二庚上,孃開二麻平,見開二庚上
1877,耿,古,幸,見開耕上,見模上,匣開耕上
1878,䁅,武,幸,明耕上,明虞上,匣開耕上
1879,幸,胡,耿,匣開耕上,匣模平,見開耕上
1880,𠊧,蒲,幸,並耕上,並模平,匣開耕上
1881,皏,普,幸,滂耕上,滂模上,匣開耕上
1882,靜,疾,郢,從開清上,從開眞入,以開清上
1883,整,之,郢,章開清上,章之平,以開清上
1884,逞,丑,郢,徹開清上,徹尤上,以開清上
1885,郢,以,整,以開清上,以之上,章開清上
1886,痙,巨,郢,羣開A清上,羣魚上,以開清上
1887,潁,餘,頃,以合清上,以魚平,溪合A清上
1888,領,良,郢,來開清上,來開陽平,以開清上
1889,頸,居,郢,見開A清上,見魚平,以開清上
1890,餅,必,郢,幫A清上,幫A眞入,以開清上
1891,頃,去,潁,溪合A清上,溪魚上/溪魚去,以合清上
1892,井,子,郢,精開清上,精之上,以開清上
1893,廮,於,郢,影開A清上,影魚平,以開清上
1894,請,七,靜,清開清上,清開眞入,從開清上
1895,省,息,井,心開清上,心開蒸入,精開清上
1896,眳,亡,井,明A清上,明陽平,精開清上
1897,徎,丈,井,澄開清上,澄開陽上,精開清上
1898,迥,戶,頂,匣合青上,匣模上,端開青上
1899,熲,古,迥,見合青上,見模上,匣合青上
1900,茗,莫,迥,明青上,明唐入,匣合青上
1901,頂,都,挺,端開青上,端模平,定開青上
1902,挺,徒,鼎,定開青上,定模平,端開青上
1903,珽,他,鼎,透開青上,透開一歌平,端開青上
1904,汫,徂,醒,從開青上,從模平,心開青上
1905,濙,烏,迥,影合青上,影模平,匣合青上
1906,謦,去,挺,溪開青上,溪魚上/溪魚去,定開青上
1907,𩕳,乃,挺,泥開青上,泥咍上,定開青上
1908,婞,胡,頂,匣開青上,匣模平,端開青上
1909,醒,蘇,挺,心開青上,心模平,定開青上
1910,鞞,補,鼎,幫青上,幫模上,端開青上
1911,褧,口,迥,溪合青上,溪侯上,匣合青上
1912,剄,古,挺,見開青上,見模上,定開青上
1913,頩,匹,迥,滂青上,滂A眞入,匣合青上
1914,巊,烟,涬,影開青上,影開A眞平,匣開青上
1915,笭,力,鼎,來開青上,來開蒸入,端開青上
1916,竝,蒲,迥,並青上,並模平,匣合青上
1917,詗,火,迥,曉合青上,曉合一歌上,匣合青上
1918,䀴,五,剄,疑開青上,疑模上,見開青上
1920,庱,丑,拯,徹開蒸上,徹尤上,章開蒸上
1921,殑,其,拯,羣開蒸上,羣之平,章開蒸上
1922,㱡,色,庱,生開蒸上,生開蒸入,徹開蒸上
1923,等,多,肯,端開登上,端開一歌平,溪開登上
1924,倗,普,等,滂登上,滂模上,端開登上
1925,肯,苦,等,溪開登上,溪模上,端開登上
1926,能,奴,等,泥開登上,泥模平,端開登上
1927,有,云,久,云尤上,云文平,見尤上
1928,柳,力,久,來尤上,來開蒸入,見尤上
1929,狃,女,久,孃尤上,孃魚上,見尤上
1930,丑,敕,久,徹尤上,徹開蒸入,見尤上
1931,肘,陟,柳,知尤上,知開蒸入,來尤上
1932,朽,許,久,曉尤上,曉魚上,見尤上
1933,久,舉,有,見尤上,見魚上,云尤上
1934,首,書,九,書尤上,書魚平,見尤上
1935,醜,昌,九,昌尤上,昌開陽平,見尤上
1936,湫,在,九,從尤上,從咍上/從咍去,見尤上
1937,婦,房,久,並尤上,並陽平,見尤上
1938,缶,方,久,幫尤上,幫陽平,見尤上
1939,糗,去,久,溪尤上,溪魚上/溪魚去,見尤上
1940,蹂,人,九,日尤上,日開眞平,見尤上
1941,舅,其,九,羣尤上,羣之平,見尤上
1942,紂,除,柳,澄尤上,澄魚平,來尤上
1943,酉,與,久,以尤上,以魚上/以魚去,見尤上
1944,受,殖,酉,常尤上,常開蒸入,以尤上
1945,滫,息,有,心尤上,心開蒸入,云尤上
1946,䬀,於,柳,影尤上,影魚平,來尤上
1947,酒,子,酉,精尤上,精之上,以尤上
1948,溲,疎,有,生尤上,生魚平,云尤上
1949,帚,之,九,章尤上,章之平,見尤上
1950,㤱,芳,否,滂尤上,滂陽平,幫尤上
1951,掫,側,九,莊尤上,莊開蒸入,見尤上
1952,𥣙,士,九,崇尤上,崇之上,見尤上
1953,𩋄,初,九,初尤上,初魚平,見尤上
1954,秠,芳,婦,滂尤上,滂陽平,並尤上
1955,厚,胡,口,匣侯上,匣模平,溪侯上
1956,母,莫,厚,明侯上,明唐入,匣侯上
1957,部,蒲,口,並侯上,並模平,溪侯上
1958,斗,當,口,端侯上,端開唐平/端開唐去,溪侯上
1959,𪌘,天,口,透侯上,透開先平,溪侯上
1960,苟,古,厚,見侯上,見模上,匣侯上
1961,藕,五,口,疑侯上,疑模上,溪侯上
1962,㨐,方,垢,幫侯上,幫陽平,見侯上
1963,㝅,乃,后,泥侯上,泥咍上,匣侯上
1964,叜,蘇,后,心侯上,心模平,匣侯上
1965,吼,呼,后,曉侯上,曉模平,匣侯上
1966,剖,普,后,滂侯上,滂模上,匣侯上
1967,歐,烏,后,影侯上,影模平,匣侯上
1968,塿,郎,斗,來侯上,來開唐平,端侯上
1969,走,子,苟,精侯上,精之上,見侯上
1970,口,苦,后,溪侯上,溪模上,匣侯上
1971,䕆,徒,口,定侯上,定模平,溪侯上
1972,鯫,仕,垢,從侯上,崇之上,見侯上
1973,趣,倉,苟,清侯上,清開唐平,見侯上
1974,黝,於,糾,影幽上,影魚平,見幽上
1975,糾,居,黝,見幽上,見魚平,影幽上
1976,蟉,渠,黝,羣幽上,羣魚平,影幽上
1977,寑,七,稔,清侵上,清開眞入,日侵上
1978,朕,直,稔,澄侵上,澄開蒸入,日侵上
1979,坅,丘,甚,溪B侵上,溪尤平,常侵上
1980,廩,力,稔,來侵上,來開蒸入,日侵上
1981,罧,斯,甚,心侵上,心開支平,常侵上
1982,踸,丑,甚,徹侵上,徹尤上,常侵上
1983,䤐,子,朕,精侵上,精之上,澄侵上
1984,荏,如,甚,日侵上,日魚平,常侵上
1985,枕,章,荏,章侵上,章開陽平,日侵上
1986,沈,式,荏,書侵上,書開蒸入,日侵上
1987,葚,食,荏,船侵上,船開蒸入,日侵上
1988,甚,常,枕,常侵上,常開陽平,章侵上
1989,瀋,昌,枕,昌侵上,昌開陽平,章侵上
1990,墋,初,朕,初侵上,初魚平,澄侵上
1991,拰,尼,凜,孃侵上,孃開脂平,來侵上
1992,噤,渠,飲,羣B侵上,羣魚平,影B侵上
1993,錦,居,飲,見B侵上,見魚平,影B侵上
1994,蕈,慈,荏,從侵上,從之平,日侵上
1995,僸,牛,錦,疑B侵上,疑尤平,見B侵上
1996,㾕,疎,錦,生侵上,生魚平,見B侵上
1997,稟,筆,錦,幫B侵上,幫B眞入,見B侵上
1998,㱃,於,錦,影B侵上,影魚平,見B侵上
1999,品,丕,飲,滂B侵上,滂B脂平,影B侵上
2000,𩖄,欽,錦,溪B侵上,溪B侵平,見B侵上
2001,廞,許,錦,曉B侵上,曉魚上,見B侵上
2002,戡,張,甚,知侵上,知開陽平,常侵上
2003,潭,以,荏,以侵上,以之上,日侵上
2004,𩒣,士,㾕,崇侵上,崇之上,生侵上
2005,感,古,禫,見覃上,見模上,定覃上
2006,禫,徒,感,定覃上,定模平,見覃上
2007,晻,烏,感,影覃上,影模平,見覃上
2008,腩,奴,感,泥覃上,泥模平,見覃上
2009,襑,他,感,透覃上,透開一歌平,見覃上
2010,歜,徂,感,從覃上,從模平,見覃上
2011,慘,七,感,清覃上,清開眞入,見覃上
2012,顉,五,感,疑覃上,疑模上,見覃上
2013,昝,子,感,精覃上,精之上,見覃上
2014,糂,桑,感,心覃上,心開唐平,見覃上
2015,坎,苦,感,溪覃上,溪模上,見覃上
2016,頷,胡,感,匣覃上,匣模平,見覃上
2017,壈,盧,感,來覃上,來模平,見覃上
2018,黕,都,感,端覃上,端模平,見覃上
2019,䫲,呼,唵,曉覃上,曉模平,影覃上
2020,敢,古,覽,見談上,見模上,來談上
2021,㶒,賞,敢,書談上,書開陽上,見談上
2022,覽,盧,敢,來談上,來模平,見談上
2023,𦵹,吐,敢,透談上,透模上/透模去,見談上
2024,膽,都,敢,端談上,端模平,見談上
2025,噉,徒,敢,定談上,定模平,見談上
2026,黲,倉,敢,清談上,清開唐平,見談上
2027,㛧,謨,敢,明談上,明模平,見談上
2028,䭕,子,敢,精談上,精之上,見談上
2029,槧,才,敢,從談上,從咍平,見談上
2030,喊,呼,覽,曉談上,曉模平,來談上
2031,埯,烏,敢,影談上,影模平,見談上
2032,𠪚,口,敢,溪談上,溪侯上,見談上
2033,琰,以,冉,以鹽上,以之上,日鹽上
2034,斂,良,冉,來鹽上,來開陽平,日鹽上
2035,險,虛,檢,曉B鹽上,曉魚平,見B鹽上
2036,貶,方,斂,幫B鹽上,幫陽平,來鹽上
2037,颭,占,琰,章鹽上,章鹽平/章鹽去,以鹽上
2038,𩑳,丘,檢,溪B鹽上,溪尤平,見B鹽上
2039,顩,魚,檢,疑B鹽上,疑魚平,見B鹽上
2040,儉,巨,險,羣B鹽上,羣魚上,曉B鹽上
2041,檢,居,奄,見B鹽上,見魚平,影B鹽上
2042,黶,於,琰,影A鹽上,影魚平,以鹽上
2043,冉,而,琰,日鹽上,日之平,以鹽上
2044,陝,失,冉,書鹽上,書開眞入,日鹽上
2045,諂,丑,琰,徹鹽上,徹尤上,以鹽上
2046,奄,衣,儉,影B鹽上,影開微平,羣B鹽上
2047,漸,慈,染,從鹽上,從之平,日鹽上
2048,憸,七,漸,清鹽上,清開眞入,從鹽上
2049,𩟗,子,冉,精鹽上,精之上,日鹽上
2050,脥,謙,琰,溪A鹽上,溪添平,以鹽上
2051,剡,時,染,常鹽上,常之平,日鹽上
2052,忝,他,玷,透添上,透開一歌平,端添上
2053,淰,乃,玷,泥添上,泥咍上,端添上
2054,點,多,忝,端添上,端開一歌平,透添上
2055,簟,徒,玷,定添上,定模平,端添上
2056,嗛,苦,簟,溪添上,溪模上,定添上
2057,稴,力,忝,來添上,來開蒸入,透添上
2058,鼸,胡,忝,匣添上,匣模平,透添上
2059,憯,青,忝,清添上,清開青平,透添上
2060,孂,兼,玷,見添上,見添平,端添上
2061,𡕢,明,忝,明添上,明三庚平,透添上
2062,儼,魚,埯,疑嚴上,疑魚平,影嚴上
2063,欦,丘,广,溪嚴上,溪尤平,疑嚴上
2064,埯,於,广,影嚴上,影魚平,疑嚴上
2065,豏,下,斬,匣咸上,匣開二麻上/匣開二麻去,莊咸上
2066,湛,徒,減,澄咸上,定模平,見咸上
2067,㦿,苦,減,溪咸上,溪模上,見咸上
2068,鹼,古,斬,見咸上,見模上,莊咸上
2069,瀺,士,減,崇咸上,崇之上,見咸上
2070,臉,力,減,來咸上,來開蒸入,見咸上
2071,斬,側,減,莊咸上,莊開蒸入,見咸上
2072,䑎,初,減,初咸上,初魚平,見咸上
2073,鬫,火,斬,曉咸上,曉合一歌上,莊咸上
2074,摻,所,斬,生咸上,生魚上,莊咸上
2075,黯,乙,減,影咸上,影開B眞入,見咸上
2076,喊,呼,豏,曉咸上,曉模平,匣咸上
2077,𦊔,女,減,孃咸上,孃魚上,見咸上
2078,𠐩,丑,減,徹咸上,徹尤上,見咸上
2079,檻,胡,黤,匣銜上,匣模平,影銜上
2080,䫡,丘,檻,溪銜上,溪尤平,匣銜上
2081,㨻,山,檻,生銜上,生開山平,匣銜上
2082,黤,於,檻,影銜上,影魚平,匣銜上
2083,醶,初,檻,初銜上,初魚平,匣銜上
2084,㺖,荒,檻,曉銜上,曉合唐平/曉合唐去,匣銜上
2085,巉,仕,檻,崇銜上,崇之上,匣銜上
2086,范,防,錽,並凡上,並陽平/並陽去,明凡上
2087,錽,亡,范,明凡上,明陽平,並凡上
2088,𦜒,府,犯,幫凡上,幫虞上,並凡上
2089,凵,丘,犯,溪嚴上,溪尤平,並凡上
2090,釩,峯,犯,滂凡上,滂鍾平,並凡上
2091,𠑆,丑,犯,徹嚴上,徹尤上,並凡上
2092,送,蘇,弄,心一東去,心模平,來一東去
2093,鳳,馮,貢,並三東去,並三東平/並蒸平,見一東去
2094,貢,古,送,見一東去,見模上,心一東去
2095,弄,盧,貢,來一東去,來模平,見一東去
2096,涷,多,貢,端一東去,端開一歌平,見一東去
2097,控,苦,貢,溪一東去,溪模上,見一東去
2098,糉,作,弄,精一東去,精模去/精開一歌去/精開唐入,來一東去
2099,瓮,烏,貢,影一東去,影模平,見一東去
2100,謥,千,弄,清一東去,清開先平,來一東去
2101,洞,徒,弄,定一東去,定模平,來一東去
2102,痛,他,貢,透一東去,透開一歌平,見一東去
2103,仲,直,眾,澄三東去,澄開蒸入,章三東去
2104,諷,方,鳳,幫三東去,幫陽平,並三東去
2105,焪,去,仲,溪三東去,溪魚上/溪魚去,澄三東去
2106,㝱,莫,鳳,明三東去,明唐入,並三東去
2107,𧽒,香,仲,曉三東去,曉開陽平,澄三東去
2108,𢄐,莫,弄,明一東去,明唐入,來一東去
2109,趥,千,仲,清三東去,清開先平,澄三東去
2110,賵,撫,鳳,滂三東去,滂虞上,並三東去
2111,𣀒,徂,送,從一東去,從模平,心一東去
2112,中,陟,仲,知三東去,知開蒸入,澄三東去
2113,哄,胡,貢,匣一東去,匣模平,見一東去
2114,齈,奴,凍,泥一東去,泥模平,端一東去
2115,眾,之,仲,章三東去,章之平,澄三東去
2116,銃,充,仲,昌三東去,昌三東平,澄三東去
2117,㓽,仕,仲,崇三東去,崇之上,澄三東去
2118,烘,呼,貢,曉一東去,曉模平,見一東去
2119,宋,蘇,統,心冬去,心模平,透冬去
2120,綜,子,宋,精冬去,精之上,心冬去
2121,統,他,綜,透冬去,透開一歌平,精冬去
2122,雺,莫,綜,明冬去,明唐入,精冬去
2123,䃔,乎,宋,匣冬去,匣模平,心冬去
2124,用,余,頌,以鍾去,以魚平,邪鍾去
2125,頌,似,用,邪鍾去,邪之上,以鍾去
2126,俸,扶,用,並鍾去,並虞平,以鍾去
2127,共,渠,用,羣鍾去,羣魚平,以鍾去
2128,葑,方,用,幫鍾去,幫陽平,以鍾去
2129,供,居,用,見鍾去,見魚平,以鍾去
2130,雍,於,用,影鍾去,影魚平,以鍾去
2131,湩,竹,用,知鍾去,知三東入,以鍾去
2132,縱,子,用,精鍾去,精之上,以鍾去
2133,蹱,丑,用,徹鍾去,徹尤上,以鍾去
2134,䩸,而,用,日鍾去,日之平,以鍾去
2135,種,之,用,章鍾去,章之平,以鍾去
2136,重,柱,用,澄鍾去,澄虞上,以鍾去
2137,贚,良,用,來鍾去,來開陽平,以鍾去
2138,恐,區,用,溪鍾去,溪虞平,以鍾去
2139,從,疾,用,從鍾去,從開眞入,以鍾去
2140,𢫨,穠,用,孃鍾去,孃鍾平,以鍾去
2141,絳,古,巷,見江去,見模上,匣江去
2142,巷,胡,絳,匣江去,匣模平,見江去
2143,戇,陟,降,知江去,知開蒸入,見江去
2144,䡴,直,絳,澄江去,澄開蒸入,見江去
2145,𥈄,丑,絳,徹江去,徹尤上,見江去
2146,漴,士,絳,崇江去,崇之上,見江去
2147,肨,匹,絳,滂江去,滂A眞入,見江去
2148,䎫,楚,絳,初江去,初魚上,見江去
2149,淙,色,絳,生江去,生開蒸入,見江去
2150,寘,支,義,章開支去,章開支平,疑開B支去
2151,避,毗,義,並A支去,並A脂平,疑開B支去
2152,惴,之,睡,章合支去,章之平,常合支去
2153,詈,力,智,來開支去,來開蒸入,知開支去
2154,豉,是,義,常開支去,常開支上,疑開B支去
2155,積,子,智,精開支去,精之上,知開支去
2156,賜,斯,義,心開支去,心開支平,疑開B支去
2157,爲,于,僞,云合支去,云虞平,疑合B支去
2158,䞈,詭,僞,見合B支去,見合B支上,疑合B支去
2159,帔,披,義,滂B支去,滂B支平/滂B支上,疑開B支去
2160,賁,彼,義,幫B支去,幫B支上,疑開B支去
2161,髲,平,義,並B支去,並三庚平,疑開B支去
2162,累,良,僞,來合支去,來開陽平,疑合B支去
2163,寄,居,義,見開B支去,見魚平,疑開B支去
2164,臂,卑,義,幫A支去,幫A支平,疑開B支去
2165,芰,奇,寄,羣開B支去,羣開B支平,見開B支去
2166,刺,七,賜,清開支去,清開眞入,心開支去
2167,易,以,豉,以開支去,以之上,常開支去
2168,議,宜,寄,疑開B支去,疑開B支平,見開B支去
2169,譬,匹,賜,滂A支去,滂A眞入,心開支去
2170,漬,疾,智,從開支去,從開眞入,知開支去
2171,智,知,義,知開支去,知開支平,疑開B支去
2172,倚,於,義,影開B支去,影魚平,疑開B支去
2173,縋,馳,僞,澄合支去,澄開支平,疑合B支去
2174,吹,尺,僞,昌合支去,昌開清入,疑合B支去
2175,戲,香,義,曉開B支去,曉開陽平,疑開B支去
2176,企,去,智,溪開A支去,溪魚上/溪魚去,知開支去
2177,縊,於,賜,影開A支去,影魚平,心開支去
2178,翅,施,智,書開支去,書開支平,知開支去
2179,屣,所,寄,生開支去,生魚上,見開B支去
2180,觖,窺,瑞,溪合A支去,溪合A支平,常合支去
2181,餧,於,僞,影合B支去,影魚平,疑合B支去
2182,僞,危,睡,疑合B支去,疑合B支平,常合支去
2183,毀,況,僞,曉合B支去,曉合陽去,疑合B支去
2184,恚,於,避,影合A支去,影魚平,並A支去
2185,睡,是,僞,常合支去,常開支上,疑合B支去
2186,馶,居,企,見開A支去,見魚平,溪開A支去
2187,䄲,而,瑞,日合支去,日之平,常合支去
2188,卶,充,豉,昌開支去,昌三東平,常開支去
2189,䅗,思,累,心合支去,心之平/心之去,來合支去
2190,娷,竹,恚,知合支去,知三東入,影合A支去
2191,瓗,以,睡,以合支去,以之上,常合支去
2192,諉,女,恚,孃合支去,孃魚上,影合A支去
2193,瞡,規,恚,見合A支去,見合A支平,影合A支去
2194,𧙁,爭,義,莊開支去,莊開耕平,疑開B支去
2195,孈,呼,恚,曉合A支去,曉模平,影合A支去
2196,㞆,卿,義,溪開B支去,溪開三庚平,疑開B支去
2197,至,脂,利,章開脂去,章開脂平,來開脂去
2198,位,于,愧,云合脂去,云虞平,見合B脂去
2199,郿,明,祕,明B脂去,明三庚平,幫B脂去
2200,遂,徐,醉,邪合脂去,邪魚平,精合脂去
2201,醉,將,遂,精合脂去,精開陽平/精開陽去,邪合脂去
2202,邃,雖,遂,心合脂去,心合脂平,邪合脂去
2203,類,力,遂,來合脂去,來開蒸入,邪合脂去
2204,祕,兵,媚,幫B脂去,幫三庚平,明B脂去
2205,匱,求,位,羣合B脂去,羣尤平,云合脂去
2206,濞,匹,備,滂B脂去,滂A眞入,並B脂去
2207,備,平,祕,並B脂去,並三庚平,幫B脂去
2208,媿,俱,位,見合B脂去,見虞平,云合脂去
2209,帥,所,類,生合脂去,生魚上,來合脂去
2210,喟,丘,愧,溪合B脂去,溪尤平,見合B脂去
2211,豷,許,位,曉合B脂去,曉魚上,云合脂去
2212,嗜,常,利,常開脂去,常開陽平,來開脂去
2213,利,力,至,來開脂去,來開蒸入,章開脂去
2214,膩,女,利,孃開脂去,孃魚上,來開脂去
2215,屁,匹,寐,滂A脂去,滂A眞入,明A脂去
2216,劓,魚,器,疑開B脂去,疑魚平,溪開B脂去
2217,致,陟,利,知開脂去,知開蒸入,來開脂去
2218,棄,詰,利,溪開A脂去,溪開A眞入,來開脂去
2219,緻,直,利,澄開脂去,澄開蒸入,來開脂去
2220,寐,彌,二,明A脂去,明A支平,日開脂去
2221,杘,丑,利,徹開脂去,徹尤上,來開脂去
2222,冀,几,利,見開B脂去,見開B脂上,來開脂去
2223,臮,具,冀,羣開B脂去,羣虞去,見開B脂去
2224,悸,其,季,羣合A脂去,羣之平,見合A脂去
2225,翠,七,醉,清合脂去,清開眞入,精合脂去
2226,二,而,至,日開脂去,日之平,章開脂去
2227,恣,資,四,精開脂去,精開脂平,心開脂去
2228,次,七,四,清開脂去,清開眞入,心開脂去
2229,懿,乙,冀,影開B脂去,影開B眞入,見開B脂去
2230,四,息,利,心開脂去,心開蒸入,來開脂去
2231,器,去,冀,溪開B脂去,溪魚上/溪魚去,見開B脂去
2232,季,居,悸,見合A脂去,見魚平,羣合A脂去
2233,鼻,毗,至,並A脂去,並A脂平,章開脂去
2234,䁤,香,季,曉合A脂去,曉開陽平,見合A脂去
2235,痹,必,至,幫A脂去,幫A眞入,章開脂去
2236,萃,秦,醉,從合脂去,從開眞平,精合脂去
2237,地,徒,四,定開脂去,定模平,心開脂去
2238,齂,虛,器,曉開B脂去,曉魚平,溪開B脂去
2239,肄,羊,至,以開脂去,以開陽平,章開脂去
2240,示,神,至,船開脂去,船開眞平,章開脂去
2241,自,疾,二,從開脂去,從開眞入,日開脂去
2242,墜,直,類,澄合脂去,澄開蒸入,來合脂去
2243,出,尺,類,昌合脂去,昌開清入,來合脂去
2244,遺,以,醉,以合脂去,以之上,精合脂去
2245,侐,火,季,曉合A脂去,曉合一歌上,見合A脂去
2246,轛,追,萃,知合脂去,知合脂平,從合脂去
2247,痓,充,自,昌開脂去,昌三東平,從開脂去
2248,屍,矢,利,書開脂去,書開脂上,來開脂去
2249,㿷,楚,愧,初合脂去,初魚上,見合B脂去
2250,㽷,釋,類,書合脂去,書開清入,來合脂去
2251,志,職,吏,章之去,章開蒸入,來之去
2252,值,直,吏,澄之去,澄開蒸入,來之去
2253,寺,祥,吏,邪之去,邪開陽平,來之去
2254,蛓,七,吏,清之去,清開眞入,來之去
2255,笥,相,吏,心之去,心開陽平/心開陽去,來之去
2256,試,式,吏,書之去,書開蒸入,來之去
2257,胾,側,吏,莊之去,莊開蒸入,來之去
2258,吏,力,置,來之去,來開蒸入,知之去
2259,字,疾,置,從之去,從開眞入,知之去
2260,眙,丑,吏,徹之去,徹尤上,來之去
2261,餌,仍,吏,日之去,日開蒸平,來之去
2262,駛,疎,吏,生之去,生魚平,來之去
2263,廁,初,吏,初之去,初魚平,來之去
2264,異,羊,吏,以之去,以開陽平,來之去
2265,置,陟,吏,知之去,知開蒸入,來之去
2266,侍,時,吏,常之去,常之平,來之去
2267,事,鉏,吏,崇之去,崇魚平/崇魚上,來之去
2268,忌,渠,記,羣之去,羣魚平,見之去
2269,熾,昌,志,昌之去,昌開陽平,章之去
2270,意,於,記,影之去,影魚平,見之去
2271,記,居,吏,見之去,見魚平,來之去
2272,憙,許,記,曉之去,曉魚上,見之去
2273,䰯,魚,記,疑之去,疑魚平,見之去
2274,亟,去,吏,溪之去,溪魚上/溪魚去,來之去
2275,未,無,沸,明微去,明虞平,幫微去
2276,貴,居,胃,見合微去,見魚平,云合微去
2277,胃,于,貴,云合微去,云虞平,見合微去
2278,魏,魚,貴,疑合微去,疑魚平,見合微去
2279,沸,方,味,幫微去,幫陽平,明微去
2280,費,芳,未,滂微去,滂陽平,明微去
2281,𥽂,丘,畏,溪合微去,溪尤平,影合微去
2282,尉,於,胃,影合微去,影魚平,云合微去
2283,諱,許,貴,曉合微去,曉魚上,見合微去
2284,𥝋,扶,沸,並微去,並虞平,幫微去
2285,既,居,豙,見開微去,見魚平,疑開微去
2286,毅,魚,既,疑開微去,疑魚平,見開微去
2287,氣,去,既,溪開微去,溪魚上/溪魚去,見開微去
2288,欷,許,既,曉開微去,曉魚上,見開微去
2289,䤒,其,既,羣開微去,羣之平,見開微去
2290,衣,於,既,影開微去,影魚平,見開微去
2291,御,牛,倨,疑魚去,疑尤平,見魚去
2292,慮,良,倨,來魚去,來開陽平,見魚去
2293,據,居,御,見魚去,見魚平,疑魚去
2294,覰,七,慮,清魚去,清開眞入,來魚去
2295,㰦,丘,倨,溪魚去,溪尤平,見魚去
2296,署,常,恕,常魚去,常開陽平,書魚去
2297,恕,商,署,書魚去,書開陽平,常魚去
2298,著,陟,慮,知魚去,知開蒸入,來魚去
2299,䬡,章,恕,章魚去,章開陽平,書魚去
2300,疏,所,去,生魚去,生魚上,溪魚去
2301,飫,依,倨,影魚去,影開微平,見魚去
2302,箸,遟,倨,澄魚去,澄開脂平,見魚去
2303,遽,其,據,羣魚去,羣之平,見魚去
2304,絮,息,據,心魚去,心開蒸入,見魚去
2305,助,牀,據,崇魚去,崇開陽平,見魚去
2306,怚,將,預,精魚去,精開陽平/精開陽去,以魚去
2307,詛,莊,助,莊魚去,莊開陽平,崇魚去
2308,洳,人,恕,日魚去,日開眞平,書魚去
2309,豫,羊,洳,以魚去,以開陽平,日魚去
2310,噓,許,御,曉魚去,曉魚上,疑魚去
2311,女,尼,據,孃魚去,孃開脂平,見魚去
2312,楚,瘡,據,初魚去,初開陽平,見魚去
2313,處,昌,據,昌魚去,昌開陽平,見魚去
2314,絮,抽,據,徹魚去,徹尤平,見魚去
2315,𡱣,徐,預,邪魚去,邪魚平,以魚去
2316,遇,牛,具,疑虞去,疑尤平,羣虞去
2317,嫗,衣,遇,影虞去,影開微平,疑虞去
2318,樹,常,句,常虞去,常開陽平,見虞去
2319,住,持,遇,澄虞去,澄之平,疑虞去
2320,附,符,遇,並虞去,並虞平,疑虞去
2321,注,之,戍,章虞去,章之平,書虞去
2322,屨,九,遇,見虞去,見尤上,疑虞去
2323,昫,香,句,曉虞去,曉開陽平,見虞去
2324,戍,傷,遇,書虞去,書開陽平,疑虞去
2325,裕,羊,戍,以虞去,以開陽平,書虞去
2326,孺,而,遇,日虞去,日之平,疑虞去
2327,赴,芳,遇,滂虞去,滂陽平,疑虞去
2328,務,亡,遇,明虞去,明陽平,疑虞去
2329,緅,子,句,精虞去,精之上,見虞去
2330,懼,其,遇,羣虞去,羣之平,疑虞去
2331,芋,王,遇,云虞去,云合陽平,疑虞去
2332,埾,才,句,從虞去,從咍平,見虞去
2333,捒,色,句,生虞去,生開蒸入,見虞去
2334,付,方,遇,幫虞去,幫陽平,疑虞去
2335,娶,七,句,清虞去,清開眞入,見虞去
2336,註,中,句,知虞去,知三東平/知三東去,見虞去
2337,驅,區,遇,溪虞去,溪虞平,疑虞去
2338,菆,芻,注,初虞去,初虞平,章虞去
2339,𨳳,丑,注,徹虞去,徹尤上,章虞去
2340,尠,思,句,心虞去,心之平/心之去,見虞去
2341,屢,良,遇,來虞去,來開陽平,疑虞去
2342,暮,莫,故,明模去,明唐入,見模去
2343,渡,徒,故,定模去,定模平,見模去
2344,路,洛,故,來模去,來開唐入,見模去
2345,妒,當,故,端模去,端開唐平/端開唐去,見模去
2346,菟,湯,故,透模去,透開唐平,見模去
2347,顧,古,暮,見模去,見模上,明模去
2348,誤,五,故,疑模去,疑模上,見模去
2349,護,胡,誤,匣模去,匣模平,疑模去
2350,訴,桑,故,心模去,心開唐平,見模去
2351,祚,昨,誤,從模去,從開唐入,疑模去
2352,笯,乃,故,泥模去,泥咍上,見模去
2353,布,博,故,幫模去,幫唐入,見模去
2354,汙,烏,路,影模去,影模平,來模去
2355,怖,普,故,滂模去,滂模上,見模去
2356,厝,倉,故,清模去,清開唐平,見模去
2357,絝,苦,故,溪模去,溪模上,見模去
2358,捕,薄,故,並模去,並唐入,見模去
2359,謼,荒,故,曉模去,曉合唐平/曉合唐去,見模去
2360,作,臧,祚,精模去,精開唐平,從模去
2361,霽,子,計,精開齊去,精之上,見開齊去
2362,帝,都,計,端開齊去,端模平,見開齊去
2363,嚌,在,詣,從開齊去,從咍上/從咍去,疑開齊去
2364,替,他,計,透開齊去,透開一歌平,見開齊去
2365,第,特,計,定開齊去,定開登入,見開齊去
2366,砌,七,計,清開齊去,清開眞入,見開齊去
2367,細,蘇,計,心開齊去,心模平,見開齊去
2368,詣,五,計,疑開齊去,疑模上,見開齊去
2369,計,古,詣,見開齊去,見模上,疑開齊去
2370,蒵,胡,計,匣開齊去,匣模平,見開齊去
2371,契,苦,計,溪開齊去,溪模上,見開齊去
2372,翳,於,計,影開齊去,影魚平,見開齊去
2373,謎,莫,計,明齊去,明唐入,見開齊去
2374,閉,博,計,幫齊去,幫唐入,見開齊去
2375,慧,胡,桂,匣合齊去,匣模平,見合齊去
2376,桂,古,惠,見合齊去,見模上,匣合齊去
2377,嘒,呼,惠,曉合齊去,曉模平,匣合齊去
2378,媲,匹,詣,滂齊去,滂A眞入,疑開齊去
2379,薜,蒲,計,並齊去,並模平,見開齊去
2380,麗,郎,計,來開齊去,來開唐平,見開齊去
2381,𥱻,丑,戾,透開齊去,徹尤上,來開齊去
2382,泥,奴,計,泥開齊去,泥模平,見開齊去
2383,㰥,呼,計,曉開齊去,曉模平,見開齊去
2384,祭,子,例,精開祭去,精之上,來開祭去
2385,歲,相,銳,心合祭去,心開陽平/心開陽去,以合祭去
2386,衛,于,歲,云合祭去,云虞平,心合祭去
2387,芮,而,銳,日合祭去,日之平,以合祭去
2388,贅,之,芮,章合祭去,章之平,日合祭去
2389,𠻜,山,芮,生合祭去,生開山平,日合祭去
2390,毳,此,芮,清合祭去,清開支上,日合祭去
2391,銳,以,芮,以合祭去,以之上,日合祭去
2392,綴,陟,衛,知合祭去,知開蒸入,云合祭去
2393,稅,舒,芮,書合祭去,書魚平,日合祭去
2394,弊,毗,祭,並A祭去,並A脂平,精開祭去
2395,㯔,楚,稅,初合祭去,初魚上,書合祭去
2396,篲,祥,歲,邪合祭去,邪開陽平,心合祭去
2397,蔽,必,袂,幫A祭去,幫A眞入,明A祭去
2398,劌,居,衛,見合B祭去,見魚平,云合祭去
2399,袂,彌,弊,明A祭去,明A支平,並A祭去
2400,㡜,所,例,生開祭去,生魚上,來開祭去
2401,掣,尺,制,昌開祭去,昌開清入,章開祭去
2402,制,征,例,章開祭去,章開清平,來開祭去
2403,逝,時,制,常開祭去,常之平,章開祭去
2404,曳,餘,制,以開祭去,以魚平,章開祭去
2405,䋵,於,罽,影開B祭去,影魚平,見開B祭去
2406,藝,魚,祭,疑開A祭去,疑魚平,精開祭去
2407,滯,直,例,澄開祭去,澄開蒸入,來開祭去
2408,例,力,制,來開祭去,來開蒸入,章開祭去
2409,憩,去,例,溪開B祭去,溪魚上/溪魚去,來開祭去
2410,世,舒,制,書開祭去,書魚平,章開祭去
2411,猘,居,例,見開B祭去,見魚平,來開祭去
2412,㿃,竹,例,知開祭去,知三東入,來開祭去
2413,偈,其,憩,羣開B祭去,羣之平,溪開B祭去
2414,啜,嘗,芮,常合祭去,常開陽平,日合祭去
2415,跇,丑,例,徹開祭去,徹尤上,來開祭去
2416,𨧨,除,芮,澄合祭去,澄魚平,日合祭去
2417,㓷,牛,例,疑開B祭去,疑尤平,來開祭去
2418,蕝,子,芮,精合祭去,精之上,日合祭去
2419,潎,匹,蔽,滂A祭去,滂A眞入,幫A祭去
2420,𥏙,丘,吠,溪合廢去,溪尤平,並廢去
2421,䂕,呼,吠,曉合廢去,曉模平,並廢去
2422,泰,他,蓋,透開泰去,透開一歌平,見開泰去
2423,蓋,古,太,見開泰去,見模上,透開泰去
2424,艾,五,蓋,疑開泰去,疑模上,見開泰去
2425,藹,於,蓋,影開泰去,影魚平,見開泰去
2426,柰,奴,帶,泥開泰去,泥模平,端開泰去
2427,大,徒,蓋,定開泰去,定模平,見開泰去
2428,害,胡,蓋,匣開泰去,匣模平,見開泰去
2429,帶,當,蓋,端開泰去,端開唐平/端開唐去,見開泰去
2430,貝,博,蓋,幫泰去,幫唐入,見開泰去
2431,霈,普,蓋,滂泰去,滂模上,見開泰去
2432,會,黃,外,匣合泰去,匣合唐平,疑合泰去
2433,兌,杜,外,定合泰去,定模上,疑合泰去
2434,儈,古,外,見合泰去,見模上,疑合泰去
2435,最,祖,外,精合泰去,精模上,疑合泰去
2436,𧬨,呼,會,曉合泰去,曉模平,匣合泰去
2437,𥢶,苦,會,溪合泰去,溪模上,匣合泰去
2438,酹,郎,外,來合泰去,來開唐平,疑合泰去
2439,外,五,會,疑合泰去,疑模上,匣合泰去
2440,祋,丁,外,端合泰去,端開青平,疑合泰去
2441,懀,烏,外,影合泰去,影模平,疑合泰去
2442,蕞,才,外,從合泰去,從咍平,疑合泰去
2443,𥕸,先,外,心合泰去,心開先平/心開先去,疑合泰去
2444,襊,麤,最,清合泰去,清模平,精合泰去
2445,旆,蒲,蓋,並泰去,並模平,見開泰去
2446,磕,苦,蓋,溪開泰去,溪模上,見開泰去
2447,蔡,倉,大,清開泰去,清開唐平,定開泰去
2448,賴,落,蓋,來開泰去,來開唐入,見開泰去
2449,餀,呼,艾,曉開泰去,曉模平,疑開泰去
2450,娧,他,外,透合泰去,透開一歌平,疑合泰去
2451,眜,莫,貝,明泰去,明唐入,幫泰去
2452,𦦣,七,外,清合泰去,清開眞入,疑合泰去
2453,卦,古,賣,見合佳去,見模上,明佳去
2454,懈,古,隘,見開佳去,見模上,影開佳去
2455,隘,烏,懈,影開佳去,影模平,見開佳去
2456,邂,胡,懈,匣開佳去,匣模平,見開佳去
2457,賣,莫,懈,明佳去,明唐入,見開佳去
2458,畫,胡,卦,匣合佳去,匣模平,見合佳去
2459,差,楚,懈,初開佳去,初魚上,見開佳去
2460,睚,五,懈,疑開佳去,疑模上,見開佳去
2461,謑,火,懈,曉開佳去,曉合一歌上,見開佳去
2462,𢈕,方,卦,幫佳去,幫陽平,見合佳去
2463,粺,傍,卦,並佳去,並唐平/並唐去,見合佳去
2464,㾹,士,懈,崇開佳去,崇之上,見開佳去
2465,派,匹,卦,滂佳去,滂A眞入,見合佳去
2466,債,側,賣,莊開佳去,莊開蒸入,明佳去
2467,𡢖,苦,賣,溪開佳去,溪模上,明佳去
2468,曬,所,賣,生開佳去,生魚上,明佳去
2469,諣,呼,卦,曉合佳去,曉模平,見合佳去
2470,㠔,方,賣,幫佳去,幫陽平,明佳去
2471,膪,竹,賣,知開佳去,知三東入,明佳去
2472,怪,古,壞,見合皆去,見模上,見合皆去/匣合皆去
2473,噫,烏,界,影開皆去,影模平,見開皆去
2474,瘵,側,界,莊開皆去,莊開蒸入,見開皆去
2475,誡,古,拜,見開皆去,見模上,幫皆去
2476,褹,女,介,孃開皆去,孃魚上,見開皆去
2477,譮,許,介,曉開皆去,曉魚上,見開皆去
2478,械,胡,介,匣開皆去,匣模平,見開皆去
2479,𦗐,五,介,疑開皆去,疑模上,見開皆去
2480,蒯,苦,怪,溪合皆去,溪模上,見合皆去
2481,𢷎,博,怪,幫皆去,幫唐入,見合皆去
2482,湃,普,拜,滂皆去,滂模上,幫皆去
2483,壞,胡,怪,匣合皆去,匣模平,見合皆去
2484,聵,五,怪,疑合皆去,疑模上,見合皆去
2485,𢞎,蒲,拜,並皆去,並模平,幫皆去
2486,䀛,莫,拜,明皆去,明唐入,幫皆去
2487,𧱳,火,怪,曉合皆去,曉合一歌上,見合皆去
2488,鎩,所,拜,生開皆去,生魚上,幫皆去
2489,烗,苦,戒,溪開皆去,溪模上,見開皆去
2490,顡,迍,怪,知合皆去,知合眞平,見合皆去
2491,夬,古,邁,見合夬去,見模上,明夬去
2492,快,苦,夬,溪合夬去,溪模上,見合夬去
2493,邁,莫,話,明夬去,明唐入,匣合夬去
2494,話,下,快,匣合夬去,匣開二麻上/匣開二麻去,溪合夬去
2495,敗,薄,邁,並夬去,並唐入,明夬去
2496,䵳,烏,快,影合夬去,影模平,溪合夬去
2497,嘬,楚,夬,初合夬去,初魚上,見合夬去
2498,犗,古,喝,見開夬去,見模上,影開夬去
2499,蠆,丑,犗,徹開夬去,徹尤上,見開夬去
2500,喝,於,犗,影開夬去,影魚平,見開夬去
2501,𠱡,所,犗,生開夬去,生魚上,見開夬去
2502,𦤧,除,邁,澄開夬去,澄魚平,明夬去
2503,䜕,火,犗,曉開夬去,曉合一歌上,見開夬去
2504,咶,火,夬,曉合夬去,曉合一歌上,見合夬去
2505,敗,補,邁,幫夬去,幫模上,明夬去
2506,啐,倉,夬,初合夬去,清開唐平,見合夬去
2507,寨,豺,夬,崇開夬去,崇開皆平,見合夬去
2508,㕢,何,犗,匣開夬去,匣開一歌平,見開夬去
2509,隊,徒,對,定灰去,定模平,端灰去
2510,佩,蒲,昧,並灰去,並模平,明灰去
2511,妹,莫,佩,明灰去,明唐入,並灰去
2512,配,滂,佩,滂灰去,滂唐平,並灰去
2513,誨,荒,內,曉灰去,曉合唐平/曉合唐去,泥灰去
2514,對,都,隊,端灰去,端模平,定灰去
2515,倅,七,內,清灰去,清開眞入,泥灰去
2516,晬,子,對,精灰去,精之上,端灰去
2517,𩲄,烏,繢,影灰去,影模平,匣灰去
2518,退,他,內,透灰去,透開一歌平,泥灰去
2519,憒,古,對,見灰去,見模上,端灰去
2520,潰,胡,對,匣灰去,匣模平,端灰去
2521,塊,苦,對,溪灰去,溪模上,端灰去
2522,碎,蘇,內,心灰去,心模平,泥灰去
2523,內,奴,對,泥灰去,泥模平,端灰去
2524,纇,盧,對,來灰去,來模平,端灰去
2525,背,補,妹,幫灰去,幫模上,明灰去
2526,磑,五,對,疑灰去,疑模上,端灰去
2527,蚚,胡,輩,匣灰去,匣模平,幫灰去
2528,代,徒,耐,定咍去,定模平,泥咍去
2529,載,作,代,精咍去,精模去/精開一歌去/精開唐入,定咍去
2530,䆀,莫,代,明灰去,明唐入,定咍去
2531,賽,先,代,心咍去,心開先平/心開先去,定咍去
2532,貸,他,代,透咍去,透開一歌平,定咍去
2533,溉,古,代,見咍去,見模上,定咍去
2534,慨,苦,愛,溪咍去,溪模上,影咍去
2535,礙,五,溉,疑咍去,疑模上,見咍去
2536,愛,烏,代,影咍去,影模平,定咍去
2537,瀣,胡,概,匣咍去,匣模平,見咍去
2538,耐,奴,代,泥咍去,泥模平,定咍去
2539,戴,都,代,端咍去,端模平,定咍去
2540,賚,洛,代,來咍去,來開唐入,定咍去
2541,菜,倉,代,清咍去,清開唐平,定咍去
2542,載,昨,代,從咍去,從開唐入,定咍去
2543,儗,海,愛,曉咍去,曉咍上,影咍去
2544,廢,方,肺,幫廢去,幫陽平,滂廢去
2545,肺,芳,廢,滂廢去,滂陽平,幫廢去
2546,穢,於,廢,影合廢去,影魚平,幫廢去
2547,吠,符,廢,並廢去,並虞平,幫廢去
2548,喙,許,穢,曉合廢去,曉魚上,影合廢去
2549,𤜂,渠,穢,羣合廢去,羣魚平,影合廢去
2550,刈,魚,肺,疑開廢去,疑魚平,滂廢去
2551,震,章,刃,章開眞去,章開陽平,日開眞去
2552,信,息,晉,心開眞去,心開蒸入,精開眞去
2553,刃,而,振,日開眞去,日之平,章開眞去
2554,胤,羊,晉,以開眞去,以開陽平,精開眞去
2555,遴,良,刃,來開眞去,來開陽平,日開眞去
2556,儐,必,刃,幫A眞去,幫A眞入,日開眞去
2557,敶,直,刃,澄開眞去,澄開蒸入,日開眞去
2558,慎,時,刃,常開眞去,常之平,日開眞去
2559,眒,試,刃,書開眞去,書之去,日開眞去
2560,菣,去,刃,溪開A眞去,溪魚上/溪魚去,日開眞去
2561,賮,徐,刃,邪開眞去,邪魚平,日開眞去
2562,憖,魚,覲,疑開B眞去,疑魚平,羣開B眞去
2563,晉,即,刃,精開眞去,精開蒸入,日開眞去
2564,衅,許,覲,曉開B眞去,曉魚上,羣開B眞去
2565,鎮,陟,刃,知開眞去,知開蒸入,日開眞去
2566,僅,渠,遴,羣開B眞去,羣魚平,來開眞去
2567,櫬,初,覲,初開眞去,初魚平,羣開B眞去
2568,印,於,刃,影開A眞去,影魚平,日開眞去
2569,疢,丑,刃,徹開眞去,徹尤上,日開眞去
2570,𣎳,匹,刃,滂A眞去,滂A眞入,日開眞去
2571,親,七,遴,清開眞去,清開眞入,來開眞去
2572,螼,羌,印,溪開A眞去,溪開陽平,影開A眞去
2573,呁,九,峻,見合A眞去,見尤上,心合眞去
2574,稕,之,閏,章合眞去,章之平,日合眞去
2575,𡺲,私,閏,心合眞去,心開脂平,日合眞去
2576,殉,辭,閏,邪合眞去,邪之平,日合眞去
2577,儁,子,峻,精合眞去,精之上,心合眞去
2578,舜,舒,閏,書合眞去,書魚平,日合眞去
2579,閏,如,順,日合眞去,日魚平,船合眞去
2580,順,食,閏,船合眞去,船開蒸入,日合眞去
2581,問,亡,運,明文去,明陽平,云文去
2582,運,王,問,云文去,云合陽平,明文去
2583,訓,許,運,曉文去,曉魚上,云文去
2584,湓,匹,問,滂文去,滂A眞入,明文去
2585,糞,方,問,幫文去,幫陽平,明文去
2586,醞,於,問,影文去,影魚平,明文去
2587,攈,居,運,見文去,見魚平,云文去
2588,郡,渠,運,羣文去,羣魚平,云文去
2589,分,扶,問,並文去,並虞平,明文去
2590,焮,香,靳,曉欣去,曉開陽平,見欣去
2591,靳,居,焮,見欣去,見魚平,曉欣去
2592,近,巨,靳,羣欣去,羣魚上,見欣去
2593,㒚,於,靳,影欣去,影魚平,見欣去
2594,垽,吾,靳,疑欣去,疑模平,見欣去
2595,願,魚,怨,疑合元去,疑魚平,影合元去
2596,怨,於,願,影合元去,影魚平,疑合元去
2597,販,方,願,幫元去,幫陽平,疑合元去
2598,券,去,願,溪合元去,溪魚上/溪魚去,疑合元去
2599,万,無,販,明元去,明虞平,幫元去
2600,飯,符,万,並元去,並虞平,明元去
2601,嬎,芳,万,滂元去,滂陽平,明元去
2602,建,居,万,見開元去,見魚平,明元去
2603,堰,於,建,影開元去,影魚平,見開元去
2604,獻,許,建,曉開元去,曉魚上,見開元去
2605,楥,虛,願,曉合元去,曉魚平,疑合元去
2606,健,渠,建,羣開元去,羣魚平,見開元去
2607,𣀔,叉,万,初合元去,初開佳平/初開二麻平,明元去
2608,遠,于,願,云合元去,云虞平,疑合元去
2609,𤬝,語,堰,疑開元去,疑魚上,影開元去
2610,圈,臼,万,羣合元去,羣尤上,明元去
2611,卛,居,願,見合元去,見魚平,疑合元去
2612,慁,胡,困,匣魂去,匣模平,溪魂去
2613,頓,都,困,端魂去,端模平,溪魂去
2614,巽,蘇,困,心魂去,心模平,溪魂去
2615,困,苦,悶,溪魂去,溪模上,明魂去
2616,嫩,奴,困,泥魂去,泥模平,溪魂去
2617,搵,烏,困,影魂去,影模平,溪魂去
2618,悶,莫,困,明魂去,明唐入,溪魂去
2619,鐏,徂,悶,從魂去,從模平,明魂去
2620,睔,古,困,見魂去,見模上,溪魂去
2621,噴,普,悶,滂魂去,滂模上,明魂去
2622,鈍,徒,困,定魂去,定模平,溪魂去
2623,寸,倉,困,清魂去,清開唐平,溪魂去
2624,坌,蒲,悶,並魂去,並模平,明魂去
2625,顐,五,困,疑魂去,疑模上,溪魂去
2626,論,盧,困,來魂去,來模平,溪魂去
2627,奔,甫,悶,幫魂去,幫虞上,明魂去
2628,惛,呼,悶,曉魂去,曉模平,明魂去
2629,焌,子,寸,精魂去,精之上,清魂去
2630,恨,胡,艮,匣痕去,匣模平,見痕去
2631,艮,古,恨,見痕去,見模上,匣痕去
2632,䭓,五,恨,疑痕去,疑模上,匣痕去
2633,䭡,烏,恨,影痕去,影模平,匣痕去
2634,翰,侯,旰,匣開寒去,匣侯平,見開寒去
2635,炭,他,旦,透開寒去,透開一歌平,端開寒去
2636,按,烏,旰,影開寒去,影模平,見開寒去
2637,旦,得,按,端開寒去,端開登入,影開寒去
2638,憚,徒,案,定開寒去,定模平,影開寒去
2639,旰,古,案,見開寒去,見模上,影開寒去
2640,岸,五,旰,疑開寒去,疑模上,見開寒去
2641,侃,苦,旰,溪開寒去,溪模上,見開寒去
2642,漢,呼,旰,曉開寒去,曉模平,見開寒去
2643,爛,郎,旰,來開寒去,來開唐平,見開寒去
2644,攤,奴,案,泥開寒去,泥模平,影開寒去
2645,粲,蒼,案,清開寒去,清開唐平,影開寒去
2646,繖,蘇,旰,心開寒去,心模平,見開寒去
2647,贊,則,旰,精開寒去,精開登入,見開寒去
2648,㜺,徂,贊,從開寒去,從模平,精開寒去
2649,換,胡,玩,匣合寒去,匣模平,疑合寒去
2650,䂎,子,筭,精合寒去,精之上,心合寒去
2651,惋,烏,貫,影合寒去,影模平,見合寒去
2652,貫,古,玩,見合寒去,見模上,疑合寒去
2653,竄,七,亂,清合寒去,清開眞入,來合寒去
2654,玩,五,換,疑合寒去,疑模上,匣合寒去
2655,段,徒,玩,定合寒去,定模平,疑合寒去
2656,亂,郎,段,來合寒去,來開唐平,定合寒去
2657,鍛,丁,貫,端合寒去,端開青平,見合寒去
2658,彖,通,貫,透合寒去,透一東平,見合寒去
2659,喚,火,貫,曉合寒去,曉合一歌上,見合寒去
2660,筭,蘇,貫,心合寒去,心模平,見合寒去
2661,縵,莫,半,明寒去,明唐入,幫寒去
2662,半,博,漫,幫寒去,幫唐入,明寒去
2663,判,普,半,滂寒去,滂模上,幫寒去
2664,叛,薄,半,並寒去,並唐入,幫寒去
2665,偄,奴,亂,泥合寒去,泥模平,來合寒去
2666,攢,在,玩,從合寒去,從咍上/從咍去,疑合寒去
2667,䥗,口,喚,溪合寒去,溪侯上,曉合寒去
2668,諫,古,晏,見開刪去,見模上,影開刪去
2669,鴈,五,晏,疑開刪去,疑模上,影開刪去
2670,晏,烏,澗,影開刪去,影模平,見開刪去
2671,訕,所,晏,生開刪去,生魚上,影開刪去
2672,骭,下,晏,匣開刪去,匣開二麻上/匣開二麻去,影開刪去
2673,慢,謨,晏,明刪去,明模平,影開刪去
2674,綰,烏,患,影合刪去,影模平,匣合刪去
2675,患,胡,慣,匣合刪去,匣模平,見合刪去
2676,慣,古,患,見合刪去,見模上,匣合刪去
2677,㝈,生,患,生合刪去,生開三庚平,匣合刪去
2678,篡,初,患,初合刪去,初魚平,匣合刪去
2679,薍,五,患,疑合刪去,疑模上,匣合刪去
2680,輚,士,諫,崇開刪去,崇之上,見開刪去
2681,襻,普,患,滂刪去,滂模上,匣合刪去
2682,奻,女,患,孃合刪去,孃魚上,匣合刪去
2683,鏟,初,鴈,初開刪去,初魚平,疑開刪去
2684,㬄,丑,晏,徹開刪去,徹尤上,影開刪去
2685,襇,古,莧,見開山去,見模上,匣開山去
2686,莧,侯,襇,匣開山去,匣侯平,見開山去
2687,瓣,蒲,莧,並山去,並模平,匣開山去
2688,盼,匹,莧,滂山去,滂A眞入,匣開山去
2689,幻,胡,辨,匣合山去,匣模平,並山去
2690,蔄,亡,莧,明山去,明陽平,匣開山去
2691,袒,丈,莧,澄開山去,澄開陽上,匣開山去
2692,扮,晡,幻,幫山去,幫模平,匣合山去
2693,鰥,古,幻,見合山去,見模上,匣合山去
2694,霰,蘇,佃,心開先去,心模平,定開先去
2695,蒨,倉,甸,清開先去,清開唐平,定開先去
2696,絢,許,縣,曉合先去,曉魚上,匣合先去
2697,縣,黃,練,匣合先去,匣合唐平,來開先去
2698,睊,古,縣,見合先去,見模上,匣合先去
2699,電,堂,練,定開先去,定開唐平,來開先去
2700,瑱,他,甸,透開先去,透開一歌平,定開先去
2701,練,郎,甸,來開先去,來開唐平,定開先去
2702,見,古,電,見開先去,見模上,定開先去
2703,晛,奴,甸,泥開先去,泥模平,定開先去
2704,俔,苦,甸,溪開先去,溪模上,定開先去
2705,見,胡,甸,匣開先去,匣模平,定開先去
2706,硯,吾,甸,疑開先去,疑模平,定開先去
2707,宴,於,甸,影開先去,影魚平,定開先去
2708,薦,作,甸,精開先去,精模去/精開一歌去/精開唐入,定開先去
2709,麪,莫,甸,明先去,明唐入,定開先去
2710,片,普,麵,滂先去,滂模上,明先去
2711,荐,在,甸,從開先去,從咍上/從咍去,定開先去
2712,䬼,烏,縣,影合先去,影模平,匣合先去
2713,殿,都,甸,端開先去,端模平,定開先去
2714,𩎌,呼,甸,曉開先去,曉模平,定開先去
2715,線,私,箭,心開仙去,心開脂平,精開仙去
2716,戰,之,膳,章開仙去,章之平,常開仙去
2717,繕,時,戰,常開仙去,常之平,章開仙去
2718,彥,魚,變,疑開B仙去,疑魚平,幫B仙去
2719,譴,去,戰,溪開A仙去,溪魚上/溪魚去,章開仙去
2720,絹,吉,掾,見合A仙去,見開A眞入,以合仙去
2721,瑗,王,眷,云合仙去,云合陽平,見合B仙去
2722,面,彌,箭,明A仙去,明A支平,精開仙去
2723,釧,尺,絹,昌合仙去,昌開清入,見合A仙去
2724,掾,以,絹,以合仙去,以之上,見合A仙去
2725,𩥇,陟,扇,知開仙去,知開蒸入,書開仙去
2726,𤲬,人,絹,日合仙去,日開眞平,見合A仙去
2727,箭,子,賤,精開仙去,精之上,從開仙去
2728,硟,昌,戰,昌開仙去,昌開陽平,章開仙去
2729,扇,式,戰,書開仙去,書開蒸入,章開仙去
2730,躽,於,扇,影開A仙去,影魚平,書開仙去
2731,眷,居,倦,見合B仙去,見魚平,羣合B仙去
2732,倦,渠,卷,羣合B仙去,羣魚平,見合B仙去
2733,戀,力,卷,來合仙去,來開蒸入,見合B仙去
2734,猭,丑,戀,徹合仙去,徹尤上,來合仙去
2735,變,彼,眷,幫B仙去,幫B支上,見合B仙去
2736,𨏉,所,眷,生合仙去,生魚上,見合B仙去
2737,縓,七,絹,清合仙去,清開眞入,見合A仙去
2738,卞,皮,變,並B仙去,並B支平,幫B仙去
2739,㳬,辝,戀,邪合仙去,邪之平,來合仙去
2740,選,息,絹,心合仙去,心開蒸入,見合A仙去
2741,䉵,士,戀,崇合仙去,崇之上,來合仙去
2742,孨,莊,眷,莊合仙去,莊開陽平,見合B仙去
2743,傳,直,戀,澄合仙去,澄開蒸入,來合仙去
2744,賤,才,線,從開仙去,從咍平,心開仙去
2745,羨,似,面,邪開仙去,邪之上,明A仙去
2746,騗,匹,戰,滂A仙去,滂A眞入,章開仙去
2747,𢮨,時,釧,常合仙去,常之平,昌合仙去
2748,輾,女,箭,孃開仙去,孃魚上,精開仙去
2749,囀,知,戀,知合仙去,知開支平,來合仙去
2750,衍,予,線,以開仙去,以魚平/以魚上,心開仙去
2751,便,婢,面,並A仙去,並A支上,明A仙去
2752,邅,持,碾,澄開仙去,澄之平,孃開仙去
2753,𤹨,連,彥,來開仙去,來開仙平,疑開B仙去
2754,䄐,區,倦,溪合B仙去,溪虞平,羣合B仙去
2755,剸,之,囀,章合仙去,章之平,知合仙去
2756,徧,方,見,幫先去,幫陽平,見開先去
2757,嘯,蘇,弔,心蕭去,心模平,端蕭去
2758,糶,他,弔,透蕭去,透開一歌平,端蕭去
2759,弔,多,嘯,端蕭去,端開一歌平,心蕭去
2760,叫,古,弔,見蕭去,見模上,端蕭去
2761,尿,奴,弔,泥蕭去,泥模平,端蕭去
2762,藋,徒,弔,定蕭去,定模平,端蕭去
2763,竅,苦,弔,溪蕭去,溪模上,端蕭去
2764,𩕐,力,弔,來蕭去,來開蒸入,端蕭去
2765,顤,五,弔,疑蕭去,疑模上,端蕭去
2766,窔,烏,叫,影蕭去,影模平,見蕭去
2767,㱇,火,弔,曉蕭去,曉合一歌上,端蕭去
2768,笑,私,妙,心宵去,心開脂平,明A宵去
2769,照,之,少,章宵去,章之平,書宵去
2770,燿,弋,照,以宵去,以開蒸入,章宵去
2771,要,於,笑,影A宵去,影魚平,心宵去
2772,召,直,照,澄宵去,澄開蒸入,章宵去
2773,邵,寔,照,常宵去,常開蒸入,章宵去
2774,嶠,渠,廟,羣B宵去,羣魚平,明B宵去
2775,剽,匹,妙,滂A宵去,滂A眞入,明A宵去
2776,噍,才,笑,從宵去,從咍平,心宵去
2777,妙,彌,笑,明A宵去,明A支平,心宵去
2778,陗,七,肖,清宵去,清開眞入,心宵去
2779,尞,力,照,來宵去,來開蒸入,章宵去
2780,趬,丘,召,溪B宵去,溪尤平,澄宵去
2781,𧇠,牛,召,疑B宵去,疑尤平,澄宵去
2782,醮,子,肖,精宵去,精之上,心宵去
2783,廟,眉,召,明B宵去,明B脂平,澄宵去
2784,驃,毗,召,並A宵去,並A脂平,澄宵去
2785,少,失,照,書宵去,書開眞入,章宵去
2786,脁,丑,召,徹宵去,徹尤上,澄宵去
2787,裱,方,廟,幫B宵去,幫陽平,明B宵去
2788,翹,巨,要,羣A宵去,羣魚上,影A宵去
2789,饒,人,要,日宵去,日開眞平,影A宵去
2790,效,胡,教,匣肴去,匣模平,見肴去
2791,教,古,孝,見肴去,見模上,曉肴去
2792,孝,呼,教,曉肴去,曉模平,見肴去
2793,罩,都,教,知肴去,端模平,見肴去
2794,豹,北,教,幫肴去,幫登入,見肴去
2795,敲,苦,教,溪肴去,溪模上,見肴去
2796,皃,莫,教,明肴去,明唐入,見肴去
2797,奅,匹,皃,滂肴去,滂A眞入,明肴去
2798,趠,丑,教,徹肴去,徹尤上,見肴去
2799,稍,所,教,生肴去,生魚上,見肴去
2800,棹,直,教,澄肴去,澄開蒸入,見肴去
2801,橈,奴,教,孃肴去,泥模平,見肴去
2802,抓,側,教,莊肴去,莊開蒸入,見肴去
2803,靤,防,教,並肴去,並陽平/並陽去,見肴去
2804,抄,初,教,初肴去,初魚平,見肴去
2805,靿,於,教,影肴去,影魚平,見肴去
2806,樂,五,教,疑肴去,疑模上,見肴去
2807,巢,士,稍,崇肴去,崇之上,生肴去
2808,号,胡,到,匣豪去,匣模平,端豪去
2809,導,徒,到,定豪去,定模平,端豪去
2810,到,都,導,端豪去,端模平,定豪去
2811,誥,古,到,見豪去,見模上,端豪去
2812,傲,五,到,疑豪去,疑模上,端豪去
2813,冃,莫,報,明豪去,明唐入,幫豪去
2814,嫪,郎,到,來豪去,來開唐平,端豪去
2815,操,七,到,清豪去,清開眞入,端豪去
2816,暴,薄,報,並豪去,並唐入,幫豪去
2817,報,博,秏,幫豪去,幫唐入,曉豪去
2818,漕,在,到,從豪去,從咍上/從咍去,端豪去
2819,奧,烏,到,影豪去,影模平,端豪去
2820,喿,蘇,到,心豪去,心模平,端豪去
2821,𩝝,苦,到,溪豪去,溪模上,端豪去
2822,竈,則,到,精豪去,精開登入,端豪去
2823,秏,呼,到,曉豪去,曉模平,端豪去
2824,腝,那,到,泥豪去,泥開一歌平,端豪去
2825,箇,古,賀,見開一歌去,見模上,匣開一歌去
2826,賀,胡,箇,匣開一歌去,匣模平,見開一歌去
2827,佐,則,箇,精開一歌去,精開登入,見開一歌去
2828,跢,丁,佐,端開一歌去,端開青平,精開一歌去
2829,邏,郎,佐,來開一歌去,來開唐平,精開一歌去
2830,坷,口,箇,溪開一歌去,溪侯上,見開一歌去
2831,餓,五,个,疑開一歌去,疑模上,見開一歌去
2832,馱,唐,佐,定開一歌去,定開唐平,精開一歌去
2833,奈,奴,箇,泥開一歌去,泥模平,見開一歌去
2834,些,蘇,箇,心開一歌去,心模平,見開一歌去
2835,呵,呼,箇,曉開一歌去,曉模平,見開一歌去
2836,拖,吐,邏,透開一歌去,透模上/透模去,來開一歌去
2837,過,古,臥,見合一歌去,見模上,疑合一歌去
2838,和,胡,臥,匣合一歌去,匣模平,疑合一歌去
2839,挫,則,臥,精合一歌去,精開登入,疑合一歌去
2840,課,苦,臥,溪合一歌去,溪模上,疑合一歌去
2841,唾,湯,臥,透合一歌去,透開唐平,疑合一歌去
2842,播,補,過,幫一歌去,幫模上,見合一歌去
2843,剉,麤,臥,清合一歌去,清模平,疑合一歌去
2844,磨,摸,臥,明一歌去,明模平/明唐入,疑合一歌去
2845,愞,乃,臥,泥合一歌去,泥咍上,疑合一歌去
2846,破,普,過,滂一歌去,滂模上,見合一歌去
2847,座,徂,臥,從合一歌去,從模平,疑合一歌去
2848,臥,吾,貨,疑合一歌去,疑模平,曉合一歌去
2849,諎,千,過,清開一歌去,清開先平,見合一歌去
2850,貨,呼,臥,曉合一歌去,曉模平,疑合一歌去
2851,惰,徒,臥,定合一歌去,定模平,疑合一歌去
2852,縛,符,臥,並一歌去,並虞平,疑合一歌去
2853,䇔,魯,過,來合一歌去,來模上,見合一歌去
2854,𣑫,都,唾,端合一歌去,端模平,透合一歌去
2855,磋,七,過,清開一歌去,清開眞入,見合一歌去
2856,䐝,先,臥,心合一歌去,心開先平/心開先去,疑合一歌去
2857,侉,安,賀,影開一歌去,影開寒平,匣開一歌去
2858,涴,烏,臥,影合一歌去,影模平,疑合一歌去
2859,禡,莫,駕,明二麻去,明唐入,見開二麻去
2860,駕,古,訝,見開二麻去,見模上,疑開二麻去
2861,亞,衣,嫁,影開二麻去,影開微平,見開二麻去
2862,嚇,呼,訝,曉開二麻去,曉模平,疑開二麻去
2863,迓,吾,駕,疑開二麻去,疑模平,見開二麻去
2864,詫,丑,亞,徹開二麻去,徹尤上,影開二麻去
2865,吒,陟,駕,知開二麻去,知開蒸入,見開二麻去
2866,詐,側,駕,莊開二麻去,莊開蒸入,見開二麻去
2867,乍,鋤,駕,崇開二麻去,崇魚平,見開二麻去
2868,謝,辝,夜,邪開三麻去,邪之平,以開三麻去
2869,髂,枯,駕,溪開二麻去,溪模平,見開二麻去
2870,暇,胡,駕,匣開二麻去,匣模平,見開二麻去
2871,褯,慈,夜,從開三麻去,從之平,以開三麻去
2872,夜,羊,謝,以開三麻去,以開陽平,邪開三麻去
2873,䞣,充,夜,昌開三麻去,昌三東平,以開三麻去
2874,蝑,司,夜,心開三麻去,心之平,以開三麻去
2875,柘,之,夜,章開三麻去,章之平,以開三麻去
2876,唶,子,夜,精開三麻去,精之上,以開三麻去
2877,舍,始,夜,書開三麻去,書之上,以開三麻去
2878,射,神,夜,船開三麻去,船開眞平,以開三麻去
2879,霸,必,駕,幫二麻去,幫A眞入,見開二麻去
2880,帊,普,駕,滂二麻去,滂模上,見開二麻去
2881,摦,胡,化,匣合二麻去,匣模平,曉合二麻去
2882,化,呼,霸,曉合二麻去,曉模平,幫二麻去
2883,跨,苦,化,溪合二麻去,溪模上,曉合二麻去
2884,誜,所,化,生合二麻去,生魚上,曉合二麻去
2885,𤝡,白,駕,並二麻去,並二庚入,見開二麻去
2886,䏧,乃,亞,孃開二麻去,泥咍上,影開二麻去
2887,笡,遷,謝,清開三麻去,清開仙平,邪開三麻去
2888,嗄,所,嫁,生開二麻去,生魚上,見開二麻去
2889,坬,古,罵,見合二麻去,見模上,明二麻去
2890,䖳,除,駕,澄開二麻去,澄魚平,見開二麻去
2891,瓦,五,化,疑合二麻去,疑模上,曉合二麻去
2892,攨,烏,㕦,影合二麻去,影模平,匣合二麻去
2893,漾,餘,亮,以開陽去,以魚平,來開陽去
2894,亮,力,讓,來開陽去,來開蒸入,日開陽去
2895,狀,鋤,亮,崇開陽去,崇魚平,來開陽去
2896,讓,人,㨾,日開陽去,日開眞平,以開陽去
2897,餉,式,亮,書開陽去,書開蒸入,來開陽去
2898,帳,知,亮,知開陽去,知開支平,來開陽去
2899,悵,丑,亮,徹開陽去,徹尤上,來開陽去
2900,向,許,亮,曉開陽去,曉魚上,來開陽去
2901,仗,直,亮,澄開陽去,澄開蒸入,來開陽去
2902,釀,女,亮,孃開陽去,孃魚上,來開陽去
2903,匠,疾,亮,從開陽去,從開眞入,來開陽去
2904,障,之,亮,章開陽去,章之平,來開陽去
2905,尚,時,亮,常開陽去,常之平,來開陽去
2906,壯,側,亮,莊開陽去,莊開蒸入,來開陽去
2907,怏,於,亮,影開陽去,影魚平,來開陽去
2908,弶,其,亮,羣開陽去,羣之平,來開陽去
2909,唱,尺,亮,昌開陽去,昌開清入,來開陽去
2910,刱,初,亮,初開陽去,初魚平,來開陽去
2911,醬,子,亮,精開陽去,精之上,來開陽去
2912,𨋕,魚,向,疑開陽去,疑魚平,曉開陽去
2913,訪,敷,亮,滂陽去,滂虞平,來開陽去
2914,妄,巫,放,明陽去,明虞平,幫陽去
2915,況,許,訪,曉合陽去,曉魚上,滂陽去
2916,誑,居,況,見合陽去,見魚平,曉合陽去
2917,迋,于,放,云合陽去,云虞平,幫陽去
2918,放,甫,妄,幫陽去,幫虞上,明陽去
2919,相,息,亮,心開陽去,心開蒸入,來開陽去
2920,殭,居,亮,見開陽去,見魚平,來開陽去
2921,唴,丘,亮,溪開陽去,溪尤平,來開陽去
2922,蹡,七,亮,清開陽去,清開眞入,來開陽去
2923,狂,渠,放,羣合陽去,羣魚平,幫陽去
2924,防,符,況,並陽去,並虞平,曉合陽去
2925,宕,徒,浪,定開唐去,定模平,來開唐去
2926,浪,來,宕,來開唐去,來咍平,定開唐去
2927,吭,下,浪,匣開唐去,匣開二麻上/匣開二麻去,來開唐去
2928,盎,烏,浪,影開唐去,影模平,來開唐去
2929,枊,五,浪,疑開唐去,疑模上,來開唐去
2930,葬,則,浪,精開唐去,精開登入,來開唐去
2931,傍,蒲,浪,並唐去,並模平,來開唐去
2932,藏,徂,浪,從開唐去,從模平,來開唐去
2933,譡,丁,浪,端開唐去,端開青平,來開唐去
2934,抗,苦,浪,溪開唐去,溪模上,來開唐去
2935,螃,補,曠,幫唐去,幫模上,溪合唐去
2936,儻,他,浪,透開唐去,透開一歌平,來開唐去
2937,曠,苦,謗,溪合唐去,溪模上,幫唐去
2938,儾,奴,浪,泥開唐去,泥模平,來開唐去
2939,喪,蘇,浪,心開唐去,心模平,來開唐去
2940,攩,乎,曠,匣合唐去,匣模平,溪合唐去
2941,桄,古,曠,見合唐去,見模上,溪合唐去
2942,鋼,古,浪,見開唐去,見模上,來開唐去
2943,荒,呼,浪,曉合唐去,曉模平,來開唐去
2944,漭,莫,浪,明唐去,明唐入,來開唐去
2945,汪,烏,浪,影合唐去,影模平,來開唐去
2946,映,於,敬,影開三庚去,影魚平,見開三庚去
2947,敬,居,慶,見開三庚去,見魚平,溪開三庚去
2948,競,渠,敬,羣開三庚去,羣魚平,見開三庚去
2949,慶,丘,敬,溪開三庚去,溪尤平,見開三庚去
2950,更,古,孟,見開二庚去,見模上,明二庚去
2951,命,眉,病,明三庚去,明B脂平,並三庚去
2952,病,皮,命,並三庚去,並B支平,明三庚去
2953,孟,莫,更,明二庚去,明唐入,見開二庚去
2954,蝗,戶,孟,匣合二庚去,匣模上,明二庚去
2955,柄,陂,病,幫三庚去,幫B支平/幫B支去,並三庚去
2956,詠,爲,命,云合三庚去,云合支平/云合支去,明三庚去
2957,行,下,更,匣開二庚去,匣開二麻上/匣開二麻去,見開二庚去
2958,瀴,於,孟,影開二庚去,影魚平,明二庚去
2959,㵾,楚,敬,初開三庚去,初魚上,見開三庚去
2960,倀,猪,孟,知開二庚去,知魚平,明二庚去
2961,牚,他,孟,徹開二庚去,透開一歌平,明二庚去
2962,榜,北,孟,幫二庚去,幫登入,明二庚去
2963,鋥,除,更,澄開二庚去,澄魚平,見開二庚去
2964,生,所,敬,生開三庚去,生魚上,見開三庚去
2965,迎,魚,敬,疑開三庚去,疑魚平,見開三庚去
2966,膨,蒲,孟,並二庚去,並模平,明二庚去
2967,䛭,許,更,曉開二庚去,曉魚上,見開二庚去
2968,𥥈,烏,橫,影合二庚去,影模平,匣合二庚去
2969,諍,側,迸,莊開耕去,莊開蒸入,幫耕去
2970,迸,北,諍,幫耕去,幫登入,莊開耕去
2971,𠊧,蒲,迸,並耕去,並模平,幫耕去
2972,䙬,鷖,迸,影開耕去,影開齊平,幫耕去
2973,鞕,五,爭,疑開耕去,疑模上,莊開耕平
2974,轟,呼,迸,曉合耕去,曉模平,幫耕去
2975,勁,居,正,見開A清去,見魚平,章開清去
2976,倩,七,政,清開清去,清開眞入,章開清去
2977,政,之,盛,章開清去,章之平,常開清去
2978,聖,式,正,書開清去,書開蒸入,章開清去
2979,鄭,直,正,澄開清去,澄開蒸入,章開清去
2980,遉,丑,鄭,徹開清去,徹尤上,澄開清去
2981,性,息,正,心開清去,心開蒸入,章開清去
2982,令,力,政,來開清去,來開蒸入,章開清去
2983,聘,匹,正,滂A清去,滂A眞入,章開清去
2984,敻,休,正,曉合A清去,曉尤平,章開清去
2985,摒,畀,政,幫A清去,幫A脂去,章開清去
2986,偋,防,正,並A清去,並陽平/並陽去,章開清去
2987,淨,疾,政,從開清去,從開眞入,章開清去
2988,盛,承,正,常開清去,常開蒸平,章開清去
2989,詺,彌,正,明A清去,明A支平,章開清去
2990,輕,墟,正,溪開A清去,溪魚平,章開清去
2991,𣢝,許,令,曉開A清去,曉魚上,來開清去
2992,精,子,姓,精開清去,精之上,心開清去
2993,徑,古,定,見開青去,見模上,定開青去
2994,甯,乃,定,泥開青去,泥咍上,定開青去
2995,腥,蘇,佞,心開青去,心模平,泥開青去
2996,脛,胡,定,匣開青去,匣模平,定開青去
2997,定,徒,徑,定開青去,定模平,見開青去
2998,矴,丁,定,端開青去,端開青平,定開青去
2999,罄,苦,定,溪開青去,溪模上,定開青去
3000,聽,他,定,透開青去,透開一歌平,定開青去
3001,靘,千,定,清開青去,清開先平,定開青去
3002,䒌,莫,定,明青去,明唐入,定開青去
3003,鎣,烏,定,影合青去,影模平,定開青去
3004,零,郎,定,來開青去,來開唐平,定開青去
3005,證,諸,應,章開蒸去,章魚平,影開蒸去
3006,孕,以,證,以開蒸去,以之上,章開蒸去
3007,乘,實,證,船開蒸去,船開眞入,章開蒸去
3008,認,而,證,日開蒸去,日之平,章開蒸去
3009,應,於,證,影開蒸去,影魚平,章開蒸去
3010,甑,子,孕,精開蒸去,精之上,以開蒸去
3011,興,許,應,曉開蒸去,曉魚上,影開蒸去
3012,勝,詩,證,書開蒸去,書之平,章開蒸去
3013,瞪,丈,證,澄開蒸去,澄開陽上,章開蒸去
3014,𩜁,里,甑,來開蒸去,來之上,精開蒸去
3015,凭,皮,證,並蒸去,並B支平,章開蒸去
3016,稱,昌,孕,昌開蒸去,昌開陽平,以開蒸去
3017,凝,牛,𩜁,疑開蒸去,疑尤平,來開蒸去
3018,丞,常,證,常開蒸去,常開陽平,章開蒸去
3019,覴,丑,證,徹開蒸去,徹尤上,章開蒸去
3020,殑,其,𩜁,羣開蒸去,羣之平,來開蒸去
3021,嶝,都,鄧,端開登去,端模平,定開登去
3022,贈,昨,亙,從開登去,從開唐入,見開登去
3023,亙,古,鄧,見開登去,見模上,定開登去
3024,蹭,千,鄧,清開登去,清開先平,定開登去
3025,鄧,徒,亙,定開登去,定模平,見開登去
3026,懵,武,亙,明登去,明虞上,見開登去
3027,𥦜,方,隥,幫登去,幫陽平,端開登去
3028,倗,父,鄧,並登去,並虞上,定開登去
3029,踜,魯,鄧,來開登去,來模上,定開登去
3030,增,子,鄧,精開登去,精之上,定開登去
3031,𡬙,思,贈,心開登去,心之平/心之去,從開登去
3032,𤃶,台,鄧,透開登去,透咍平,定開登去
3033,宥,于,救,云尤去,云虞平,見尤去
3034,救,居,祐,見尤去,見魚平,云尤去
3035,胄,直,祐,澄尤去,澄開蒸入,云尤去
3036,晝,陟,救,知尤去,知開蒸入,見尤去
3037,狩,舒,救,書尤去,書魚平,見尤去
3038,臭,尺,救,昌尤去,昌開清入,見尤去
3039,岫,似,祐,邪尤去,邪之上,云尤去
3040,齅,許,救,曉尤去,曉魚上,見尤去
3041,呪,職,救,章尤去,章開蒸入,見尤去
3042,舊,巨,救,羣尤去,羣魚上,見尤去
3043,𤸃,所,祐,生尤去,生魚上,云尤去
3044,皺,側,救,莊尤去,莊開蒸入,見尤去
3045,副,敷,救,滂尤去,滂虞平,見尤去
3046,簉,初,救,初尤去,初魚平,見尤去
3047,富,方,副,幫尤去,幫陽平,滂尤去
3048,畜,丑,救,徹尤去,徹尤上,見尤去
3049,溜,力,救,來尤去,來開蒸入,見尤去
3050,秀,息,救,心尤去,心開蒸入,見尤去
3051,僦,即,就,精尤去,精開蒸入,從尤去
3052,驟,鋤,祐,崇尤去,崇魚平,云尤去
3053,就,疾,僦,從尤去,從開眞入,精尤去
3054,糅,女,救,孃尤去,孃魚上,見尤去
3055,復,扶,富,並尤去,並虞平,幫尤去
3056,狖,余,救,以尤去,以魚平,見尤去
3057,授,承,呪,常尤去,常開蒸平,章尤去
3058,輮,人,又,日尤去,日開眞平,云尤去
3059,莓,亡,救,明尤去,明陽平,見尤去
3060,鼼,牛,救,疑尤去,疑尤平,見尤去
3061,𪖛,丘,救,溪尤去,溪尤平,見尤去
3062,䞭,七,溜,清尤去,清開眞入,來尤去
3063,候,胡,遘,匣侯去,匣模平,見侯去
3064,寇,苦,候,溪侯去,溪模上,匣侯去
3065,茂,莫,候,明侯去,明唐入,匣侯去
3066,仆,匹,候,滂侯去,滂A眞入,匣侯去
3067,豆,徒,候,定侯去,定模平,匣侯去
3068,鬥,都,豆,端侯去,端模平,定侯去
3069,槈,奴,豆,泥侯去,泥模平,定侯去
3070,瘶,蘇,奏,心侯去,心模平,精侯去
3071,奏,則,候,精侯去,精開登入,匣侯去
3072,透,他,候,透侯去,透開一歌平,匣侯去
3073,漚,烏,候,影侯去,影模平,匣侯去
3074,遘,古,候,見侯去,見模上,匣侯去
3075,輳,倉,奏,清侯去,清開唐平,精侯去
3076,陋,盧,候,來侯去,來模平,匣侯去
3077,蔻,呼,漏,曉侯去,曉模平,來侯去
3078,䏽,蒲,候,並侯去,並模平,匣侯去
3079,偶,五,遘,疑侯去,疑模上,見侯去
3080,㔌,才,奏,從侯去,從咍平,精侯去
3081,幼,伊,謬,影幽去,影開A脂平,明幽去
3082,謬,靡,幼,明幽去,明B支上,影幽去
3083,䠗,丘,謬,溪幽去,溪尤平,明幽去
3084,𧾻,巨,幼,羣幽去,羣魚上,影幽去
3085,沁,七,鴆,清侵去,清開眞入,澄侵去
3086,浸,子,鴆,精侵去,精之上,澄侵去
3087,妊,汝,鴆,日侵去,日魚上,澄侵去
3088,鴆,直,禁,澄侵去,澄開蒸入,見B侵去
3089,枕,之,任,章侵去,章之平,日侵去
3090,𦧈,巨,禁,羣B侵去,羣魚上,見B侵去
3091,禁,居,蔭,見B侵去,見魚平,影B侵去
3092,賃,乃,禁,孃侵去,泥咍上,見B侵去
3093,蔭,於,禁,影B侵去,影魚平,見B侵去
3094,滲,所,禁,生侵去,生魚上,見B侵去
3095,闖,丑,禁,徹侵去,徹尤上,見B侵去
3096,譖,莊,蔭,莊侵去,莊開陽平,影B侵去
3097,讖,楚,譖,初侵去,初魚上,莊侵去
3098,吟,宜,禁,疑B侵去,疑開B支平,見B侵去
3099,揕,知,鴆,知侵去,知開支平,澄侵去
3100,臨,良,鴆,來侵去,來開陽平,澄侵去
3101,甚,時,鴆,常侵去,常之平,澄侵去
3102,䫴,于,禁,云侵去,云虞平,見B侵去
3103,深,式,禁,書侵去,書開蒸入,見B侵去
3104,勘,苦,紺,溪覃去,溪模上,見覃去
3105,紺,古,暗,見覃去,見模上,影覃去
3106,憾,胡,紺,匣覃去,匣模平,見覃去
3107,暗,烏,紺,影覃去,影模平,見覃去
3108,僋,他,紺,透覃去,透開一歌平,見覃去
3109,俕,蘇,紺,心覃去,心模平,見覃去
3110,謲,七,紺,清覃去,清開眞入,見覃去
3111,醰,徒,紺,定覃去,定模平,見覃去
3112,儑,五,紺,疑覃去,疑模上,見覃去
3113,馾,丁,紺,端覃去,端開青平,見覃去
3114,妠,奴,紺,泥覃去,泥模平,見覃去
3115,顲,郎,紺,來覃去,來開唐平,見覃去
3116,䫲,呼,紺,曉覃去,曉模平,見覃去
3117,篸,作,紺,精覃去,精模去/精開一歌去/精開唐入,見覃去
3118,闞,苦,濫,溪談去,溪模上,來談去
3119,濫,盧,𣊟,來談去,來模平,溪談去
3120,賧,吐,濫,透談去,透模上/透模去,來談去
3121,𪉦,古,蹔,見談去,見模上,從談去
3122,𧵊,呼,濫,曉談去,曉模平,來談去
3123,憨,下,瞰,匣談去,匣開二麻上/匣開二麻去,溪談去
3124,憺,徒,濫,定談去,定模平,來談去
3125,暫,藏,濫,從談去,從開唐平/從開唐去,來談去
3126,擔,都,濫,端談去,端模平,來談去
3127,三,蘇,暫,心談去,心模平,從談去
3128,豔,以,贍,以鹽去,以之上,常鹽去
3129,贍,時,豔,常鹽去,常之平,以鹽去
3130,染,而,豔,日鹽去,日之平,以鹽去
3131,厭,於,豔,影A鹽去,影魚平,以鹽去
3132,窆,方,驗,幫B鹽去,幫陽平,疑B鹽去
3133,驗,魚,窆,疑B鹽去,疑魚平,幫B鹽去
3134,閃,舒,贍,書鹽去,書魚平,常鹽去
3135,𡄑,子,豔,精鹽去,精之上,以鹽去
3136,壍,七,豔,清鹽去,清開眞入,以鹽去
3137,殮,力,驗,來鹽去,來開蒸入,疑B鹽去
3138,覘,丑,豔,徹鹽去,徹尤上,以鹽去
3139,䠨,昌,豔,昌鹽去,昌開陽平,以鹽去
3140,𢜰,於,驗,影B鹽去,影魚平,疑B鹽去
3141,潛,慈,豔,從鹽去,從之平,以鹽去
3142,占,章,豔,章鹽去,章開陽平,以鹽去
3143,㮇,他,念,透添去,透開一歌平,泥添去
3144,念,奴,店,泥添去,泥模平,端添去
3145,店,都,念,端添去,端模平,泥添去
3146,䃸,先,念,心添去,心開先平/心開先去,泥添去
3147,磹,徒,念,定添去,定模平,泥添去
3148,趝,紀,念,見添去,見之上,泥添去
3149,酓,於,念,影添去,影魚平,泥添去
3150,僭,子,念,精添去,精之上,泥添去
3151,䁮,漸,念,從添去,從鹽上,泥添去
3152,兼,古,念,見添去,見模上,泥添去
3153,傔,苦,念,溪添去,溪模上,泥添去
3154,稴,力,店,來添去,來開蒸入,端添去
3155,釅,魚,欠,疑嚴去,疑魚平,溪嚴去
3156,脅,許,欠,曉嚴去,曉魚上,溪嚴去
3157,㪁,丘,釅,溪嚴去,溪尤平,疑嚴去
3158,𦲯,亡,劒,明凡去,明陽平,見嚴去
3159,陷,戶,韽,匣咸去,匣模上,影咸去
3160,韽,於,陷,影咸去,影魚平,匣咸去
3161,蘸,莊,陷,莊咸去,莊開陽平,匣咸去
3162,𪉜,陟,陷,知咸去,知開蒸入,匣咸去
3163,歉,口,陷,溪咸去,溪侯上,匣咸去
3164,𧸖,佇,陷,澄咸去,澄魚上,匣咸去
3165,儳,仕,陷,崇咸去,崇之上,匣咸去
3166,𪉦,公,陷,見咸去,見一東平,匣咸去
3167,諵,尼,𧸖,孃咸去,孃開脂平,澄咸去
3168,顑,玉,陷,疑咸去,疑鍾入,匣咸去
3169,鑑,格,懺,見銜去,見開唐入/見開二庚入,初銜去
3170,懺,楚,鑒,初銜去,初魚上,見銜去
3171,覱,子,鑑,莊銜去,精之上,見銜去
3172,釤,所,鑑,生銜去,生魚上,見銜去
3173,㒈,許,鑑,曉銜去,曉魚上,見銜去
3174,埿,蒲,鑑,並銜去,並模平,見銜去
3175,㽉,胡,懺,匣銜去,匣模平,初銜去
3176,鑱,士,懺,崇銜去,崇之上,初銜去
3178,梵,扶,泛,並凡去,並虞平,滂凡去
3179,汎,孚,梵,滂凡去,滂虞平,並凡去
3180,劒,居,欠,見嚴去,見魚平,溪嚴去
3181,欠,去,劒,溪嚴去,溪魚上/溪魚去,見嚴去
3182,俺,於,劒,影嚴去,影魚平,見嚴去
3183,屋,烏,谷,影一東入,影模平,見一東入
3184,獨,徒,谷,定一東入,定模平,見一東入
3185,穀,古,祿,見一東入,見模上,來一東入
3186,縠,胡,谷,匣一東入,匣模平,見一東入
3187,哭,空,谷,溪一東入,溪一東平/溪一東去,見一東入
3188,禿,他,谷,透一東入,透開一歌平,見一東入
3189,豰,丁,木,端一東入,端開青平,明一東入
3190,速,桑,谷,心一東入,心開唐平,見一東入
3191,祿,盧,谷,來一東入,來模平,見一東入
3192,嗀,呼,木,曉一東入,曉模平,明一東入
3193,族,昨,木,從一東入,從開唐入,明一東入
3194,瘯,千,木,清一東入,清開先平,明一東入
3195,鏃,作,木,精一東入,精模去/精開一歌去/精開唐入,明一東入
3196,暴,蒲,木,並一東入,並模平,明一東入
3197,扑,普,木,滂一東入,滂模上,明一東入
3198,卜,博,木,幫一東入,幫唐入,明一東入
3199,木,莫,卜,明一東入,明唐入,幫一東入
3200,福,方,六,幫三東入,幫陽平,來三東入
3201,伏,房,六,並三東入,並陽平,來三東入
3202,縮,所,六,生三東入,生魚上,來三東入
3203,六,力,竹,來三東入,來開蒸入,知三東入
3204,逐,直,六,澄三東入,澄開蒸入,來三東入
3205,菊,居,六,見三東入,見魚平,來三東入
3206,麴,驅,匊,溪三東入,溪虞平,見三東入
3207,熟,殊,六,常三東入,常虞平,來三東入
3208,俶,昌,六,昌三東入,昌開陽平,來三東入
3209,育,余,六,以三東入,以魚平,來三東入
3210,驧,渠,竹,羣三東入,羣魚平,知三東入
3211,鼀,七,宿,清三東入,清開眞入,心三東入
3212,肉,如,六,日三東入,日魚平,來三東入
3213,粥,之,六,章三東入,章之平,來三東入
3214,叔,式,竹,書三東入,書開蒸入,知三東入
3215,蓄,許,竹,曉三東入,曉魚上,知三東入
3216,竹,張,六,知三東入,知開陽平,來三東入
3217,蹙,子,六,精三東入,精之上,來三東入
3218,珿,初,六,初三東入,初魚平,來三東入
3219,朒,女,六,孃三東入,孃魚上,來三東入
3220,縬,側,六,莊三東入,莊開蒸入,來三東入
3221,蝮,芳,福,滂三東入,滂陽平,幫三東入
3222,郁,於,六,影三東入,影魚平,來三東入
3223,肅,息,逐,心三東入,心開蒸入,澄三東入
3224,目,莫,六,明三東入,明唐入,來三東入
3225,囿,于,六,云三東入,云虞平,來三東入
3226,蓄,丑,六,徹三東入,徹尤上,來三東入
3227,砡,魚,菊,疑三東入,疑魚平,見三東入
3228,𣤶,才,六,從三東入,從咍平,來三東入
3229,沃,烏,酷,影冬入,影模平,溪冬入
3230,毒,徒,沃,定冬入,定模平,影冬入
3231,篤,冬,毒,端冬入,端冬平,定冬入
3232,酷,苦,沃,溪冬入,溪模上,影冬入
3233,鵠,胡,沃,匣冬入,匣模平,影冬入
3234,僕,蒲,沃,並冬入,並模平,影冬入
3235,洬,先,篤,心冬入,心開先平/心開先去,端冬入
3236,梏,古,沃,見冬入,見模上,影冬入
3237,瑁,莫,沃,明冬入,明唐入,影冬入
3238,熇,火,酷,曉冬入,曉合一歌上,溪冬入
3239,褥,內,沃,泥冬入,泥灰去,影冬入
3240,傶,將,毒,精冬入,精開陽平/精開陽去,定冬入
3241,襮,博,沃,幫冬入,幫唐入,影冬入
3242,濼,盧,毒,來冬入,來模平,定冬入
3243,𤛹,五,沃,疑冬入,疑模上,影冬入
3244,燭,之,欲,章鍾入,章之平,以鍾入
3245,玉,魚,欲,疑鍾入,疑魚平,以鍾入
3246,旭,許,玉,曉鍾入,曉魚上,疑鍾入
3247,輂,居,玉,見鍾入,見魚平,疑鍾入
3248,局,渠,玉,羣鍾入,羣魚平,疑鍾入
3249,蜀,市,玉,常鍾入,常之上,疑鍾入
3250,觸,尺,玉,昌鍾入,昌開清入,疑鍾入
3251,辱,而,蜀,日鍾入,日之平,常鍾入
3252,束,書,玉,書鍾入,書魚平,疑鍾入
3253,欲,余,蜀,以鍾入,以魚平,常鍾入
3254,躅,直,錄,澄鍾入,澄開蒸入,來鍾入
3255,錄,力,玉,來鍾入,來開蒸入,疑鍾入
3256,曲,丘,玉,溪鍾入,溪尤平,疑鍾入
3257,瘃,陟,玉,知鍾入,知開蒸入,疑鍾入
3258,足,即,玉,精鍾入,精開蒸入,疑鍾入
3259,贖,神,蜀,船鍾入,船開眞平,常鍾入
3260,幞,房,玉,並鍾入,並陽平,疑鍾入
3261,促,七,玉,清鍾入,清開眞入,疑鍾入
3262,續,似,足,邪鍾入,邪之上,精鍾入
3263,粟,相,玉,心鍾入,心開陽平/心開陽去,疑鍾入
3264,䪁,封,曲,幫鍾入,幫鍾平,溪鍾入
3265,梀,丑,玉,徹鍾入,徹尤上,疑鍾入
3266,覺,古,岳,見江入,見模上,疑江入
3267,嶽,五,角,疑江入,疑模上,見江入
3268,浞,士,角,崇江入,崇之上,見江入
3269,捉,側,角,莊江入,莊開蒸入,見江入
3270,朔,所,角,生江入,生魚上,見江入
3271,斲,竹,角,知江入,知三東入,見江入
3272,剝,北,角,幫江入,幫登入,見江入
3273,邈,莫,角,明江入,明唐入,見江入
3274,雹,蒲,角,並江入,並模平,見江入
3275,璞,匹,角,滂江入,滂A眞入,見江入
3276,㱿,苦,角,溪江入,溪模上,見江入
3277,濁,直,角,澄江入,澄開蒸入,見江入
3278,渥,於,角,影江入,影魚平,見江入
3279,搦,女,角,孃江入,孃魚上,見江入
3280,逴,敕,角,徹江入,徹開蒸入,見江入
3281,犖,呂,角,來江入,來魚上,見江入
3282,學,胡,覺,匣江入,匣模平,見江入
3283,㕰,許,角,曉江入,曉魚上,見江入
3284,娖,測,角,初江入,初開蒸入,見江入
3285,質,之,日,章開眞入,章之平,日開眞入
3286,日,人,質,日開眞入,日開眞平,章開眞入
3287,實,神,質,船開眞入,船開眞平,章開眞入
3288,秩,直,一,澄開眞入,澄開蒸入,影開A眞入
3289,悉,息,七,心開眞入,心開蒸入,清開眞入
3290,一,於,悉,影開A眞入,影魚平,心開眞入
3291,七,親,吉,清開眞入,清開眞平,見開A眞入
3292,匹,譬,吉,滂A眞入,滂A支去,見開A眞入
3293,吉,居,質,見開A眞入,見魚平,章開眞入
3294,暱,尼,質,孃開眞入,孃開脂平,章開眞入
3295,逸,夷,質,以開眞入,以開脂平,章開眞入
3296,詰,去,吉,溪開A眞入,溪魚上/溪魚去,見開A眞入
3297,欯,許,吉,曉開A眞入,曉魚上,見開A眞入
3298,抶,丑,栗,徹開眞入,徹尤上,來開眞入
3299,栗,力,質,來開眞入,來開蒸入,章開眞入
3300,窒,陟,栗,知開眞入,知開蒸入,來開眞入
3301,疾,秦,悉,從開眞入,從開眞平,心開眞入
3302,㓼,初,栗,初開眞入,初魚平,來開眞入
3303,失,式,質,書開眞入,書開蒸入,章開眞入
3304,堲,資,悉,精開眞入,精開脂平,心開眞入
3305,蜜,彌,畢,明A眞入,明A支平,幫A眞入
3306,必,卑,吉,幫A眞入,幫A支平,見開A眞入
3307,姞,巨,乙,羣開B眞入,羣魚上,影開B眞入
3308,邲,毗,必,並A眞入,並A脂平,幫A眞入
3309,䫻,于,筆,云合眞入,云虞平,幫B眞入
3310,率,所,律,生合眞入,生魚上,來合眞入
3311,叱,昌,栗,昌開眞入,昌開陽平,來開眞入
3312,𪗨,仕,叱,崇開眞入,崇之上,昌開眞入
3313,密,美,筆,明B眞入,明B脂上,幫B眞入
3314,弼,房,密,並B眞入,並陽平,明B眞入
3315,乙,於,筆,影開B眞入,影魚平,幫B眞入
3316,耴,魚,乙,疑開B眞入,疑魚平,影開B眞入
3317,筆,鄙,密,幫B眞入,幫B脂上,明B眞入
3318,茁,徵,筆,知合眞入,知開蒸平/知之上,幫B眞入
3319,肸,羲,乙,曉開B眞入,曉開B支平,影開B眞入
3320,暨,居,乙,見開B眞入,見魚平,影開B眞入
3321,蛭,丁,悉,知開眞入,端開青平,心開眞入
3322,獝,況,必,曉合A眞入,曉合陽去,幫A眞入
3323,術,食,聿,船合眞入,船開蒸入,以合眞入
3324,橘,居,聿,見合A眞入,見魚平,以合眞入
3325,崒,慈,卹,從合眞入,從之平,心合眞入
3326,聿,餘,律,以合眞入,以魚平,來合眞入
3327,卒,子,聿,精合眞入,精之上,以合眞入
3328,卹,辛,聿,心合眞入,心開眞平,以合眞入
3329,律,呂,卹,來合眞入,來魚上,心合眞入
3330,黜,丑,律,徹合眞入,徹尤上,來合眞入
3331,㤕,竹,律,知合眞入,知三東入,來合眞入
3332,朮,直,律,澄合眞入,澄開蒸入,來合眞入
3333,出,赤,律,昌合眞入,昌開清入,來合眞入
3334,焌,倉,聿,清合眞入,清開唐平,以合眞入
3335,𠭴,側,律,莊合眞入,莊開蒸入,來合眞入
3336,䎀,許,聿,曉合A眞入,曉魚上,以合眞入
3337,櫛,阻,瑟,莊臻入,莊魚上,生臻入
3338,瑟,所,櫛,生臻入,生魚上,莊臻入
3339,𪗨,崱,瑟,崇臻入,崇開蒸入,生臻入
3340,物,文,弗,明文入,明文平,幫文入
3341,弗,分,勿,幫文入,幫文平,明文入
3342,鬱,紆,物,影文入,影虞平,明文入
3343,𠀔,九,勿,見文入,見尤上,明文入
3344,屈,區,勿,溪文入,溪虞平,明文入
3345,倔,衢,物,羣文入,羣虞平,明文入
3346,佛,符,弗,並文入,並虞平,幫文入
3347,䬍,許,勿,曉文入,曉魚上,明文入
3348,䬑,王,勿,云文入,云合陽平,明文入
3349,拂,敷,勿,滂文入,滂虞平,明文入
3350,崛,魚,勿,疑文入,疑魚平,明文入
3351,迄,許,訖,曉欣入,曉魚上,見欣入
3352,訖,居,乞,見欣入,見魚平,溪欣入
3353,疙,魚,迄,疑欣入,疑魚平,曉欣入
3354,䞘,其,迄,羣欣入,羣之平,曉欣入
3355,乞,去,訖,溪欣入,溪魚上/溪魚去,見欣入
3356,月,魚,厥,疑合元入,疑魚平,見合元入
3357,伐,房,越,並元入,並陽平,云合元入
3358,越,王,伐,云合元入,云合陽平,並元入
3359,厥,居,月,見合元入,見魚平,疑合元入
3360,𡡕,於,月,影合元入,影魚平,疑合元入
3361,𧤼,其,月,羣合元入,羣之平,疑合元入
3362,闕,去,月,溪合元入,溪魚上/溪魚去,疑合元入
3363,髮,方,伐,幫元入,幫陽平,並元入
3364,韤,望,發,明元入,明陽平/明陽去,幫元入
3365,䬂,許,月,曉合元入,曉魚上,疑合元入
3366,謁,於,歇,影開元入,影魚平,曉開元入
3367,歇,許,竭,曉開元入,曉魚上,羣開元入
3368,訐,居,竭,見開元入,見魚平,羣開元入
3369,𢷒,其,謁,羣開元入,羣之平,影開元入
3370,㤄,拂,伐,滂元入,滂文入,並元入
3371,钀,語,訐,疑開元入,疑魚上,見開元入
3372,沒,莫,勃,明魂入,明唐入,並魂入
3373,𣅝,土,骨,透魂入,透模上,見魂入
3374,骨,古,忽,見魂入,見模上,曉魂入
3375,勃,蒲,沒,並魂入,並模平,明魂入
3376,咄,當,沒,端魂入,端開唐平/端開唐去,明魂入
3377,突,他,骨,透魂入,透開一歌平,見魂入
3378,突,陀,骨,定魂入,定開一歌平,見魂入
3379,𩑦,烏,沒,影魂入,影模平,明魂入
3380,忽,呼,骨,曉魂入,曉模平,見魂入
3381,兀,五,忽,疑魂入,疑模上,曉魂入
3382,䪬,普,沒,滂魂入,滂模上,明魂入
3383,𠀽,勒,沒,來魂入,來開登入,明魂入
3384,窟,苦,骨,溪魂入,溪模上,見魂入
3385,訥,內,骨,泥魂入,泥灰去,見魂入
3386,窣,蘇,骨,心魂入,心模平,見魂入
3387,猝,倉,沒,清魂入,清開唐平,明魂入
3388,捽,昨,沒,從魂入,從開唐入,明魂入
3389,麧,下,沒,匣痕入,匣開二麻上/匣開二麻去,明魂入
3390,搰,戶,骨,匣魂入,匣模上,見魂入
3391,卒,臧,沒,精魂入,精開唐平,明魂入
3392,曷,胡,葛,匣開寒入,匣模平,見開寒入
3393,䫘,許,葛,曉開寒入,曉魚上,見開寒入
3394,怛,當,割,端開寒入,端開唐平/端開唐去,見開寒入
3395,闥,他,達,透開寒入,透開一歌平,定開寒入
3396,遏,烏,葛,影開寒入,影模平,見開寒入
3397,剌,盧,達,來開寒入,來模平,定開寒入
3398,渴,苦,曷,溪開寒入,溪模上,匣開寒入
3399,達,唐,割,定開寒入,定開唐平,見開寒入
3400,嶻,才,割,從開寒入,從咍平,見開寒入
3401,嶭,五,割,疑開寒入,疑模上,見開寒入
3402,葛,古,達,見開寒入,見模上,定開寒入
3403,躠,桑,割,心開寒入,心開唐平,見開寒入
3404,攃,七,曷,清開寒入,清開眞入,匣開寒入
3405,捺,奴,曷,泥開寒入,泥模平,匣開寒入
3406,䔾,予,割,以開寒入,以魚平/以魚上,見開寒入
3407,末,莫,撥,明寒入,明唐入,幫寒入
3408,枂,五,活,疑合寒入,疑模上,匣合寒入
3409,柮,藏,活,從合寒入,從開唐平/從開唐去,匣合寒入
3410,撥,北,末,幫寒入,幫登入,明寒入
3411,䰖,姊,末,精開寒入,精開脂上,明寒入
3412,括,古,活,見合寒入,見模上,匣合寒入
3413,闊,苦,栝,溪合寒入,溪模上,見合寒入
3414,活,戶,括,匣合寒入,匣模上,見合寒入
3415,奪,徒,活,定合寒入,定模平,匣合寒入
3416,豁,呼,括,曉合寒入,曉模平,見合寒入
3417,斡,烏,括,影合寒入,影模平,見合寒入
3418,繓,子,括,精合寒入,精之上,見合寒入
3419,鏺,普,活,滂寒入,滂模上,匣合寒入
3420,侻,他,括,透合寒入,透開一歌平,見合寒入
3421,捋,郎,括,來合寒入,來開唐平,見合寒入
3422,掇,丁,括,端合寒入,端開青平,見合寒入
3423,撮,倉,括,清合寒入,清開唐平,見合寒入
3424,跋,蒲,撥,並寒入,並模平,幫寒入
3425,黠,胡,八,匣開山入,匣模平,幫山入
3426,札,側,八,莊開山入,莊開蒸入,幫山入
3427,拔,蒲,八,並山入,並模平,幫山入
3428,𤫶,恪,八,溪開山入,溪開唐入,幫山入
3429,滑,戶,八,匣合山入,匣模上,幫山入
3430,八,博,拔,幫山入,幫唐入,並山入
3431,窡,丁,滑,知合山入,端開青平,匣合山入
3432,婠,烏,八,影合山入,影模平,幫山入
3433,豽,女,滑,孃合山入,孃魚上,匣合山入
3434,䶪,初,八,初開山入,初魚平,幫山入
3435,劀,古,滑,見合山入,見模上,匣合山入
3436,戛,古,黠,見開山入,見模上,匣開山入
3437,軋,烏,黠,影開山入,影模平,匣開山入
3438,殺,所,八,生開山入,生魚上,幫山入
3439,㑻,莫,八,明山入,明唐入,幫山入
3440,傄,呼,八,曉合山入,曉模平,幫山入
3441,痆,女,黠,孃開山入,孃魚上,匣開山入
3442,𦤙,五,滑,疑合山入,疑模上,匣合山入
3443,䯇,口,滑,溪合山入,溪侯上,匣合山入
3444,汃,普,八,滂山入,滂模上,幫山入
3445,茁,鄒,滑,莊合山入,莊尤平,匣合山入
3446,鎋,胡,瞎,匣開刪入,匣模平,曉開刪入
3447,𪆰,乙,鎋,影開刪入,影開B眞入,匣開刪入
3448,齾,五,鎋,疑開刪入,疑模上,匣開刪入
3449,刹,初,鎋,初開刪入,初魚平,匣開刪入
3450,𥴭,枯,鎋,溪開刪入,溪模平,匣開刪入
3451,瞎,許,鎋,曉開刪入,曉魚上,匣開刪入
3452,獺,他,鎋,徹開刪入,透開一歌平,匣開刪入
3453,刮,古,䫄,見合刪入,見模上,徹合刪入
3454,頢,下,刮,匣合刪入,匣開二麻上/匣開二麻去,見合刪入
3455,䫄,丑,刮,徹合刪入,徹尤上,見合刪入
3456,鵽,丁,刮,知合刪入,端開青平,見合刪入
3457,刷,數,刮,生合刪入,生虞上/生虞去/生江入,見合刪入
3458,刖,五,刮,疑合刪入,疑模上,見合刪入
3459,䵵,初,刮,初合刪入,初魚平,見合刪入
3460,礣,莫,鎋,明刪入,明唐入,匣開刪入
3461,妠,女,刮,孃合刪入,孃魚上,見合刪入
3462,捌,百,鎋,幫刪入,幫二庚入,匣開刪入
3463,𪈟,古,鎋,見開刪入,見模上,匣開刪入
3464,𨰉,查,鎋,崇開刪入,崇開二麻平,匣開刪入
3465,哳,陟,鎋,知開刪入,知開蒸入,匣開刪入
3466,𩭿,而,轄,日開刪入,日之平,匣開刪入
3467,屑,先,結,心開先入,心開先平/心開先去,見開先入
3468,切,千,結,清開先入,清開先平,見開先入
3469,結,古,屑,見開先入,見模上,心開先入
3470,節,子,結,精開先入,精之上,見開先入
3471,血,呼,決,曉合先入,曉模平,見合先入
3472,闋,苦,穴,溪合先入,溪模上,匣合先入
3473,玦,古,穴,見合先入,見模上,匣合先入
3474,穴,胡,決,匣合先入,匣模平,見合先入
3475,抉,於,決,影合先入,影魚平,見合先入
3476,姪,徒,結,定開先入,定模平,見開先入
3477,鐵,他,結,透開先入,透開一歌平,見開先入
3478,纈,胡,結,匣開先入,匣模平,見開先入
3479,涅,奴,結,泥開先入,泥模平,見開先入
3480,截,昨,結,從開先入,從開唐入,見開先入
3481,齧,五,結,疑開先入,疑模上,見開先入
3482,蔑,莫,結,明先入,明唐入,見開先入
3483,㢼,方,結,幫先入,幫陽平,見開先入
3484,噎,烏,結,影開先入,影模平,見開先入
3485,猰,苦,結,溪開先入,溪模上,見開先入
3486,㚛,虎,結,曉開先入,曉模上,見開先入
3487,撆,普,蔑,滂先入,滂模上,明先入
3488,蹩,蒲,結,並先入,並模平,見開先入
3489,窒,丁,結,端開先入,端開青平,見開先入
3490,𥸸,練,結,來開先入,來開先去,見開先入
3491,薛,私,列,心開仙入,心開脂平,來開仙入
3492,列,良,辥,來開仙入,來開陽平,心開仙入
3493,哲,陟,列,知開仙入,知開蒸入,來開仙入
3494,傑,渠,列,羣開B仙入,羣魚平,來開仙入
3495,熱,如,列,日開仙入,日魚平,來開仙入
3496,晢,旨,熱,章開仙入,章開脂上,日開仙入
3497,舌,食,列,船開仙入,船開蒸入,來開仙入
3498,折,常,列,常開仙入,常開陽平,來開仙入
3499,孼,魚,列,疑開B仙入,疑魚平,來開仙入
3500,滅,亡,列,明A仙入,明陽平,來開仙入
3501,朅,丘,竭,溪開B仙入,溪尤平,羣開B仙入
3502,鷩,并,列,幫A仙入,幫A清平/幫A清去,來開仙入
3503,絕,情,雪,從合仙入,從開清平,心合仙入
3504,蕝,子,悅,精合仙入,精之上,以合仙入
3505,雪,相,絕,心合仙入,心開陽平/心開陽去,從合仙入
3506,𤿫,丑,悅,徹合仙入,徹尤上,以合仙入
3507,悅,弋,雪,以合仙入,以開蒸入,心合仙入
3508,缺,傾,雪,溪合A仙入,溪合A清平,心合仙入
3509,噦,乙,劣,影合B仙入,影開B眞入,來合仙入
3510,爇,如,劣,日合仙入,日魚平,來合仙入
3511,說,失,爇,書合仙入,書開眞入,日合仙入
3512,拙,職,悅,章合仙入,章開蒸入,以合仙入
3513,歠,昌,悅,昌合仙入,昌開陽平,以合仙入
3514,輟,陟,劣,知合仙入,知開蒸入,來合仙入
3515,劣,力,輟,來合仙入,來開蒸入,知合仙入
3516,瞥,芳,滅,滂A仙入,滂陽平,明A仙入
3517,別,皮,列,並B仙入,並B支平,來開仙入
3518,轍,直,列,澄開仙入,澄開蒸入,來開仙入
3519,䇷,方,別,幫B仙入,幫陽平,並B仙入
3520,㕞,所,劣,生合仙入,生魚上,來合仙入
3521,孑,居,列,見開A仙入,見魚平,來開仙入
3522,設,識,列,書開仙入,書開蒸入,來開仙入
3523,吶,女,劣,孃合仙入,孃魚上,來合仙入
3524,𥄎,許,劣,曉合A仙入,曉魚上,來合仙入
3525,妜,於,悅,影合A仙入,影魚平,以合仙入
3526,蹶,紀,劣,見合B仙入,見之上,來合仙入
3527,茁,側,劣,莊合仙入,莊開蒸入,來合仙入
3528,膬,七,絕,清合仙入,清開眞入,從合仙入
3529,𧕾,姊,列,精開仙入,精開脂上,來開仙入
3530,榝,山,列,生開仙入,生開山平,來開仙入
3531,焆,於,列,影開B仙入,影魚平,來開仙入
3532,屮,丑,列,徹開仙入,徹尤上,來開仙入
3533,娎,許,列,曉開B仙入,曉魚上,來開仙入
3534,啜,殊,雪,常合仙入,常虞平,心合仙入
3535,㔍,廁,別,初合仙入,初之去,並B仙入
3536,㿱,寺,絕,邪合仙入,邪之去,從合仙入
3537,掣,昌,列,昌開仙入,昌開陽平,來開仙入
3538,抴,羊,列,以開仙入,以開陽平,來開仙入
3539,𨵊,士,列,崇開仙入,崇之上,來開仙入
3540,藥,以,灼,以開陽入,以之上,章開陽入
3541,略,離,灼,來開陽入,來開支平,章開陽入
3542,腳,居,勺,見開陽入,見魚平,章開陽入
3543,灼,之,若,章開陽入,章之平,日開陽入
3544,爍,書,藥,書開陽入,書魚平,以開陽入
3545,若,而,灼,日開陽入,日之平,章開陽入
3546,綽,昌,約,昌開陽入,昌開陽平,影開陽入
3547,約,於,略,影開陽入,影魚平,來開陽入
3548,卻,去,約,溪開陽入,溪魚上/溪魚去,影開陽入
3549,虐,魚,約,疑開陽入,疑魚平,影開陽入
3550,妁,市,若,常開陽入,常之上,日開陽入
3551,㲋,丑,略,徹開陽入,徹尤上,來開陽入
3552,削,息,約,心開陽入,心開蒸入,影開陽入
3553,斮,側,略,莊開陽入,莊開蒸入,來開陽入
3554,爵,即,略,精開陽入,精開蒸入,來開陽入
3555,皭,在,爵,從開陽入,從咍上/從咍去,精開陽入
3556,鵲,七,雀,清開陽入,清開眞入,精開陽入
3557,噱,其,虐,羣開陽入,羣之平,疑開陽入
3558,嬳,憂,縛,影合陽入,影尤平,並陽入
3559,縛,符,钁,並陽入,並虞平,見合陽入
3560,䂄,許,縛,曉合陽入,曉魚上,並陽入
3561,籰,王,縛,云合陽入,云合陽平,並陽入
3562,玃,居,縛,見合陽入,見魚平,並陽入
3563,芍,張,略,知開陽入,知開陽平,來開陽入
3564,著,直,略,澄開陽入,澄開蒸入,來開陽入
3565,躩,丘,縛,溪合陽入,溪尤平,並陽入
3566,戄,具,籰,羣合陽入,羣虞去,云合陽入
3567,逽,女,略,孃開陽入,孃魚上,來開陽入
3568,𩅿,孚,縛,滂陽入,滂虞平,並陽入
3569,謔,虛,約,曉開陽入,曉魚平,影開陽入
3570,鐸,徒,落,定開唐入,定模平,來開唐入
3571,莫,慕,各,明唐入,明模去,見開唐入
3572,落,盧,各,來開唐入,來模平,見開唐入
3573,託,他,各,透開唐入,透開一歌平,見開唐入
3574,作,則,落,精開唐入,精開登入,來開唐入
3575,錯,倉,各,清開唐入,清開唐平,見開唐入
3576,各,古,落,見開唐入,見模上,來開唐入
3577,恪,苦,各,溪開唐入,溪模上,見開唐入
3578,咢,五,各,疑開唐入,疑模上,見開唐入
3579,𩔈,匹,各,滂唐入,滂A眞入,見開唐入
3580,惡,烏,各,影開唐入,影模平,見開唐入
3581,泊,傍,各,並唐入,並唐平/並唐去,見開唐入
3582,𦞦,呵,各,曉開唐入,曉開一歌去,見開唐入
3583,索,蘇,各,心開唐入,心模平,見開唐入
3584,涸,下,各,匣開唐入,匣開二麻上/匣開二麻去,見開唐入
3585,昨,在,各,從開唐入,從咍上/從咍去,見開唐入
3586,博,補,各,幫唐入,幫模上,見開唐入
3587,諾,奴,各,泥開唐入,泥模平,見開唐入
3588,霍,虛,郭,曉合唐入,曉魚平,見合唐入
3589,郭,古,博,見合唐入,見模上,幫唐入
3590,雘,烏,郭,影合唐入,影模平,見合唐入
3591,穫,胡,郭,匣合唐入,匣模平,見合唐入
3592,廓,苦,郭,溪合唐入,溪模上,見合唐入
3593,瓁,五,郭,疑合唐入,疑模上,見合唐入
3594,硦,盧,穫,來合唐入,來模平,匣合唐入
3595,㘀,祖,郭,精合唐入,精模上,見合唐入
3596,陌,莫,白,明二庚入,明唐入,並二庚入
3597,磔,陟,格,知開二庚入,知開蒸入,見開二庚入
3598,白,傍,陌,並二庚入,並唐平/並唐去,明二庚入
3599,伯,博,陌,幫二庚入,幫唐入,明二庚入
3600,劇,奇,逆,羣開三庚入,羣開B支平,疑開三庚入
3601,戟,几,劇,見開三庚入,見開B脂上,羣開三庚入
3602,𡩡,山,戟,生開三庚入,生開山平,見開三庚入
3603,柵,測,戟,初開三庚入,初開蒸入,見開三庚入
3604,嚄,胡,伯,匣合二庚入,匣模平,幫二庚入
3605,嘖,側,伯,莊開二庚入,莊開蒸入,幫二庚入
3606,齚,鋤,陌,崇開二庚入,崇魚平,明二庚入
3607,隙,綺,戟,溪開三庚入,溪開B支上,見開三庚入
3608,額,五,陌,疑開二庚入,疑模上,明二庚入
3609,逆,宜,戟,疑開三庚入,疑開B支平,見開三庚入
3610,客,苦,格,溪開二庚入,溪模上,見開二庚入
3611,啞,烏,格,影開二庚入,影模平,見開二庚入
3612,虩,許,郤,曉開三庚入,曉魚上,溪開三庚入
3613,坼,丑,格,徹開二庚入,徹尤上,見開二庚入
3614,䪝,乙,白,影合二庚入,影開B眞入,並二庚入
3615,拍,普,伯,滂二庚入,滂模上,幫二庚入
3616,赫,呼,格,曉開二庚入,曉模平,見開二庚入
3617,垎,胡,格,匣開二庚入,匣模平,見開二庚入
3618,格,古,伯,見開二庚入,見模上,幫二庚入
3619,謋,虎,伯,曉合二庚入,曉模上,幫二庚入
3620,宅,場,伯,澄開二庚入,澄開陽平,幫二庚入
3621,虢,古,伯,見合二庚入,見模上,幫二庚入
3622,擭,一,虢,影合二庚入,影開A眞入,見合二庚入
3623,蹃,女,白,孃開二庚入,孃魚上,並二庚入
3624,𧍕,丘,擭,溪合二庚入,溪尤平,影合二庚入
3625,欂,弼,戟,並三庚入,並B眞入,見開三庚入
3626,麥,莫,獲,明耕入,明唐入,匣合耕入
3627,獲,胡,麥,匣合耕入,匣模平,明耕入
3628,蟈,古,獲,見合耕入,見模上,匣合耕入
3629,檗,博,厄,幫耕入,幫唐入,影開耕入
3630,䌟,蒲,革,並耕入,並模平,見開耕入
3631,賾,士,革,崇開耕入,崇之上,見開耕入
3632,責,側,革,莊開耕入,莊開蒸入,見開耕入
3633,䞰,查,獲,崇合耕入,崇開二麻平,匣合耕入
3634,策,楚,革,初開耕入,初魚上,見開耕入
3635,礊,楷,革,溪開耕入,溪開皆上,見開耕入
3636,剨,呼,麥,曉合耕入,曉模平,明耕入
3637,覈,下,革,匣開耕入,匣開二麻上/匣開二麻去,見開耕入
3638,隔,古,核,見開耕入,見模上,匣開耕入
3639,摘,陟,革,知開耕入,知開蒸入,見開耕入
3640,戹,於,革,影開耕入,影魚平,見開耕入
3641,栜,山,責,生開耕入,生開山平,莊開耕入
3642,𢶉,普,麥,滂耕入,滂模上,明耕入
3643,虉,五,革,疑開耕入,疑模上,見開耕入
3644,礐,力,摘,來開耕入,來開蒸入,知開耕入
3645,㩇,簪,摑,莊合耕入,莊侵平,見合耕入
3646,𢷾,砂,獲,生合耕入,生開二麻平,匣合耕入
3647,𧾛,求,獲,羣合耕入,羣尤平,匣合耕入
3648,疒,尼,戹,孃開耕入,孃開脂平,影開耕入
3649,昔,思,積,心開清入,心之平/心之去,精開清入
3650,積,資,昔,精開清入,精開脂平,心開清入
3651,益,伊,昔,影開A清入,影開A脂平,心開清入
3652,繹,羊,益,以開清入,以開陽平,影開A清入
3653,釋,施,隻,書開清入,書開支平,章開清入
3654,尺,昌,石,昌開清入,昌開陽平,常開清入
3655,石,常,隻,常開清入,常開陽平,章開清入
3656,隻,之,石,章開清入,章之平,常開清入
3657,擲,直,炙,澄開清入,澄開蒸入,章開清入
3658,皵,七,迹,清開清入,清開眞入,精開清入
3659,席,祥,易,邪開清入,邪開陽平,以開清入
3660,籍,秦,昔,從開清入,從開眞平,心開清入
3661,擗,房,益,並A清入,並陽平,影開A清入
3662,役,營,隻,以合清入,以合清平,章開清入
3663,瞁,許,役,曉合A清入,曉魚上,以合清入
3664,辟,必,益,幫A清入,幫A眞入,影開A清入
3665,僻,芳,辟,滂A清入,滂陽平,幫A清入
3666,麝,食,亦,船開清入,船開蒸入,以開清入
3667,碧,彼,役,幫B清入,幫B支上,以合清入
3668,𪐏,竹,益,知開清入,知三東入,影開A清入
3669,彳,丑,亦,徹開清入,徹尤上,以開清入
3670,𦳮,之,役,章合清入,章之平,以合清入
3671,𥄎,七,役,清合清入,清開眞入,以合清入
3672,錫,先,擊,心開青入,心開先平/心開先去,見開青入
3673,激,古,歷,見開青入,見模上,來開青入
3674,霹,普,擊,滂青入,滂模上,見開青入
3675,靂,郎,擊,來開青入,來開唐平,見開青入
3676,的,都,歷,端開青入,端模平,來開青入
3677,檄,胡,狄,匣開青入,匣模平,定開青入
3678,鷁,五,歷,疑開青入,疑模上,來開青入
3679,荻,徒,歷,定開青入,定模平,來開青入
3680,逖,他,歷,透開青入,透開一歌平,來開青入
3681,績,則,歷,精開青入,精開登入,來開青入
3682,燩,苦,擊,溪開青入,溪模上,見開青入
3683,惄,奴,歷,泥開青入,泥模平,來開青入
3684,寂,前,歷,從開青入,從開先平,來開青入
3685,覓,莫,狄,明青入,明唐入,定開青入
3686,甓,扶,歷,並青入,並虞平,來開青入
3687,壁,北,激,幫青入,幫登入,見開青入
3688,闃,苦,鶪,溪合青入,溪模上,見合青入
3689,郹,古,闃,見合青入,見模上,溪合青入
3690,戚,倉,歷,清開青入,清開唐平,來開青入
3691,赥,許,激,曉開青入,曉魚上,見開青入
3692,𥍟,呼,狊,曉合青入,曉模平,見合青入
3693,𣤩,丑,歷,透開青入,徹尤上,來開青入
3694,職,之,翼,章開蒸入,章之平,以開蒸入
3695,直,除,力,澄開蒸入,澄魚平,來開蒸入
3696,力,林,直,來開蒸入,來侵平,澄開蒸入
3697,敕,恥,力,徹開蒸入,徹之上,來開蒸入
3698,陟,竹,力,知開蒸入,知三東入,來開蒸入
3699,食,乘,力,船開蒸入,船開蒸平/船開蒸去,來開蒸入
3700,息,相,即,心開蒸入,心開陽平/心開陽去,精開蒸入
3701,寔,常,職,常開蒸入,常開陽平,章開蒸入
3702,識,賞,職,書開蒸入,書開陽上,章開蒸入
3703,赩,許,極,曉開蒸入,曉魚上,羣開蒸入
3704,崱,士,力,崇開蒸入,崇之上,來開蒸入
3705,極,渠,力,羣開蒸入,羣魚平,來開蒸入
3706,匿,女,力,孃開蒸入,孃魚上,來開蒸入
3707,測,初,力,初開蒸入,初魚平,來開蒸入
3708,憶,於,力,影開蒸入,影魚平,來開蒸入
3709,色,所,力,生開蒸入,生魚上,來開蒸入
3710,䩯,丘,力,溪開蒸入,溪尤平,來開蒸入
3711,殛,紀,力,見開蒸入,見之上,來開蒸入
3712,弋,與,職,以開蒸入,以魚上/以魚去,章開蒸入
3713,即,子,力,精開蒸入,精之上,來開蒸入
3714,逼,彼,側,幫蒸入,幫B支上,莊開蒸入
3715,域,雨,逼,云合蒸入,云虞上,幫蒸入
3716,洫,況,逼,曉合蒸入,曉合陽去,幫蒸入
3717,堛,芳,逼,滂蒸入,滂陽平,幫蒸入
3718,稄,阻,力,莊開蒸入,莊魚上,來開蒸入
3719,愎,符,逼,並蒸入,並虞平,幫蒸入
3720,嶷,魚,力,疑開蒸入,疑魚平,來開蒸入
3721,堲,秦,力,從開蒸入,從開眞平,來開蒸入
3722,𡮞,丁,力,知開蒸入,端開青平,來開蒸入
3723,䁇,亡,逼,明蒸入,明陽平,幫蒸入
3724,瀷,昌,力,昌開蒸入,昌開陽平,來開蒸入
3725,德,多,則,端開登入,端開一歌平,精開登入
3726,則,子,德,精開登入,精之上,端開登入
3727,勒,盧,則,來開登入,來模平,精開登入
3728,忒,他,德,透開登入,透開一歌平,端開登入
3729,刻,苦,得,溪開登入,溪模上,端開登入
3730,特,徒,得,定開登入,定模平,端開登入
3731,黑,呼,北,曉開登入,曉模平,幫登入
3732,墨,莫,北,明登入,明唐入,幫登入
3733,賊,昨,則,從開登入,從開唐入,精開登入
3734,塞,蘇,則,心開登入,心模平,精開登入
3735,北,博,墨,幫登入,幫唐入,明登入
3736,菔,蒲,北,並登入,並模平,幫登入
3737,或,胡,國,匣合登入,匣模平,見合登入
3738,國,古,或,見合登入,見模上,匣合登入
3739,餩,愛,黑,影開登入,影咍去,曉開登入
3740,劾,胡,得,匣開登入,匣模平,端開登入
3741,䘅,奴,勒,泥開登入,泥模平,來開登入
3742,裓,古,得,見開登入,見模上,端開登入
3743,墄,七,則,清開登入,清開眞入,精開登入
3744,覆,匹,北,滂登入,滂A眞入,幫登入
3745,𢃤,呼,或,曉合登入,曉模平,匣合登入
3746,緝,七,入,清侵入,清開眞入,日侵入
3747,十,是,執,常侵入,常開支上,章侵入
3748,執,之,入,章侵入,章之平,日侵入
3749,習,似,入,邪侵入,邪之上,日侵入
3750,集,秦,入,從侵入,從開眞平,日侵入
3751,入,人,執,日侵入,日開眞平,章侵入
3752,揖,伊,入,影A侵入,影開A脂平,日侵入
3753,溼,失,入,書侵入,書開眞入,日侵入
3754,㗱,子,入,精侵入,精之上,日侵入
3755,及,其,立,羣B侵入,羣之平,來侵入
3756,蟄,直,立,澄侵入,澄開蒸入,來侵入
3757,縶,陟,立,知侵入,知開蒸入,來侵入
3758,立,力,入,來侵入,來開蒸入,日侵入
3759,急,居,立,見B侵入,見魚平,來侵入
3760,岌,魚,及,疑B侵入,疑魚平,羣B侵入
3761,泣,去,急,溪B侵入,溪魚上/溪魚去,見B侵入
3762,𩎕,先,立,心侵入,心開先平/心開先去,來侵入
3763,歰,色,立,生侵入,生開蒸入,來侵入
3764,吸,許,及,曉B侵入,曉魚上,羣B侵入
3765,戢,阻,立,莊侵入,莊魚上,來侵入
3766,邑,於,汲,影B侵入,影魚平,見B侵入
3767,湁,丑,入,徹侵入,徹尤上,日侵入
3768,煜,爲,立,云侵入,云合支平/云合支去,來侵入
3769,熠,羊,入,以侵入,以開陽平,日侵入
3770,孨,尼,立,孃侵入,孃開脂平,來侵入
3771,霵,仕,戢,崇侵入,崇之上,莊侵入
3772,𪀐,皮,及,並B侵入,並B支平,羣B侵入
3773,鵖,彼,及,幫B侵入,幫B支上,羣B侵入
3774,㞚,初,戢,初侵入,初魚平,莊侵入
3775,卙,昌,汁,昌侵入,昌開陽平,章侵入
3776,合,侯,閤,匣覃入,匣侯平,見覃入
3777,閤,古,沓,見覃入,見模上,定覃入
3778,答,都,合,端覃入,端模平,匣覃入
3779,趿,蘇,合,心覃入,心模平,匣覃入
3780,沓,徒,合,定覃入,定模平,匣覃入
3781,錔,他,合,透覃入,透開一歌平,匣覃入
3782,雜,徂,合,從覃入,從模平,匣覃入
3783,帀,子,荅,精覃入,精之上,端覃入
3784,拉,盧,合,來覃入,來模平,匣覃入
3785,納,奴,荅,泥覃入,泥模平,端覃入
3786,溘,口,荅,溪覃入,溪侯上,端覃入
3787,姶,烏,合,影覃入,影模平,匣覃入
3788,欱,呼,合,曉覃入,曉模平,匣覃入
3789,𣊡,五,合,疑覃入,疑模上,匣覃入
3790,䟃,七,合,清覃入,清開眞入,匣覃入
3791,遪,七,合,清覃入,清開眞入,匣覃入
3792,唈,烏,荅,影覃入,影模平,端覃入
3793,盍,胡,臘,匣談入,匣模平,來談入
3794,臘,盧,盍,來談入,來模平,匣談入
3795,㿴,都,榼,端談入,端模平,溪談入
3796,榻,吐,盍,透談入,透模上/透模去,匣談入
3797,𣣹,呼,盍,曉談入,曉模平,匣談入
3798,魶,奴,盍,泥談入,泥模平,匣談入
3799,蹋,徒,盍,定談入,定模平,匣談入
3800,𠎷,私,盍,心談入,心開脂平,匣談入
3801,儑,五,盍,疑談入,疑模上,匣談入
3802,䪞,才,盍,從談入,從咍平,匣談入
3803,䫦,古,盍,見談入,見模上,匣談入
3804,榼,苦,盍,溪談入,溪模上,匣談入
3805,鰪,安,盍,影談入,影開寒平,匣談入
3806,囃,倉,雜,清談入,清開唐平,從覃入
3807,砝,居,盍,見談入,見魚平,匣談入
3808,譫,章,盍,章談入,章開陽平,匣談入
3809,葉,與,涉,以鹽入,以魚上/以魚去,常鹽入
3810,接,即,葉,精鹽入,精開蒸入,以鹽入
3811,攝,書,涉,書鹽入,書魚平,常鹽入
3812,涉,時,攝,常鹽入,常之平,書鹽入
3813,獵,良,涉,來鹽入,來開陽平,常鹽入
3814,捷,疾,葉,從鹽入,從開眞入,以鹽入
3815,䐑,直,葉,澄鹽入,澄開蒸入,以鹽入
3816,㪑,於,輒,影B鹽入,影魚平,知鹽入
3817,聶,尼,輒,孃鹽入,孃開脂平,知鹽入
3818,謵,叱,涉,昌鹽入,昌開眞入,常鹽入
3819,讘,而,涉,日鹽入,日之平,常鹽入
3820,讋,之,涉,章鹽入,章之平,常鹽入
3821,妾,七,接,清鹽入,清開眞入,精鹽入
3822,鍤,丑,輒,徹鹽入,徹尤上,知鹽入
3823,衱,其,輒,羣B鹽入,羣之平,知鹽入
3824,輒,陟,葉,知鹽入,知開蒸入,以鹽入
3825,曄,筠,輒,云鹽入,云合眞平,知鹽入
3826,𤷾,去,涉,溪A鹽入,溪魚上/溪魚去,常鹽入
3827,萐,山,輒,生鹽入,生開山平,知鹽入
3828,𦀖,居,輒,見B鹽入,見魚平,知鹽入
3829,魘,於,葉,影A鹽入,影魚平,以鹽入
3830,怗,他,協,透添入,透開一歌平,匣添入
3831,協,胡,頰,匣添入,匣模平,見添入
3832,頰,古,協,見添入,見模上,匣添入
3833,愜,苦,協,溪添入,溪模上,匣添入
3834,牒,徒,協,定添入,定模平,匣添入
3835,苶,奴,協,泥添入,泥模平,匣添入
3836,燮,蘇,協,心添入,心模平,匣添入
3837,㼲,盧,協,來添入,來模平,匣添入
3838,聑,丁,愜,端添入,端開青平,溪添入
3839,䕹,在,協,從添入,從咍上/從咍去,匣添入
3840,浹,子,協,精添入,精之上,匣添入
3841,弽,呼,牒,曉添入,曉模平,定添入
3842,䢡,先,頰,心添入,心開先平/心開先去,見添入
3843,洽,侯,夾,匣咸入,匣侯平,見咸入
3844,恰,苦,洽,溪咸入,溪模上,匣咸入
3845,箑,士,洽,崇咸入,崇之上,匣咸入
3846,夾,古,洽,見咸入,見模上,匣咸入
3847,眨,側,洽,莊咸入,莊開蒸入,匣咸入
3848,插,楚,洽,初咸入,初魚上,匣咸入
3849,㘝,女,洽,孃咸入,孃魚上,匣咸入
3850,䶎,呼,洽,曉咸入,曉模平,匣咸入
3851,霎,山,洽,生咸入,生開山平,匣咸入
3852,劄,竹,洽,知咸入,知三東入,匣咸入
3853,𨂁,烏,洽,影咸入,影模平,匣咸入
3854,䀴,五,夾,疑咸入,疑模上,見咸入
3855,𥃐,丑,㘝,徹咸入,徹尤上,孃咸入
3856,狎,胡,甲,匣銜入,匣模平,見銜入
3857,𠗨,丈,甲,澄銜入,澄開陽上,見銜入
3858,鴨,烏,甲,影銜入,影模平,見銜入
3859,甲,古,狎,見銜入,見模上,匣銜入
3860,翣,所,甲,生銜入,生魚上,見銜入
3861,呷,呼,甲,曉銜入,曉模平,見銜入
3862,業,魚,怯,疑嚴入,疑魚平,溪嚴入
3863,脅,虛,業,曉嚴入,曉魚平,疑嚴入
3864,怯,去,劫,溪嚴入,溪魚上/溪魚去,見嚴入
3865,劫,居,怯,見嚴入,見魚平,溪嚴入
3866,腌,於,業,影嚴入,影魚平,疑嚴入
3867,殜,余,業,以嚴入,以魚平,疑嚴入
3868,跲,巨,業,羣嚴入,羣魚上,疑嚴入
3869,乏,房,法,並凡入,並陽平,幫凡入
3870,法,方,乏,幫凡入,幫陽平,並凡入
3871,𥎰,孚,法,滂凡入,滂虞平,幫凡入
3872,猲,起,法,溪嚴入,溪之上,幫凡入
3873,䎎,女,法,孃嚴入,孃魚上,幫凡入
3874,𦑣,丑,法,徹嚴入,徹尤上,幫凡入
